event_name,research_prompt,image_prompt,image_generated,saved_filename
hammurabi-alehouse-laws,"Search the web for reference artworks and historical records of ""Hammurabi's Alehouse Laws"" (1750 BCE). Study the Babylonian dress, clay vessels, alehouses, and marketplace objects of the period of this period.","A dramatic chiaroscuro oil painting. 1:1 square composition optimized for small screen viewing. One dominant focal subject filling most of the frame. Strong silhouettes, high contrast. Hammurabi's Alehouse Laws — Babylonian statutes fixed what alehouse keepers could charge for beer and set penalties for short measures. A tavern keeper's hand tipping a clay measuring jar against a lamp, a scribe's stylus poised nearby. No text, no dates, no numbers, no labels, no borders, no watermarks.",,
mesopotamian-glaze-cipher,"Search the web for reference artworks and historical records of ""Enciphered Glaze Recipe"" (1500 BCE). Study the the tools, kilns, pigments and material culture of ancient Mesopotamian craftsmen of this period.","A dramatic chiaroscuro oil painting. 1:1 square composition optimized for small screen viewing. One dominant focal subject filling most of the frame. Strong silhouettes, high contrast. Enciphered Glaze Recipe — A Mesopotamian scribe disguised the cuneiform spellings in a pottery glaze formula, the earliest known cipher. A potter's hands grinding minerals beside a glowing kiln, a clay tablet held close to the chest. No text, no dates, no numbers, no labels, no borders, no watermarks.",,
nine-mens-morris-game,"Search the web for reference artworks and historical records of ""Nine Men's Morris Boards Cut"" (1400 BCE). Study the the architecture, tools, and dress of ancient Egyptian temple workers of this period.","A dramatic chiaroscuro oil painting. 1:1 square composition optimized for small screen viewing. One dominant focal subject filling most of the frame. Strong silhouettes, high contrast. Nine Men's Morris Boards Cut — Players scratched Nine Men's Morris grids into temple stone in Egypt, moving pieces to form rows of three. Temple columns rise overhead as a kneeling figure scratches a grid into the flagstone below, stone chips scattering. No text, no dates, no numbers, no labels, no borders, no watermarks.",,
sphinx-cleared-from-sand,"Search the web for reference artworks and historical records of ""Sphinx Freed From the Sand"" (1400 BCE). Study the the dress, tools and colossal stone monuments of ancient Egypt of this period.","A dramatic chiaroscuro oil painting. 1:1 square composition optimized for small screen viewing. One dominant focal subject filling most of the frame. Strong silhouettes, high contrast. Sphinx Freed From the Sand — A young Egyptian prince dug the Great Sphinx of Giza out of the drifted desert sand and recorded the deed on a stele. A young robed figure kneels beside a colossal stone head, brushing drifted sand from an outstretched carved paw. No text, no dates, no numbers, no labels, no borders, no watermarks.",,
cowrie-shell-money-china,"Search the web for reference artworks and historical records of ""Cowrie Shells Become Money"" (1200 BCE). Study the Shang dynasty dress, cowrie shells, and early Chinese marketplace objects of this period.","A dramatic chiaroscuro oil painting. 1:1 square composition optimized for small screen viewing. One dominant focal subject filling most of the frame. Strong silhouettes, high contrast. Cowrie Shells Become Money — Shang dynasty China used cowrie shells as a standard medium of exchange, among the earliest currencies known. A merchant's hands threading small cowrie shells onto a cord, baskets of goods stacked at a market stall. No text, no dates, no numbers, no labels, no borders, no watermarks.",,
turin-papyrus-map,"Search the web for reference artworks and historical records of ""Turin Papyrus Mine Map"" (1150 BCE). Study the quarrying tools, papyrus scribal equipment, and desert terrain of ancient Egypt of this period.","A dramatic chiaroscuro oil painting. 1:1 square composition optimized for small screen viewing. One dominant focal subject filling most of the frame. Strong silhouettes, high contrast. Turin Papyrus Mine Map — Egyptian scribes drew the quarry roads and rock types of Wadi Hammamat, the oldest surviving geological map. A kneeling scribe presses reed pen to papyrus sheet, quarry cliffs and cart tracks stretching behind him. No text, no dates, no numbers, no labels, no borders, no watermarks.",,
aegean-sponge-divers,"Search the web for reference artworks and historical records of ""Aegean Sponge Divers"" (1000 BCE). Study the the dress, tools, boats and coastal landscape of early Aegean islanders of this period.","A dramatic chiaroscuro oil painting. 1:1 square composition optimized for small screen viewing. One dominant focal subject filling most of the frame. Strong silhouettes, high contrast. Aegean Sponge Divers — Greek islanders dived on a single breath, weighted by a flat stone, to cut sponges free of the seabed. A bare-chested diver clutching a flat stone plunges from a small boat, a knife at his waist, sponges below. No text, no dates, no numbers, no labels, no borders, no watermarks.",,
mancala-sowing-game,"Search the web for reference artworks and historical records of ""Mancala Sowing Boards Appear"" (1000 BCE). Study the the tools, dress, and stone architecture of early African and Near Eastern communities of this period.","A dramatic chiaroscuro oil painting. 1:1 square composition optimized for small screen viewing. One dominant focal subject filling most of the frame. Strong silhouettes, high contrast. Mancala Sowing Boards Appear — Rows of shallow pits cut into stone across Africa and the Near East mark the sowing game family called mancala. A weathered hand cups small seeds above a row of pits carved into rock, mid-drop. No text, no dates, no numbers, no labels, no borders, no watermarks.",,
yan-shi-mechanical-man,"Search the web for reference artworks and historical records of ""Yan Shi's Mechanical Man"" (950 BCE). Study the the court dress, wooden craftsmanship, and ceremonial settings of Zhou-dynasty China of this period.","A dramatic chiaroscuro oil painting. 1:1 square composition optimized for small screen viewing. One dominant focal subject filling most of the frame. Strong silhouettes, high contrast. Yan Shi's Mechanical Man — Chinese texts credit the artificer Yan Shi with presenting King Mu of Zhou a life-size singing automaton. A court attendant unveiling a life-size wooden figure before a seated ruler, its jointed limbs exposed. No text, no dates, no numbers, no labels, no borders, no watermarks.",,
babylonian-hour-division,"Search the web for reference artworks and historical records of ""Sexagesimal Hour Division"" (700 BCE). Study the Babylonian astronomer-priests' dress, instruments and observatories of this period.","A dramatic chiaroscuro oil painting. 1:1 square composition optimized for small screen viewing. One dominant focal subject filling most of the frame. Strong silhouettes, high contrast. Sexagesimal Hour Division — Babylonian astronomers applied their base-sixty numbering to time, splitting the hour into sixty minutes and each minute again. A robed astronomer's hand tracing a shadow's edge across a stone sundial marked with fine notches. No text, no dates, no numbers, no labels, no borders, no watermarks.",,
gulf-pearl-diving,"Search the web for reference artworks and historical records of ""Persian Gulf Pearl Diving"" (700 BCE). Study the Gulf pearling dress, boats, tools and coastal marketplaces of the ancient world of this period.","A dramatic chiaroscuro oil painting. 1:1 square composition optimized for small screen viewing. One dominant focal subject filling most of the frame. Strong silhouettes, high contrast. Persian Gulf Pearl Diving — Divers worked the oyster beds off Bahrain on held breath, feeding a pearl trade that reached Assyria and India. A diver with a nose clip and rope-tethered basket drops from a wooden boat toward oyster beds. No text, no dates, no numbers, no labels, no borders, no watermarks.",,
hezekiah-tunnel-jerusalem,"Search the web for reference artworks and historical records of ""Hezekiah's Tunnel Completed"" (700 BCE). Study the the tools, dress and rock-cutting methods of Iron Age Judean laborers of this period.","A dramatic chiaroscuro oil painting. 1:1 square composition optimized for small screen viewing. One dominant focal subject filling most of the frame. Strong silhouettes, high contrast. Hezekiah's Tunnel Completed — Judean workers cut a winding water tunnel through bedrock beneath Jerusalem, digging from both ends until they met. Inside a narrow rock-cut passage, chisel-wielding figures from both ends reach toward each other through a thinning wall of stone. No text, no dates, no numbers, no labels, no borders, no watermarks.",,
terracotta-oil-lamp,"Search the web for reference artworks and historical records of ""Terracotta Oil Lamps Spread"" (700 BCE). Study the pottery, oil lamps and everyday household objects of the ancient Mediterranean of this period.","A dramatic chiaroscuro oil painting. 1:1 square composition optimized for small screen viewing. One dominant focal subject filling most of the frame. Strong silhouettes, high contrast. Terracotta Oil Lamps Spread — Cheap wheel-thrown clay lamps burning olive oil became the common household light around the Mediterranean. A hand cups a shallow clay lamp, thumb steadying its wick, oil pooling in the bowl beneath a low ceiling. No text, no dates, no numbers, no labels, no borders, no watermarks.",,
sennacherib-assassinated,"Search the web for reference artworks and historical records of ""Sennacherib Assassinated"" (681 BCE). Study the Assyrian royal dress, temple architecture and palace reliefs of this period.","A dramatic chiaroscuro oil painting. 1:1 square composition optimized for small screen viewing. One dominant focal subject filling most of the frame. Strong silhouettes, high contrast. Sennacherib Assassinated — The Assyrian king who besieged Jerusalem was killed by his own sons in a dispute over the succession. An overturned processional throne inside a temple doorway, a ceremonial robe abandoned across the threshold. No text, no dates, no numbers, no labels, no borders, no watermarks.",,
temple-scroll-found-josiah,"Search the web for reference artworks and historical records of ""Lost Law Scroll Found"" (622 BCE). Study the Iron Age Judean temple architecture, priestly dress, and scribal materials of this period.","A dramatic chiaroscuro oil painting. 1:1 square composition optimized for small screen viewing. One dominant focal subject filling most of the frame. Strong silhouettes, high contrast. Lost Law Scroll Found — Workmen repairing the Temple in Jerusalem turned up a forgotten scroll of law, and King Josiah tore his robes and reformed the kingdom. A robe torn open at the chest, a workman lifting a dust-covered scroll into the light of a doorway. No text, no dates, no numbers, no labels, no borders, no watermarks.",,
atbash-cipher-scribes,"Search the web for reference artworks and historical records of ""Atbash Cipher Hides Names"" (600 BCE). Study the the dress, scrolls, writing tools and settings of ancient Hebrew scribes of this period.","A dramatic chiaroscuro oil painting. 1:1 square composition optimized for small screen viewing. One dominant focal subject filling most of the frame. Strong silhouettes, high contrast. Atbash Cipher Hides Names — Hebrew scribes swapped each letter for its opposite in the alphabet, veiling Babylon's name inside prophecy. A scribe's hand poised with a stylus over a rolled parchment, an oil lamp burning low in a stone chamber. No text, no dates, no numbers, no labels, no borders, no watermarks.",,
babylonian-world-map,"Search the web for reference artworks and historical records of ""Babylonian Map of the World"" (600 BCE). Study the Mesopotamian scribal tools, clay tablets and stylus work of this period.","A dramatic chiaroscuro oil painting. 1:1 square composition optimized for small screen viewing. One dominant focal subject filling most of the frame. Strong silhouettes, high contrast. Babylonian Map of the World — A clay tablet showed Babylon at the centre of a disc-shaped earth ringed by a bitter river and distant islands. A stylus incising wet clay, concentric rings pressed into the surface under a scribe's steady hand. No text, no dates, no numbers, no labels, no borders, no watermarks.",,
greek-symposium-wine,"Search the web for reference artworks and historical records of ""Wine at the Greek Symposium"" (600 BCE). Study the Greek symposium dress, kraters, cups, and reclining postures of the period of this period.","A dramatic chiaroscuro oil painting. 1:1 square composition optimized for small screen viewing. One dominant focal subject filling most of the frame. Strong silhouettes, high contrast. Wine at the Greek Symposium — Greek men drank wine mixed with water from a shared krater, pairing poetry and music with measured drinking. A hand ladling wine from a wide krater into a shallow cup, reclining figures in shadow beyond. No text, no dates, no numbers, no labels, no borders, no watermarks.",,
anaximander-earth-in-space,"Search the web for reference artworks and historical records of ""Anaximander's Floating Earth"" (560 BCE). Study the the dress, philosophical schools and coastal architecture of archaic Miletus of this period.","A dramatic chiaroscuro oil painting. 1:1 square composition optimized for small screen viewing. One dominant focal subject filling most of the frame. Strong silhouettes, high contrast. Anaximander's Floating Earth — The Milesian philosopher argued Earth hangs unsupported in space, resting on nothing at all. A robed philosopher on a sea cliff at night releases a stone into open air, watching it fall away into darkness. No text, no dates, no numbers, no labels, no borders, no watermarks.",,
nabonidus-excavates-ur,"Search the web for reference artworks and historical records of ""Nabonidus Excavates Ur"" (550 BCE). Study the Mesopotamian temple ruins, royal dress, and the tools of early antiquarians of this period.","A dramatic chiaroscuro oil painting. 1:1 square composition optimized for small screen viewing. One dominant focal subject filling most of the frame. Strong silhouettes, high contrast. Nabonidus Excavates Ur — The last king of Babylon dug beneath a ruined temple to recover its founder's buried inscription, an early act of archaeology. An aged king kneels at a torch-lit trench, lifting a fragment of an ancient foundation deposit from the earth. No text, no dates, no numbers, no labels, no borders, no watermarks.",,
histiaeus-tattooed-message,"Search the web for reference artworks and historical records of ""Message Tattooed On A Scalp"" (499 BCE). Study the the dress, tools and settings of ancient Persian-era couriers and scribes of this period.","A dramatic chiaroscuro oil painting. 1:1 square composition optimized for small screen viewing. One dominant focal subject filling most of the frame. Strong silhouettes, high contrast. Message Tattooed On A Scalp — Histiaeus tattooed a call to revolt on a slave's shaved head and let the hair regrow, hiding it from Persian eyes. A kneeling figure's shaved scalp turned toward a hand pressing a tattooing needle, a courier's cloak draped nearby. No text, no dates, no numbers, no labels, no borders, no watermarks.",,
scyllis-combat-diver,"Search the web for reference artworks and historical records of ""Scyllis the Combat Diver"" (480 BCE). Study the Greek and Persian naval dress, oared warships, and rigging of the classical Aegean of this period.","A dramatic chiaroscuro oil painting. 1:1 square composition optimized for small screen viewing. One dominant focal subject filling most of the frame. Strong silhouettes, high contrast. Scyllis the Combat Diver — Herodotus recorded a Greek diver slipping among the Persian fleet at Artemisium to cut its ships adrift in a gale. A submerged figure sawing at a mooring line beneath looming warship hulls in a storm-tossed strait. No text, no dates, no numbers, no labels, no borders, no watermarks.",,
xerxes-hellespont-bridge,"Search the web for reference artworks and historical records of ""Xerxes Bridges the Hellespont"" (480 BCE). Study the Persian and Greek ships, rigging, and armor of the classical era of this period.","A dramatic chiaroscuro oil painting. 1:1 square composition optimized for small screen viewing. One dominant focal subject filling most of the frame. Strong silhouettes, high contrast. Xerxes Bridges the Hellespont — Persian engineers lashed hundreds of ships into twin pontoon bridges so an invading army could march into Europe. Rows of ship hulls lashed side by side stretching toward a distant shore, ropes and planking underfoot. No text, no dates, no numbers, no labels, no borders, no watermarks.",,
sparta-earthquake,"Search the web for reference artworks and historical records of ""Sparta Earthquake"" (464 BCE). Study the the architecture, dress and daily objects of a Greek city-state of this period.","A dramatic chiaroscuro oil painting. 1:1 square composition optimized for small screen viewing. One dominant focal subject filling most of the frame. Strong silhouettes, high contrast. Sparta Earthquake — A violent quake levelled Sparta and killed thousands, touching off a helot revolt that nearly broke the city-state. A toppled stone column across a cracked street, a helmeted figure braced against a leaning wall. No text, no dates, no numbers, no labels, no borders, no watermarks.",,
irrational-numbers-discovered,"Search the web for reference artworks and historical records of ""Irrational Numbers Discovered"" (450 BCE). Study the Greek geometric tools, sandals, robes, and study spaces of this period.","A dramatic chiaroscuro oil painting. 1:1 square composition optimized for small screen viewing. One dominant focal subject filling most of the frame. Strong silhouettes, high contrast. Irrational Numbers Discovered — Pythagoreans found that the square root of two cannot be written as a ratio of two whole numbers. A robed figure tracing a diagonal line across a square scratched into sand, companions recoiling near the doorway. No text, no dates, no numbers, no labels, no borders, no watermarks.",,
metonic-cycle,"Search the web for reference artworks and historical records of ""Metonic Cycle Discovered"" (432 BCE). Study the Athenian astronomical instruments, dress, and architecture of this period.","A dramatic chiaroscuro oil painting. 1:1 square composition optimized for small screen viewing. One dominant focal subject filling most of the frame. Strong silhouettes, high contrast. Metonic Cycle Discovered — Athenian astronomer Meton showed that nineteen solar years almost exactly equal two hundred and thirty-five lunar months. A bearded astronomer on a rooftop terrace aligning a bronze sighting instrument toward the rising moon. No text, no dates, no numbers, no labels, no borders, no watermarks.",,
syracuse-underwater-palisade,"Search the web for reference artworks and historical records of ""Divers Cut Syracuse's Stakes"" (414 BCE). Study the the harbour defences, ships and equipment of the Sicilian expedition of this period.","A dramatic chiaroscuro oil painting. 1:1 square composition optimized for small screen viewing. One dominant focal subject filling most of the frame. Strong silhouettes, high contrast. Divers Cut Syracuse's Stakes — Athenian divers sawed through the piles Syracuse had sunk across its harbour mouth to trap the besieging fleet. A diver's hand sawing through a submerged wooden stake, hull timbers and anchor chains looming above. No text, no dates, no numbers, no labels, no borders, no watermarks.",,
spartan-scytale-cipher,"Search the web for reference artworks and historical records of ""The Spartan Scytale"" (404 BCE). Study the the armor, dress and military equipment of classical Sparta of this period.","A dramatic chiaroscuro oil painting. 1:1 square composition optimized for small screen viewing. One dominant focal subject filling most of the frame. Strong silhouettes, high contrast. The Spartan Scytale — Spartan commanders wound a leather strip around a rod, so a dispatch could be read only on a rod of equal thickness. A leather strip wound tightly around a wooden rod, a soldier's hand testing its wrap in torchlight. No text, no dates, no numbers, no labels, no borders, no watermarks.",,
punch-marked-coins-india,"Search the web for reference artworks and historical records of ""India's Punch-Marked Coins"" (400 BCE). Study the ancient Indian metalworking, striking tools and marketplace dress of the Mahajanapada kingdoms of this period.","A dramatic chiaroscuro oil painting. 1:1 square composition optimized for small screen viewing. One dominant focal subject filling most of the frame. Strong silhouettes, high contrast. India's Punch-Marked Coins — Mahajanapada kingdoms of northern India struck silver punch-marked coins, the subcontinent's first currency. A craftsman's hammer striking a punch onto a small silver blank, coins already struck spilling beside the anvil. No text, no dates, no numbers, no labels, no borders, no watermarks.",,
helike-earthquake,"Search the web for reference artworks and historical records of ""Helike Swallowed by the Sea"" (373 BCE). Study the ancient Greek coastal architecture, harbors and shoreline landscape of this period.","A dramatic chiaroscuro oil painting. 1:1 square composition optimized for small screen viewing. One dominant focal subject filling most of the frame. Strong silhouettes, high contrast. Helike Swallowed by the Sea — An earthquake and tsunami sank the Greek city of Helike into the Gulf of Corinth overnight, leaving nothing above water. A temple roofline sinking below rising water at dusk, columns still standing half submerged offshore. No text, no dates, no numbers, no labels, no borders, no watermarks.",,
aeneas-tacticus-secret-messages,"Search the web for reference artworks and historical records of ""Aeneas Tacticus Hides Messages"" (350 BCE). Study the the dress, gear and everyday objects of classical Greek soldiers and messengers of this period.","A dramatic chiaroscuro oil painting. 1:1 square composition optimized for small screen viewing. One dominant focal subject filling most of the frame. Strong silhouettes, high contrast. Aeneas Tacticus Hides Messages — A Greek general's siege manual catalogued ways to smuggle word past a blockade, from pricked books to hollow soles. A sandal sole pried open in torchlight, a hand tucking a tightly rolled scrap inside the hollow. No text, no dates, no numbers, no labels, no borders, no watermarks.",,
archytas-flying-dove,"Search the web for reference artworks and historical records of ""Archytas' Flying Dove"" (350 BCE). Study the Greek craftsmanship, dress, and mechanical toys of classical Tarentum of this period.","A dramatic chiaroscuro oil painting. 1:1 square composition optimized for small screen viewing. One dominant focal subject filling most of the frame. Strong silhouettes, high contrast. Archytas' Flying Dove — The Greek mathematician Archytas of Tarentum built a wooden bird said to fly on its own using compressed air. A robed figure launching a wooden bird from an open palm, its wings frozen mid-beat against columned architecture. No text, no dates, no numbers, no labels, no borders, no watermarks.",,
aristotle-celestial-spheres,"Search the web for reference artworks and historical records of ""Aristotle's Celestial Spheres"" (350 BCE). Study the the dress, instruments and architecture of Athens' philosophical schools of this period.","A dramatic chiaroscuro oil painting. 1:1 square composition optimized for small screen viewing. One dominant focal subject filling most of the frame. Strong silhouettes, high contrast. Aristotle's Celestial Spheres — Aristotle placed a motionless Earth inside nested crystalline spheres carrying the planets and stars. A cloaked scholar in a colonnade cradles a nested set of transparent rings, tilting them to catch the light. No text, no dates, no numbers, no labels, no borders, no watermarks.",,
aristotle-diving-kettle,"Search the web for reference artworks and historical records of ""Aristotle's Diving Kettle"" (350 BCE). Study the classical Greek philosophy, craftsmanship and the earliest diving apparatus of this period.","A dramatic chiaroscuro oil painting. 1:1 square composition optimized for small screen viewing. One dominant focal subject filling most of the frame. Strong silhouettes, high contrast. Aristotle's Diving Kettle — Aristotle described divers drawing breath from an upturned cauldron lowered with them, the first account of a diving bell. A diver's head inside an upturned bronze cauldron lowered by rope, bubbles rising past the rim. No text, no dates, no numbers, no labels, no borders, no watermarks.",,
philip-ii-macedon-assassinated,"Search the web for reference artworks and historical records of ""Philip II of Macedon Killed"" (336 BCE). Study the Macedonian royal dress, court weapons and Greek theater architecture of this period.","A dramatic chiaroscuro oil painting. 1:1 square composition optimized for small screen viewing. One dominant focal subject filling most of the frame. Strong silhouettes, high contrast. Philip II of Macedon Killed — The Macedonian king was struck down by one of his bodyguards at a royal wedding, bringing Alexander to the throne. A dagger left on stone steps outside a theater entrance, wedding garlands scattered across the threshold. No text, no dates, no numbers, no labels, no borders, no watermarks.",,
alexander-diving-bell,"Search the web for reference artworks and historical records of ""Alexander's Descent in a Bell"" (332 BCE). Study the Macedonian dress, siege equipment, and legendary accounts of Alexander at Tyre of this period.","A dramatic chiaroscuro oil painting. 1:1 square composition optimized for small screen viewing. One dominant focal subject filling most of the frame. Strong silhouettes, high contrast. Alexander's Descent in a Bell — Legend held that Alexander the Great was lowered beneath the sea at Tyre in a glass barrel to watch the fish. A crowned figure seated inside a glass barrel lowered by chains, fish drifting past the curved wall. No text, no dates, no numbers, no labels, no borders, no watermarks.",,
alexander-coinage-empire,"Search the web for reference artworks and historical records of ""Alexander's Imperial Coinage"" (330 BCE). Study the Hellenistic minting workshops, striking dies, and silver coinage of Alexander's empire of this period.","A dramatic chiaroscuro oil painting. 1:1 square composition optimized for small screen viewing. One dominant focal subject filling most of the frame. Strong silhouettes, high contrast. Alexander's Imperial Coinage — Alexander the Great's silver tetradrachms carried one coin standard from Greece to the Indus, outlasting him. A minter's hammer poised above a die set on a silver blank, stacks of coins gleaming edge-on nearby. No text, no dates, no numbers, no labels, no borders, no watermarks.",,
archimedes-measures-circle,"Search the web for reference artworks and historical records of ""Archimedes Bounds Pi"" (250 BCE). Study the Hellenistic tools, robes, wax tablets, and workshop objects of this period.","A dramatic chiaroscuro oil painting. 1:1 square composition optimized for small screen viewing. One dominant focal subject filling most of the frame. Strong silhouettes, high contrast. Archimedes Bounds Pi — Archimedes squeezed the circle between inscribed and circumscribed polygons to pin down pi. A hunched figure at a workshop bench, compass legs spread across a circle etched into a wax tablet. No text, no dates, no numbers, no labels, no borders, no watermarks.",,
ctesibius-float-regulator,"Search the web for reference artworks and historical records of ""Ctesibius' Self-Feeding Clock"" (250 BCE). Study the Hellenistic Alexandria's engineering tools, water-clock mechanisms, and dress of this period.","A dramatic chiaroscuro oil painting. 1:1 square composition optimized for small screen viewing. One dominant focal subject filling most of the frame. Strong silhouettes, high contrast. Ctesibius' Self-Feeding Clock — Ctesibius of Alexandria gave his water clock a float valve that held the supply level steady, an early feedback control. A hand adjusting a floating valve inside a dripping water vessel, gears and tubes exposed beneath. No text, no dates, no numbers, no labels, no borders, no watermarks.",,
rhodes-earthquake-colossus,"Search the web for reference artworks and historical records of ""Earthquake Topples the Colossus"" (226 BCE). Study the Hellenistic bronze statuary, harbor architecture and shipwrights' tools of this period.","A dramatic chiaroscuro oil painting. 1:1 square composition optimized for small screen viewing. One dominant focal subject filling most of the frame. Strong silhouettes, high contrast. Earthquake Topples the Colossus — A quake shattered the Colossus of Rhodes at the knees, and the fallen bronze wonder was left lying where it broke. An enormous bronze knee and shin lying broken across a harbor quay, fishermen's boats dwarfed beside it. No text, no dates, no numbers, no labels, no borders, no watermarks.",,
mawangdui-silk-maps,"Search the web for reference artworks and historical records of ""Mawangdui Silk Maps"" (168 BCE). Study the Han dynasty dress, brushwork and silk-painting tools of this period.","A dramatic chiaroscuro oil painting. 1:1 square composition optimized for small screen viewing. One dominant focal subject filling most of the frame. Strong silhouettes, high contrast. Mawangdui Silk Maps — Maps painted on silk and buried in a Han noble's tomb showed rivers, garrisons and roads drawn close to scale. A brush poised above stretched silk, rivers and garrison lines emerging under a painter's careful strokes. No text, no dates, no numbers, no labels, no borders, no watermarks.",,
confucian-classics-found-in-wall,"Search the web for reference artworks and historical records of ""Classics Found in a Wall"" (150 BCE). Study the Han-dynasty scholar dress, architecture, and bamboo writing materials of this period.","A dramatic chiaroscuro oil painting. 1:1 square composition optimized for small screen viewing. One dominant focal subject filling most of the frame. Strong silhouettes, high contrast. Classics Found in a Wall — Texts hidden from the Qin book burnings were recovered from a wall of Confucius' old house at Qufu, in a script scholars could barely read. A crumbling mud-brick wall broken open, a scholar's hand reaching into the dark cavity toward stacked bamboo strips. No text, no dates, no numbers, no labels, no borders, no watermarks.",,
polybius-square-cipher,"Search the web for reference artworks and historical records of ""The Polybius Square"" (150 BCE). Study the torches, hillside signal towers and the dress of Hellenistic military messengers of this period.","A dramatic chiaroscuro oil painting. 1:1 square composition optimized for small screen viewing. One dominant focal subject filling most of the frame. Strong silhouettes, high contrast. The Polybius Square — The Greek historian Polybius set the alphabet in a five-by-five grid so any letter became a pair of torch signals. Torches raised on a night hillside, a distant signal answered by another cluster of flames. No text, no dates, no numbers, no labels, no borders, no watermarks.",,
hipparchus-precession,"Search the web for reference artworks and historical records of ""Hipparchus Finds Precession"" (129 BCE). Study the Hellenistic astronomical instruments, star-tables and observatory settings of this period.","A dramatic chiaroscuro oil painting. 1:1 square composition optimized for small screen viewing. One dominant focal subject filling most of the frame. Strong silhouettes, high contrast. Hipparchus Finds Precession — Comparing his own star positions against much older Babylonian records, Hipparchus caught the whole sky slowly drifting. A robed astronomer frozen beneath the night sky, one hand stopped above stacked star-tablets, head tilted upward in sudden realization. No text, no dates, no numbers, no labels, no borders, no watermarks.",,
nine-chapters-mathematical-art,"Search the web for reference artworks and historical records of ""Nine Chapters on Mathematical Art"" (100 BCE). Study the Han-dynasty dress, counting rods, brushes, and scholarly settings of this period.","A dramatic chiaroscuro oil painting. 1:1 square composition optimized for small screen viewing. One dominant focal subject filling most of the frame. Strong silhouettes, high contrast. Nine Chapters on Mathematical Art — The Chinese classic set out problems using negative numbers and elimination on systems of equations. Hands arranging counting rods in ordered rows across a low table, a brush and inkstone resting nearby. No text, no dates, no numbers, no labels, no borders, no watermarks.",,
roman-urinatores,"Search the web for reference artworks and historical records of ""Rome's Salvage Divers"" (100 BCE). Study the Roman guild dress, harbour architecture, and cargo vessels of the early empire of this period.","A dramatic chiaroscuro oil painting. 1:1 square composition optimized for small screen viewing. One dominant focal subject filling most of the frame. Strong silhouettes, high contrast. Rome's Salvage Divers — The urinatores, a guild of Roman divers, recovered sunken cargo and dropped goods from the Tiber and the port of Ostia. A diver surfacing beside a moored barge, hauling a dripping amphora up over the gunwale. No text, no dates, no numbers, no labels, no borders, no watermarks.",,
caesar-rhine-bridge,"Search the web for reference artworks and historical records of ""Caesar's Rhine Bridge Built"" (55 BCE). Study the Roman military engineering, tools and armor used in river construction of this period.","A dramatic chiaroscuro oil painting. 1:1 square composition optimized for small screen viewing. One dominant focal subject filling most of the frame. Strong silhouettes, high contrast. Caesar's Rhine Bridge Built — Roman legions drove piles into the riverbed and spanned the Rhine with a timber trestle bridge in ten days. Legionaries driving angled timber piles into a riverbed with mallets, a skeletal trestle framework rising behind them. No text, no dates, no numbers, no labels, no borders, no watermarks.",,
caesar-shift-cipher,"Search the web for reference artworks and historical records of ""Caesar's Shift Cipher"" (50 BCE). Study the Roman military dress, tents, dispatches and campaign equipment of this period.","A dramatic chiaroscuro oil painting. 1:1 square composition optimized for small screen viewing. One dominant focal subject filling most of the frame. Strong silhouettes, high contrast. Caesar's Shift Cipher — Julius Caesar shifted every letter three places down the alphabet to keep his military dispatches from enemy hands. A commander's hand pressing a signet into wax on a sealed dispatch inside a military tent. No text, no dates, no numbers, no labels, no borders, no watermarks.",,
julian-calendar-reform,"Search the web for reference artworks and historical records of ""Julian Calendar Reform"" (46 BCE). Study the Roman dress, senate chambers, and astronomer-priests' instruments of this period.","A dramatic chiaroscuro oil painting. 1:1 square composition optimized for small screen viewing. One dominant focal subject filling most of the frame. Strong silhouettes, high contrast. Julian Calendar Reform — Julius Caesar scrapped Rome's drifting lunar calendar for a solar year of three hundred sixty-five days plus a leap day. A toga-clad official pointing to an armillary sphere while priests confer beneath a colonnade at dusk. No text, no dates, no numbers, no labels, no borders, no watermarks.",,
caligula-assassinated,"Search the web for reference artworks and historical records of ""Caligula Assassinated"" (41). Study the Roman imperial dress, palace interiors and Praetorian Guard equipment of this period.","A dramatic chiaroscuro oil painting. 1:1 square composition optimized for small screen viewing. One dominant focal subject filling most of the frame. Strong silhouettes, high contrast. Caligula Assassinated — Officers of the Praetorian Guard killed the Roman emperor in his palace and raised Claudius in his place. A palace corridor with an overturned imperial chair, guards' shields left leaning against a column. No text, no dates, no numbers, no labels, no borders, no watermarks.",,
roman-factory-lamps,"Search the web for reference artworks and historical records of ""Roman Workshops Stamp Out Lamps"" (50). Study the Roman pottery workshops, kiln tools and mass-produced goods of this period.","A dramatic chiaroscuro oil painting. 1:1 square composition optimized for small screen viewing. One dominant focal subject filling most of the frame. Strong silhouettes, high contrast. Roman Workshops Stamp Out Lamps — Italian potteries mass-produced mould-made oil lamps signed with maker's marks and shipped them across the empire. Rows of identical clay lamps drying on wooden shelves as a potter presses one from a two-part mould. No text, no dates, no numbers, no labels, no borders, no watermarks.",,
trajans-bridge-danube,"Search the web for reference artworks and historical records of ""Trajan's Bridge Over the Danube"" (105). Study the Roman stonework, cranes, and engineering tools of the imperial era of this period.","A dramatic chiaroscuro oil painting. 1:1 square composition optimized for small screen viewing. One dominant focal subject filling most of the frame. Strong silhouettes, high contrast. Trajan's Bridge Over the Danube — Apollodorus of Damascus spanned the Danube on stone piers with timber arches, the longest arch bridge for a millennium. A line of massive stone piers marching across a wide river, timber arch centering scaffolding braced beneath a single span. No text, no dates, no numbers, no labels, no borders, no watermarks.",,
zhang-heng-lunar-eclipse,"Search the web for reference artworks and historical records of ""Zhang Heng Explains Eclipses"" (120). Study the Han dynasty scholarly dress, court instruments and early sphere models of the cosmos of this period.","A dramatic chiaroscuro oil painting. 1:1 square composition optimized for small screen viewing. One dominant focal subject filling most of the frame. Strong silhouettes, high contrast. Zhang Heng Explains Eclipses — Zhang Heng reasoned that the Moon shines by reflected sunlight and darkens when it passes into Earth's shadow. A seated scholar watching a shadow creep across a small globe held to lamplight, head tilted in sudden understanding. No text, no dates, no numbers, no labels, no borders, no watermarks.",,
ptolemy-geographia,"Search the web for reference artworks and historical records of ""Ptolemy's Geographia"" (150). Study the Greco-Roman astronomical instruments, geometry tools and scholarly dress of this period.","A dramatic chiaroscuro oil painting. 1:1 square composition optimized for small screen viewing. One dominant focal subject filling most of the frame. Strong silhouettes, high contrast. Ptolemy's Geographia — Ptolemy set out coordinates for thousands of places and rules for projecting a round earth onto a flat sheet. A robed scholar bent over a wax tablet, dividers and a globe on the table beside a burning oil lamp. No text, no dates, no numbers, no labels, no borders, no watermarks.",,
commodus-assassinated,"Search the web for reference artworks and historical records of ""Commodus Assassinated"" (192). Study the Roman bathhouse architecture, wrestling equipment and household dress of this period.","A dramatic chiaroscuro oil painting. 1:1 square composition optimized for small screen viewing. One dominant focal subject filling most of the frame. Strong silhouettes, high contrast. Commodus Assassinated — Members of his own household killed the Roman emperor, ending the Antonine line and opening a scramble for power. An empty bathhouse chamber, a wrestler's strangling cord coiled beside an abandoned oil flask. No text, no dates, no numbers, no labels, no borders, no watermarks.",,
ama-divers-japan,"Search the web for reference artworks and historical records of ""Ama Divers of Japan"" (250). Study the the dress, tools and coastal villages of early Japanese fisherfolk of this period.","A dramatic chiaroscuro oil painting. 1:1 square composition optimized for small screen viewing. One dominant focal subject filling most of the frame. Strong silhouettes, high contrast. Ama Divers of Japan — Chinese chronicles described Japanese women diving for shellfish and pearls, a breath-hold trade still practised today. A woman diver resurfacing with a woven basket of shellfish, hair streaming, cliffs rising behind her. No text, no dates, no numbers, no labels, no borders, no watermarks.",,
ma-jun-south-pointing-chariot,"Search the web for reference artworks and historical records of ""South-Pointing Chariot"" (255). Study the Three Kingdoms-era Chinese court dress, cart construction, and gearing of this period.","A dramatic chiaroscuro oil painting. 1:1 square composition optimized for small screen viewing. One dominant focal subject filling most of the frame. Strong silhouettes, high contrast. South-Pointing Chariot — Ma Jun built a geared cart whose figure kept pointing south however the vehicle turned, using no magnet at all. A wooden figure atop a narrow wheeled chariot, arm outstretched, gears turning visibly beneath the rolling platform. No text, no dates, no numbers, no labels, no borders, no watermarks.",,
pei-xiu-map-principles,"Search the web for reference artworks and historical records of ""Pei Xiu's Mapping Principles"" (267). Study the Chinese court dress, measuring cords and drafting instruments of the period of this period.","A dramatic chiaroscuro oil painting. 1:1 square composition optimized for small screen viewing. One dominant focal subject filling most of the frame. Strong silhouettes, high contrast. Pei Xiu's Mapping Principles — The Chinese minister Pei Xiu set out six rules for mapmaking, among them scale, grid and measured distance. A seated minister ruling straight lines across a grid with a taut cord and brush. No text, no dates, no numbers, no labels, no borders, no watermarks.",,
bamboo-annals-recovered,"Search the web for reference artworks and historical records of ""Bamboo Annals Recovered"" (279). Study the Warring States tomb architecture, burial goods, and bamboo strip manuscripts of this period.","A dramatic chiaroscuro oil painting. 1:1 square composition optimized for small screen viewing. One dominant focal subject filling most of the frame. Strong silhouettes, high contrast. Bamboo Annals Recovered — Robbers broke into a Warring States tomb at Ji and scattered a lost court chronicle written on bamboo strips, which scholars reassembled. Torchlit robbers pry open a sealed tomb chamber, scattering bundles of bamboo strips across the stone floor. No text, no dates, no numbers, no labels, no borders, no watermarks.",,
kamasutra-secret-writing,"Search the web for reference artworks and historical records of ""Secret Writing Among The Arts"" (300). Study the the dress, furnishings and courtly arts of classical India of this period.","A dramatic chiaroscuro oil painting. 1:1 square composition optimized for small screen viewing. One dominant focal subject filling most of the frame. Strong silhouettes, high contrast. Secret Writing Among The Arts — The Kama Sutra listed mlecchita vikalpa, the art of secret writing, among the sixty-four skills a cultured person learned. A courtly interior where a hand passes a folded note beneath a low table, instruments and dancers nearby. No text, no dates, no numbers, no labels, no borders, no watermarks.",,
san-marino-founded,"Search the web for reference artworks and historical records of ""San Marino Founded"" (301). Study the the tools, dress and stonework of a fleeing Roman-era craftsman of this period.","A dramatic chiaroscuro oil painting. 1:1 square composition optimized for small screen viewing. One dominant focal subject filling most of the frame. Strong silhouettes, high contrast. San Marino Founded — A stonemason fleeing persecution settled Monte Titano, founding what became Europe's oldest surviving republic. A lone stonemason chiseling a foundation block into a windswept mountainside, tools scattered across bare rock. No text, no dates, no numbers, no labels, no borders, no watermarks.",,
golgotha-excavated,"Search the web for reference artworks and historical records of ""Golgotha Excavated"" (326). Study the Roman temple architecture, early Byzantine dress, and quarrying tools of the era of this period.","A dramatic chiaroscuro oil painting. 1:1 square composition optimized for small screen viewing. One dominant focal subject filling most of the frame. Strong silhouettes, high contrast. Golgotha Excavated — Constantine's builders tore down a Roman temple in Jerusalem and dug out the rock-cut tomb venerated as the burial place of Christ. Workers with pickaxes tear down a temple platform, exposing the mouth of a rock-cut tomb beneath rubble. No text, no dates, no numbers, no labels, no borders, no watermarks.",,
peutinger-road-map,"Search the web for reference artworks and historical records of ""Peutinger Table Road Map"" (350). Study the Roman scribal tools, road-surveying instruments and scroll-making of this period.","A dramatic chiaroscuro oil painting. 1:1 square composition optimized for small screen viewing. One dominant focal subject filling most of the frame. Strong silhouettes, high contrast. Peutinger Table Road Map — A scroll map squeezed the Roman road network into a long strip, listing way stations and the distances between them. Hands unrolling a long strip of parchment across a table, a stylus marking way-stations along its length. No text, no dates, no numbers, no labels, no borders, no watermarks.",,
hypatia-of-alexandria-killed,"Search the web for reference artworks and historical records of ""Hypatia Killed in Alexandria"" (415). Study the late antique Alexandrian dress, scholarly instruments and library architecture of this period.","A dramatic chiaroscuro oil painting. 1:1 square composition optimized for small screen viewing. One dominant focal subject filling most of the frame. Strong silhouettes, high contrast. Hypatia Killed in Alexandria — The mathematician and philosopher was killed by a mob during a struggle for control of the city. Scattered scrolls and a fallen astrolabe on a library floor, a crowd's shadows retreating down a colonnade. No text, no dates, no numbers, no labels, no borders, no watermarks.",,
dionysius-anno-domini,"Search the web for reference artworks and historical records of ""Anno Domini Dating Devised"" (525). Study the early medieval monastic scriptoria, dress, and manuscript-making tools of this period.","A dramatic chiaroscuro oil painting. 1:1 square composition optimized for small screen viewing. One dominant focal subject filling most of the frame. Strong silhouettes, high contrast. Anno Domini Dating Devised — The monk Dionysius Exiguus built an Easter table numbering years from the presumed birth of Christ, creating the AD era. A tonsured monk hunched over a parchment table by candlelight, stylus poised above ruled lines. No text, no dates, no numbers, no labels, no borders, no watermarks.",,
madaba-mosaic-map,"Search the web for reference artworks and historical records of ""Madaba Mosaic Map"" (560). Study the Byzantine mosaic craft, tesserae, tools and church interiors of this period.","A dramatic chiaroscuro oil painting. 1:1 square composition optimized for small screen viewing. One dominant focal subject filling most of the frame. Strong silhouettes, high contrast. Madaba Mosaic Map — A church floor mosaic in Jordan laid out the Holy Land and its towns, with the oldest surviving plan of Jerusalem. A craftsman kneeling to set small stone tesserae into wet mortar, tweezers poised above a half-finished floor. No text, no dates, no numbers, no labels, no borders, no watermarks.",,
anji-bridge-china,"Search the web for reference artworks and historical records of ""Anji Bridge Completed"" (605). Study the Sui dynasty stonework, tools and dress of Chinese builders of this period.","A dramatic chiaroscuro oil painting. 1:1 square composition optimized for small screen viewing. One dominant focal subject filling most of the frame. Strong silhouettes, high contrast. Anji Bridge Completed — Li Chun built the oldest surviving open-spandrel segmental arch bridge, carrying a road over the Xiao River. Seen from beneath, a stone arch with smaller open arches piercing its haunches, workers fitting the keystone above. No text, no dates, no numbers, no labels, no borders, no watermarks.",,
lantern-festival-sui,"Search the web for reference artworks and historical records of ""Lantern Festival Lights Luoyang"" (610). Study the Chinese court dress, silk lanterns and palace architecture of the period of this period.","A dramatic chiaroscuro oil painting. 1:1 square composition optimized for small screen viewing. One dominant focal subject filling most of the frame. Strong silhouettes, high contrast. Lantern Festival Lights Luoyang — Emperor Yang staged vast lantern displays in the Sui capital, fixing the festival of lights in Chinese custom. Strings of paper lanterns swaying above a palace courtyard, small figures gathered beneath the glow. No text, no dates, no numbers, no labels, no borders, no watermarks.",,
quran-forbids-wine,"Search the web for reference artworks and historical records of ""Quran Forbids Wine"" (625). Study the early Islamic dress, vessels, and interiors of Arabian gathering places of this period.","A dramatic chiaroscuro oil painting. 1:1 square composition optimized for small screen viewing. One dominant focal subject filling most of the frame. Strong silhouettes, high contrast. Quran Forbids Wine — Revelation recorded in the Quran barred intoxicants for Muslims, reshaping what was drunk across the Islamic world. A jar of wine being tipped and emptied onto sand outside a tent, a robed figure turning away. No text, no dates, no numbers, no labels, no borders, no watermarks.",,
hijri-calendar-adopted,"Search the web for reference artworks and historical records of ""Hijri Calendar Established"" (638). Study the early Islamic dress, architecture, and desert travel instruments of this period.","A dramatic chiaroscuro oil painting. 1:1 square composition optimized for small screen viewing. One dominant focal subject filling most of the frame. Strong silhouettes, high contrast. Hijri Calendar Established — Caliph Umar fixed the Muslim lunar calendar to count from Muhammad's migration from Mecca to Medina. A seated caliph in council beneath an arched hall, elders gathered before a hanging crescent moon. No text, no dates, no numbers, no labels, no borders, no watermarks.",,
shatranj-persia,"Search the web for reference artworks and historical records of ""Shatranj Spreads Through Persia"" (650). Study the Persian court dress, seating, and carved gaming pieces of the early Islamic era of this period.","A dramatic chiaroscuro oil painting. 1:1 square composition optimized for small screen viewing. One dominant focal subject filling most of the frame. Strong silhouettes, high contrast. Shatranj Spreads Through Persia — Persia reworked the Indian army game as shatranj, added written problem studies, and passed chess to the Arab world. Two seated figures lean over a low table, one hand hovering above a carved piece mid-move. No text, no dates, no numbers, no labels, no borders, no watermarks.",,
first-bulgarian-empire-founded,"Search the web for reference artworks and historical records of ""First Bulgarian Empire Founded"" (681). Study the the armor, horses and encampments of early medieval steppe warriors of this period.","A dramatic chiaroscuro oil painting. 1:1 square composition optimized for small screen viewing. One dominant focal subject filling most of the frame. Strong silhouettes, high contrast. First Bulgarian Empire Founded — Khan Asparuh's Bulgars beat the Byzantines and won a treaty recognising their state south of the Danube. A mounted khan planting a banner-pole into riverside soil while mounted warriors gather along the bank behind him. No text, no dates, no numbers, no labels, no borders, no watermarks.",,
japan-smallpox-epidemic,"Search the web for reference artworks and historical records of ""Japanese Smallpox Epidemic"" (735). Study the Nara-period Japanese court dress, temple architecture and ritual objects of this period.","A dramatic chiaroscuro oil painting. 1:1 square composition optimized for small screen viewing. One dominant focal subject filling most of the frame. Strong silhouettes, high contrast. Japanese Smallpox Epidemic — A smallpox epidemic carried in through Kyushu killed roughly a third of Japan's population. A courtier kneeling before a shuttered gate, an incense burner smoldering beside sealed screens at a temple entrance. No text, no dates, no numbers, no labels, no borders, no watermarks.",,
lu-yu-classic-of-tea,"Search the web for reference artworks and historical records of ""Lu Yu Writes the Classic of Tea"" (760). Study the Tang dynasty tea preparation, brewing vessels, and scholar's dress of the period of this period.","A dramatic chiaroscuro oil painting. 1:1 square composition optimized for small screen viewing. One dominant focal subject filling most of the frame. Strong silhouettes, high contrast. Lu Yu Writes the Classic of Tea — Tang scholar Lu Yu compiled the first treatise on growing, brewing and drinking tea, codifying Chinese tea culture. A seated figure turning tea leaves on a wide drying pan beside a simmering kettle and brush. No text, no dates, no numbers, no labels, no borders, no watermarks.",,
offas-dyke-built,"Search the web for reference artworks and historical records of ""Offa's Dyke Built"" (785). Study the early medieval earthworks, tools, and the dress of Anglo-Saxon Mercia of this period.","A dramatic chiaroscuro oil painting. 1:1 square composition optimized for small screen viewing. One dominant focal subject filling most of the frame. Strong silhouettes, high contrast. Offa's Dyke Built — Offa of Mercia, the most powerful ruler in England, raised a great earthwork rampart along the Welsh border. Labourers hauling turf and timber stakes along a raw earthen rampart cutting through hill country. No text, no dates, no numbers, no labels, no borders, no watermarks.",,
mamun-opens-great-pyramid,"Search the web for reference artworks and historical records of ""Caliph Opens the Great Pyramid"" (832). Study the medieval Islamic dress, tools, and the masonry of Old Kingdom pyramids of this period.","A dramatic chiaroscuro oil painting. 1:1 square composition optimized for small screen viewing. One dominant focal subject filling most of the frame. Strong silhouettes, high contrast. Caliph Opens the Great Pyramid — Caliph al-Ma'mun's workmen hammered a tunnel through solid masonry into the sealed pyramid of Khufu, hunting for treasure. Torch-bearing men hammer a narrow tunnel through massive stone blocks, dust and rubble spilling at their feet. No text, no dates, no numbers, no labels, no borders, no watermarks.",,
al-kindi-frequency-analysis,"Search the web for reference artworks and historical records of ""Frequency Analysis Invented"" (850). Study the the dress, manuscripts, instruments and scholarly settings of medieval Baghdad of this period.","A dramatic chiaroscuro oil painting. 1:1 square composition optimized for small screen viewing. One dominant focal subject filling most of the frame. Strong silhouettes, high contrast. Frequency Analysis Invented — The Baghdad scholar al-Kindi showed that counting how often each letter appears will break any simple substitution cipher. A Baghdad scholar's hand arranging small counting tokens in rows beside stacks of manuscripts. No text, no dates, no numbers, no labels, no borders, no watermarks.",,
banu-musa-ingenious-devices,"Search the web for reference artworks and historical records of ""Book of Ingenious Devices"" (850). Study the devices, tools, and workshop settings of Abbasid Baghdad's engineers of this period.","A dramatic chiaroscuro oil painting. 1:1 square composition optimized for small screen viewing. One dominant focal subject filling most of the frame. Strong silhouettes, high contrast. Book of Ingenious Devices — The Banu Musa brothers of Baghdad catalogued a hundred self-acting devices, among them a flute player driven by a pinned cylinder. A hand threading a pinned cylinder into a mechanical flute player, tools and brass fittings scattered across the workbench. No text, no dates, no numbers, no labels, no borders, no watermarks.",,
candle-clock-alfred,"Search the web for reference artworks and historical records of ""Alfred's Candle Clock"" (890). Study the early medieval royal households, wax craft and lantern-making of this period.","A dramatic chiaroscuro oil painting. 1:1 square composition optimized for small screen viewing. One dominant focal subject filling most of the frame. Strong silhouettes, high contrast. Alfred's Candle Clock — King Alfred burned graduated wax candles inside horn lanterns to keep the hours and shield the flame from draughts. A hand scores marks down a tall candle before sliding it inside a horn case to guard the flame. No text, no dates, no numbers, no labels, no borders, no watermarks.",,
al-battani-solar-year,"Search the web for reference artworks and historical records of ""Al-Battani Refines the Solar Year"" (900). Study the the instruments, observatories and dress of medieval Islamic-era astronomers of this period.","A dramatic chiaroscuro oil painting. 1:1 square composition optimized for small screen viewing. One dominant focal subject filling most of the frame. Strong silhouettes, high contrast. Al-Battani Refines the Solar Year — The Syrian astronomer remeasured the length of the year and showed that the Sun's apogee slowly shifts. A turbaned astronomer on a flat rooftop at dawn sights the sun's rim through a long brass tube. No text, no dates, no numbers, no labels, no borders, no watermarks.",,
tomislav-crowned-croatia,"Search the web for reference artworks and historical records of ""Tomislav Crowned in Croatia"" (925). Study the early medieval Croatian regalia and coronation ritual of this period.","A dramatic chiaroscuro oil painting. 1:1 square composition optimized for small screen viewing. One dominant focal subject filling most of the frame. Strong silhouettes, high contrast. Tomislav Crowned in Croatia — Tomislav drew the Croatian duchies together and is remembered as the first king of a Croatian kingdom. A bishop's hands lowering a jeweled circlet onto a kneeling duke's bowed head inside a stone chapel. No text, no dates, no numbers, no labels, no borders, no watermarks.",,
athelstan-first-king-of-england,"Search the web for reference artworks and historical records of ""Athelstan, First King of England"" (927). Study the Viking-age York, Anglo-Saxon royal regalia, and the dress of early English kings of this period.","A dramatic chiaroscuro oil painting. 1:1 square composition optimized for small screen viewing. One dominant focal subject filling most of the frame. Strong silhouettes, high contrast. Athelstan, First King of England — Athelstan took York from the Vikings and received the submission of the other British rulers, uniting England under one crown. Timber gates of a captured northern city swinging wide as kneeling chieftains bow to an armored victor. No text, no dates, no numbers, no labels, no borders, no watermarks.",,
gorm-the-old-unites-denmark,"Search the web for reference artworks and historical records of ""Gorm the Old Unites Denmark"" (936). Study the Viking-age Danish regalia, longhouses and raised memorial stones of this period.","A dramatic chiaroscuro oil painting. 1:1 square composition optimized for small screen viewing. One dominant focal subject filling most of the frame. Strong silhouettes, high contrast. Gorm the Old Unites Denmark — Gorm ruled a single Danish realm from Jelling, and Europe's oldest monarchy still traces its line to him. An aged king standing before a raised memorial stone at Jelling, one hand pressed against its weathered face. No text, no dates, no numbers, no labels, no borders, no watermarks.",,
baptism-of-poland-mieszko,"Search the web for reference artworks and historical records of ""Baptism of Poland"" (966). Study the early medieval Slavic dress and Latin baptismal ritual of this period.","A dramatic chiaroscuro oil painting. 1:1 square composition optimized for small screen viewing. One dominant focal subject filling most of the frame. Strong silhouettes, high contrast. Baptism of Poland — Mieszko I accepted Christianity, binding the Piast realm to Latin Europe and founding the Polish state. A robed duke kneeling waist-deep in a stone font as a bishop pours water over his bowed head. No text, no dates, no numbers, no labels, no borders, no watermarks.",,
nikephoros-phokas-assassinated,"Search the web for reference artworks and historical records of ""Nikephoros Phokas Killed"" (969). Study the Byzantine imperial regalia, palace architecture and ceremonial objects of this period.","A dramatic chiaroscuro oil painting. 1:1 square composition optimized for small screen viewing. One dominant focal subject filling most of the frame. Strong silhouettes, high contrast. Nikephoros Phokas Killed — The Byzantine emperor was killed in the palace by his nephew John Tzimiskes, who then took the throne. An imperial cloak draped over an empty bed platform, a discarded sword lying across a palace threshold. No text, no dates, no numbers, no labels, no borders, no watermarks.",,
aethelred-unready-becomes-king,"Search the web for reference artworks and historical records of ""Aethelred the Unready Becomes King"" (978). Study the Anglo-Saxon court dress, royal regalia for a child king, and Viking longships of this period.","A dramatic chiaroscuro oil painting. 1:1 square composition optimized for small screen viewing. One dominant focal subject filling most of the frame. Strong silhouettes, high contrast. Aethelred the Unready Becomes King — Aethelred took the English throne as a boy after his half-brother's murder; renewed Viking raids defined his long reign. Longships massing along a distant coastline behind a boy swallowed in oversized royal robes and advisors. No text, no dates, no numbers, no labels, no borders, no watermarks.",,
ibn-sahl-refraction,"Search the web for reference artworks and historical records of ""Ibn Sahl's Law of Refraction"" (984). Study the medieval Islamic scholarly dress, optical instruments, glass lenses and burning mirrors of this period.","A dramatic chiaroscuro oil painting. 1:1 square composition optimized for small screen viewing. One dominant focal subject filling most of the frame. Strong silhouettes, high contrast. Ibn Sahl's Law of Refraction — Working on burning mirrors and lenses, Ibn Sahl set out the constant ratio by which light bends as it enters glass. A seated scholar holding a curved glass lens to a beam of light, finger following the ray's sudden bend. No text, no dates, no numbers, no labels, no borders, no watermarks.",,
stephen-first-king-hungary,"Search the web for reference artworks and historical records of ""Stephen Crowned King of Hungary"" (1000). Study the Magyar tribal dress alongside early Christian coronation regalia of this period.","A dramatic chiaroscuro oil painting. 1:1 square composition optimized for small screen viewing. One dominant focal subject filling most of the frame. Strong silhouettes, high contrast. Stephen Crowned King of Hungary — Stephen took a crown sent by the pope, turning the Magyar tribal confederation into a Christian kingdom. A kneeling chieftain gripping a jeweled orb and cross while two bishops raise a crown above him. No text, no dates, no numbers, no labels, no borders, no watermarks.",,
ibn-al-haytham-doubts-ptolemy,"Search the web for reference artworks and historical records of ""Doubts About Ptolemy Written"" (1028). Study the the studies, instruments and manuscripts of medieval Cairo's scholars of this period.","A dramatic chiaroscuro oil painting. 1:1 square composition optimized for small screen viewing. One dominant focal subject filling most of the frame. Strong silhouettes, high contrast. Doubts About Ptolemy Written — Ibn al-Haytham catalogued the physical impossibilities in Ptolemy's cosmos, opening a long era of reform. A scholar by lamplight pushes aside a tangle of brass rings, staring skeptically at a wobbling globe. No text, no dates, no numbers, no labels, no borders, no watermarks.",,
edward-confessor-becomes-king,"Search the web for reference artworks and historical records of ""Edward the Confessor Becomes King"" (1042). Study the Anglo-Saxon royal dress, monastic architecture, and the building of Westminster Abbey of this period.","A dramatic chiaroscuro oil painting. 1:1 square composition optimized for small screen viewing. One dominant focal subject filling most of the frame. Strong silhouettes, high contrast. Edward the Confessor Becomes King — The pious son of Aethelred returned from Norman exile to take the English throne, and went on to found Westminster Abbey. Scaffolding and masons' tools rising over a half-built abbey nave where a robed figure kneels in prayer. No text, no dates, no numbers, no labels, no borders, no watermarks.",,
luoyang-bridge-quanzhou,"Search the web for reference artworks and historical records of ""Luoyang Bridge Completed"" (1059). Study the Song dynasty stonework, boats, tools and coastal construction methods of this period.","A dramatic chiaroscuro oil painting. 1:1 square composition optimized for small screen viewing. One dominant focal subject filling most of the frame. Strong silhouettes, high contrast. Luoyang Bridge Completed — Cai Xiang's long stone beam bridge crossed a Fujian estuary on foundations that farmed oysters cemented together. Workers lowering long stone beams onto foundation piers crusted with shellfish at low tide in an estuary. No text, no dates, no numbers, no labels, no borders, no watermarks.",,
justinian-digest-rediscovered,"Search the web for reference artworks and historical records of ""Justinian's Digest Rediscovered"" (1070). Study the medieval Italian scriptoria, scholars' dress, and bound manuscript volumes of this period.","A dramatic chiaroscuro oil painting. 1:1 square composition optimized for small screen viewing. One dominant focal subject filling most of the frame. Strong silhouettes, high contrast. Justinian's Digest Rediscovered — A forgotten manuscript of Roman law resurfaced in Italy and became the founding text of European legal scholarship at Bologna. A robed scholar in a candlelit study lifts a heavy bound volume from a dust-covered chest, pages splayed open. No text, no dates, no numbers, no labels, no borders, no watermarks.",,
kingdom-of-bohemia-established,"Search the web for reference artworks and historical records of ""Kingdom of Bohemia Established"" (1085). Study the Holy Roman Empire coronation ritual and Bohemian ducal regalia of this period.","A dramatic chiaroscuro oil painting. 1:1 square composition optimized for small screen viewing. One dominant focal subject filling most of the frame. Strong silhouettes, high contrast. Kingdom of Bohemia Established — Vratislav II was crowned the first king of Bohemia, the state at the root of the modern Czech lands. An archbishop draping a heavy mantle over a kneeling duke's shoulders inside a candlelit stone nave. No text, no dates, no numbers, no labels, no borders, no watermarks.",,
nizam-al-mulk-assassinated,"Search the web for reference artworks and historical records of ""Nizam al-Mulk Assassinated"" (1092). Study the Seljuk court dress, traveling litters and Persian administrative objects of this period.","A dramatic chiaroscuro oil painting. 1:1 square composition optimized for small screen viewing. One dominant focal subject filling most of the frame. Strong silhouettes, high contrast. Nizam al-Mulk Assassinated — The Seljuk vizier was killed by an agent of the Nizari Ismailis, the sect that gave English the word assassin. An overturned traveling litter beside an unattended lamp at dusk, courtiers' silhouettes fleeing into shadow. No text, no dates, no numbers, no labels, no borders, no watermarks.",,
su-song-clock-tower,"Search the web for reference artworks and historical records of ""Su Song's Astronomical Clock"" (1092). Study the Song-dynasty architecture, bronze casting, and clock-tower mechanisms of this period.","A dramatic chiaroscuro oil painting. 1:1 square composition optimized for small screen viewing. One dominant focal subject filling most of the frame. Strong silhouettes, high contrast. Su Song's Astronomical Clock — The Chinese official Su Song raised a water-driven clock tower whose puppet figures struck bells and drums each hour. Puppet figures emerging from a tiered tower to strike a bell, waterwheel machinery turning in the chamber below. No text, no dates, no numbers, no labels, no borders, no watermarks.",,
henry-i-charter-of-liberties,"Search the web for reference artworks and historical records of ""Henry I's Charter of Liberties"" (1100). Study the Anglo-Norman royal seals, charters, parchment, and coronation regalia of this period.","A dramatic chiaroscuro oil painting. 1:1 square composition optimized for small screen viewing. One dominant focal subject filling most of the frame. Strong silhouettes, high contrast. Henry I's Charter of Liberties — Henry I seized the throne on his brother's death and issued a coronation charter curbing royal abuses, a model for Magna Carta. Hands pressing a wax seal onto an unrolled charter beside a discarded ceremonial crown. No text, no dates, no numbers, no labels, no borders, no watermarks.",,
kaifeng-night-markets,"Search the web for reference artworks and historical records of ""Kaifeng's Night Markets Glow"" (1120). Study the Song dynasty market stalls, street dress and lanterns of this period.","A dramatic chiaroscuro oil painting. 1:1 square composition optimized for small screen viewing. One dominant focal subject filling most of the frame. Strong silhouettes, high contrast. Kaifeng's Night Markets Glow — Lamp-lit stalls kept the Song capital trading long past dusk, breaking the curfew that had closed Chinese cities at dark. Hanging lamps line a crowded market street, vendors calling from stalls as silhouettes pass late into the night. No text, no dates, no numbers, no labels, no borders, no watermarks.",,
yu-ji-tu-grid-map,"Search the web for reference artworks and historical records of ""Yu Ji Tu Map Carved in Stone"" (1136). Study the Song dynasty stonecutting tools, engraving techniques and workshop settings of this period.","A dramatic chiaroscuro oil painting. 1:1 square composition optimized for small screen viewing. One dominant focal subject filling most of the frame. Strong silhouettes, high contrast. Yu Ji Tu Map Carved in Stone — Song engravers cut a map of China into stone over a square grid, its coastline and rivers strikingly accurate. A mallet and chisel biting into stone, grid lines already cut across the slab under a craftsman's hand. No text, no dates, no numbers, no labels, no borders, no watermarks.",,
portugal-becomes-a-kingdom,"Search the web for reference artworks and historical records of ""Portugal Becomes a Kingdom"" (1143). Study the medieval Iberian arms, shields and battlefield acclamation customs of this period.","A dramatic chiaroscuro oil painting. 1:1 square composition optimized for small screen viewing. One dominant focal subject filling most of the frame. Strong silhouettes, high contrast. Portugal Becomes a Kingdom — Afonso Henriques won recognition from Leon as king, setting Portugal apart as a kingdom of its own. Armored soldiers hoisting their commander aloft on a battered shield before a fortress gate. No text, no dates, no numbers, no labels, no borders, no watermarks.",,
henry-ii-becomes-king,"Search the web for reference artworks and historical records of ""Henry II Becomes King"" (1154). Study the Plantagenet heraldry, the broom plant emblem, and Anglo-Norman castle architecture of this period.","A dramatic chiaroscuro oil painting. 1:1 square composition optimized for small screen viewing. One dominant focal subject filling most of the frame. Strong silhouettes, high contrast. Henry II Becomes King — Henry II ended the Anarchy and took the English throne, founding the Plantagenet line and an empire reaching to the Pyrenees. A sprig of flowering broom raised in a mailed hand before a fortified castle gate. No text, no dates, no numbers, no labels, no borders, no watermarks.",,
privilegium-minus-austria,"Search the web for reference artworks and historical records of ""Charter That Created Austria"" (1156). Study the Holy Roman Empire ducal regalia and imperial investiture ceremony of this period.","A dramatic chiaroscuro oil painting. 1:1 square composition optimized for small screen viewing. One dominant focal subject filling most of the frame. Strong silhouettes, high contrast. Charter That Created Austria — The Privilegium Minus raised the Babenberg march to a duchy of Austria with its own law and succession. An envoy's hands placing a ducal coronet and ceremonial lance into a kneeling noble's open palms. No text, no dates, no numbers, no labels, no borders, no watermarks.",,
richard-lionheart-crowned,"Search the web for reference artworks and historical records of ""Richard the Lionheart Crowned"" (1189). Study the crusader mail armor, heraldry, and medieval harbor and ship construction of this period.","A dramatic chiaroscuro oil painting. 1:1 square composition optimized for small screen viewing. One dominant focal subject filling most of the frame. Strong silhouettes, high contrast. Richard the Lionheart Crowned — Richard I was crowned at Westminster and left within months for the Third Crusade, spending almost none of his reign in England. A galley's stern crowded with mailed figures and a cross-marked cloak, harbor receding behind. No text, no dates, no numbers, no labels, no borders, no watermarks.",,
serbian-kingdom-stefan-crowned,"Search the web for reference artworks and historical records of ""Serbia Becomes a Kingdom"" (1217). Study the medieval Serbian royal dress and Orthodox coronation ritual of this period.","A dramatic chiaroscuro oil painting. 1:1 square composition optimized for small screen viewing. One dominant focal subject filling most of the frame. Strong silhouettes, high contrast. Serbia Becomes a Kingdom — Stefan Nemanjic was crowned the first king of Serbia, uniting the Serbian lands under a single crown. A papal legate's hands setting a crown atop a bowed ruler's head while clergy hold candles behind them. No text, no dates, no numbers, no labels, no borders, no watermarks.",,
aqua-vitae-distilled,"Search the web for reference artworks and historical records of ""Aqua Vitae Distilled from Wine"" (1250). Study the medieval alchemical apparatus, stills, and physicians' dress of the period of this period.","A dramatic chiaroscuro oil painting. 1:1 square composition optimized for small screen viewing. One dominant focal subject filling most of the frame. Strong silhouettes, high contrast. Aqua Vitae Distilled from Wine — Italian physicians distilled wine into aqua vitae, the first spirit drunk in Europe as medicine and then for pleasure. A coiled still dripping liquid into a glass vessel, a robed physician bent close to inspect it. No text, no dates, no numbers, no labels, no borders, no watermarks.",,
bacon-undersea-instruments,"Search the web for reference artworks and historical records of ""Bacon Imagines Undersea Walking"" (1250). Study the medieval scholarly dress, manuscripts, and imagined mechanical instruments of this period.","A dramatic chiaroscuro oil painting. 1:1 square composition optimized for small screen viewing. One dominant focal subject filling most of the frame. Strong silhouettes, high contrast. Bacon Imagines Undersea Walking — Roger Bacon wrote of instruments by which men might walk on the bed of the sea without danger to the body. A robed scholar at a writing desk sketching a device for walking the seabed, a globe nearby. No text, no dates, no numbers, no labels, no borders, no watermarks.",,
mindaugas-crowned-lithuania,"Search the web for reference artworks and historical records of ""Mindaugas Crowned in Lithuania"" (1253). Study the Baltic tribal dress, pagan-era arms and early Christian coronation objects of this period.","A dramatic chiaroscuro oil painting. 1:1 square composition optimized for small screen viewing. One dominant focal subject filling most of the frame. Strong silhouettes, high contrast. Mindaugas Crowned in Lithuania — Mindaugas bound the Lithuanian tribes into one realm and became the only crowned king Lithuania has had. A pelt-cloaked chieftain kneeling as a bishop lowers a plain crown, spear-bearing warriors watching from a forest clearing. No text, no dates, no numbers, no labels, no borders, no watermarks.",,
tusi-couple-planetary-model,"Search the web for reference artworks and historical records of ""Al-Tusi Devises the Tusi Couple"" (1261). Study the the observatory instruments, dress and architecture of the Maragha school of this period.","A dramatic chiaroscuro oil painting. 1:1 square composition optimized for small screen viewing. One dominant focal subject filling most of the frame. Strong silhouettes, high contrast. Al-Tusi Devises the Tusi Couple — The Maragha astronomer built straight-line motion out of two rotating circles, repairing Ptolemy's cosmos. A robed astronomer atop an observatory tower turns two nested wheels by hand, watching a small weight glide back and forth. No text, no dates, no numbers, no labels, no borders, no watermarks.",,
paris-candlemakers-guild,"Search the web for reference artworks and historical records of ""Paris Candlemakers Guild"" (1268). Study the medieval guild workshops, tallow and wax craft, and trade tools of this period.","A dramatic chiaroscuro oil painting. 1:1 square composition optimized for small screen viewing. One dominant focal subject filling most of the frame. Strong silhouettes, high contrast. Paris Candlemakers Guild — The provost's book of trades set statutes for the tallow and wax chandlers who supplied the city with light. A chandler dips a row of wicks into a simmering vat, finished candles hanging in bundles to cool nearby. No text, no dates, no numbers, no labels, no borders, no watermarks.",,
peregrinus-magnetic-poles,"Search the web for reference artworks and historical records of ""Peregrinus Maps Magnetic Poles"" (1269). Study the medieval European scholarly dress, lodestones, needles and craft instruments of this period.","A dramatic chiaroscuro oil painting. 1:1 square composition optimized for small screen viewing. One dominant focal subject filling most of the frame. Strong silhouettes, high contrast. Peregrinus Maps Magnetic Poles — Petrus Peregrinus laid needles on a spherical lodestone, traced the lines they formed and found they met at two poles. A hooded figure bent low over a round stone, small needles laid across its curve tracing toward its poles. No text, no dates, no numbers, no labels, no borders, no watermarks.",,
andorra-pareatges-signed,"Search the web for reference artworks and historical records of ""Charters That Created Andorra"" (1278). Study the medieval Pyrenean dress, clerical and noble regalia of the period of this period.","A dramatic chiaroscuro oil painting. 1:1 square composition optimized for small screen viewing. One dominant focal subject filling most of the frame. Strong silhouettes, high contrast. Charters That Created Andorra — A bishop and a count settled their quarrel by sharing the valleys, creating the co-principality of Andorra. A bishop and a count clasping hands over a boundary stone set between steep mountain valleys. No text, no dates, no numbers, no labels, no borders, no watermarks.",,
alfonso-book-of-games,"Search the web for reference artworks and historical records of ""Alfonso's Book of Games"" (1283). Study the medieval Castilian scriptoria, scribe's tools, pigments, and manuscript illumination of this period.","A dramatic chiaroscuro oil painting. 1:1 square composition optimized for small screen viewing. One dominant focal subject filling most of the frame. Strong silhouettes, high contrast. Alfonso's Book of Games — Alfonso the Wise of Castile had scribes compile an illustrated manuscript of chess, dice and tables games. A hunched scribe's hand presses a brush to vellum, pigment pots and a game board sketch nearby. No text, no dates, no numbers, no labels, no borders, no watermarks.",,
edward-i-annexes-wales,"Search the web for reference artworks and historical records of ""Edward I Annexes Wales"" (1284). Study the medieval Welsh castle architecture, masons' tools, and Welsh princely regalia of this period.","A dramatic chiaroscuro oil painting. 1:1 square composition optimized for small screen viewing. One dominant focal subject filling most of the frame. Strong silhouettes, high contrast. Edward I Annexes Wales — The Statute of Rhuddlan bound the Welsh principality to the English crown after Edward I crushed Llywelyn's rising. Masons raising a stone castle tower over misty Welsh hills, a fallen princely coronet at the threshold. No text, no dates, no numbers, no labels, no borders, no watermarks.",,
hereford-mappa-mundi,"Search the web for reference artworks and historical records of ""Hereford Mappa Mundi"" (1300). Study the medieval manuscript illumination, pigments, vellum and monastic scriptoria of this period.","A dramatic chiaroscuro oil painting. 1:1 square composition optimized for small screen viewing. One dominant focal subject filling most of the frame. Strong silhouettes, high contrast. Hereford Mappa Mundi — The largest surviving medieval world map put Jerusalem at its centre and east at the top, mixing scripture with geography. A hunched monk grinding pigment at a slanted desk, a wide vellum sheet pinned before him under candlelight. No text, no dates, no numbers, no labels, no borders, no watermarks.",,
edward-ii-deposed,"Search the web for reference artworks and historical records of ""Edward II Deposed"" (1327). Study the medieval English throne rooms, royal regalia, and castle architecture of this period.","A dramatic chiaroscuro oil painting. 1:1 square composition optimized for small screen viewing. One dominant focal subject filling most of the frame. Strong silhouettes, high contrast. Edward II Deposed — Parliament forced Edward II to give up the crown to his young son after years of misrule; he died in captivity soon after. An empty throne beneath a bare stone archway, a discarded crown resting on the lowest step. No text, no dates, no numbers, no labels, no borders, no watermarks.",,
mamluk-mosque-lamps,"Search the web for reference artworks and historical records of ""Enamelled Mosque Lamps"" (1330). Study the Mamluk glassworking, mosque interiors and enamel craft of this period.","A dramatic chiaroscuro oil painting. 1:1 square composition optimized for small screen viewing. One dominant focal subject filling most of the frame. Strong silhouettes, high contrast. Enamelled Mosque Lamps — Cairo glassmakers gilded and enamelled oil lamps that hung by the dozen in Mamluk mosques, prized far beyond Egypt. An enamelled glass lamp hangs from long chains beneath a vaulted ceiling, its surface etched with looping ornament. No text, no dates, no numbers, no labels, no borders, no watermarks.",,
sandglass-at-sea,"Search the web for reference artworks and historical records of ""Sandglass Goes to Sea"" (1338). Study the medieval sailing ships' rigging, dress and navigation tools of this period.","A dramatic chiaroscuro oil painting. 1:1 square composition optimized for small screen viewing. One dominant focal subject filling most of the frame. Strong silhouettes, high contrast. Sandglass Goes to Sea — European ships adopted the sandglass to time the crew's watches and, paired with a knotted line, to log a vessel's speed. A sailor's hand turning an hourglass on a rolling deck as a knotted line trails into the wake. No text, no dates, no numbers, no labels, no borders, no watermarks.",,
edward-iii-claims-french-crown,"Search the web for reference artworks and historical records of ""Edward III Claims the French Crown"" (1340). Study the medieval heraldry, quartered coats of arms, and royal court dress of this period.","A dramatic chiaroscuro oil painting. 1:1 square composition optimized for small screen viewing. One dominant focal subject filling most of the frame. Strong silhouettes, high contrast. Edward III Claims the French Crown — Edward III formally styled himself King of France and quartered the French lilies with the English lions on his arms. A herald raising a quartered shield bearing lilies and lions before an assembled court. No text, no dates, no numbers, no labels, no borders, no watermarks.",,
petrarch-finds-cicero-letters,"Search the web for reference artworks and historical records of ""Petrarch Finds Cicero's Letters"" (1345). Study the medieval cathedral libraries, scholarly dress, and manuscript storage of this period.","A dramatic chiaroscuro oil painting. 1:1 square composition optimized for small screen viewing. One dominant focal subject filling most of the frame. Strong silhouettes, high contrast. Petrarch Finds Cicero's Letters — In a cathedral library at Verona, Petrarch turned up Cicero's private correspondence and lit the fuse of Renaissance humanism. A robed scholar kneels among shelved manuscripts, cradling a bundle of brittle letters pulled from a forgotten chest. No text, no dates, no numbers, no labels, no borders, no watermarks.",,
ponte-vecchio-florence,"Search the web for reference artworks and historical records of ""Ponte Vecchio Rebuilt"" (1345). Study the medieval Florentine dress, masonry tools and shopfront architecture of this period.","A dramatic chiaroscuro oil painting. 1:1 square composition optimized for small screen viewing. One dominant focal subject filling most of the frame. Strong silhouettes, high contrast. Ponte Vecchio Rebuilt — Florence rebuilt its shop-lined stone bridge over the Arno after a flood swept the previous crossing away. Masons raising a stone arch above a rushing river beside the splintered timbers of a swept-away bridge. No text, no dates, no numbers, no labels, no borders, no watermarks.",,
ibn-al-shatir-lunar-model,"Search the web for reference artworks and historical records of ""Ibn Al-Shatir's Lunar Model"" (1350). Study the the instruments, dress and mosque architecture of Mamluk Damascus of this period.","A dramatic chiaroscuro oil painting. 1:1 square composition optimized for small screen viewing. One dominant focal subject filling most of the frame. Strong silhouettes, high contrast. Ibn Al-Shatir's Lunar Model — The Damascus timekeeper modelled the Moon and planets without Ptolemy's equant, geometry Copernicus later echoed. A mosque timekeeper on a minaret balcony adjusts a wheeled instrument, tracking the moon's crawl above the horizon. No text, no dates, no numbers, no labels, no borders, no watermarks.",,
strasbourg-clock-rooster,"Search the web for reference artworks and historical records of ""Strasbourg Clock Rooster"" (1354). Study the medieval cathedral craftsmanship, metalwork, and clockwork ornament of this period.","A dramatic chiaroscuro oil painting. 1:1 square composition optimized for small screen viewing. One dominant focal subject filling most of the frame. Strong silhouettes, high contrast. Strasbourg Clock Rooster — The cathedral clock carried a gilded cock that flapped its wings, opened its beak and crowed at midday. A mechanical bird perched atop an ornate clock casing, wings spread and beak open mid-crow, gearwork visible behind it. No text, no dates, no numbers, no labels, no borders, no watermarks.",,
basel-earthquake,"Search the web for reference artworks and historical records of ""Basel Earthquake"" (1356). Study the medieval Swiss and Rhineland castle architecture and fortification stonework of this period.","A dramatic chiaroscuro oil painting. 1:1 square composition optimized for small screen viewing. One dominant focal subject filling most of the frame. Strong silhouettes, high contrast. Basel Earthquake — The strongest quake known in central Europe destroyed Basel and threw down castles for miles along the Rhine. A hillside castle tower sheared open above a river gorge, loosened stone blocks scattered down the slope. No text, no dates, no numbers, no labels, no borders, no watermarks.",,
charles-bridge-prague,"Search the web for reference artworks and historical records of ""Charles Bridge Begun"" (1357). Study the medieval Bohemian dress, masonry tools and river fortification of this period.","A dramatic chiaroscuro oil painting. 1:1 square composition optimized for small screen viewing. One dominant focal subject filling most of the frame. Strong silhouettes, high contrast. Charles Bridge Begun — Charles IV laid the first stone of a fortified bridge across the Vltava in Prague, replacing a flood-wrecked span. A robed figure lowering a great foundation stone into place at a riverbank amid masons and cut blocks. No text, no dates, no numbers, no labels, no borders, no watermarks.",,
principality-of-moldavia-founded,"Search the web for reference artworks and historical records of ""Principality of Moldavia Founded"" (1359). Study the late medieval Moldavian dress, horses and banners of this period.","A dramatic chiaroscuro oil painting. 1:1 square composition optimized for small screen viewing. One dominant focal subject filling most of the frame. Strong silhouettes, high contrast. Principality of Moldavia Founded — Bogdan I threw off Hungarian overlordship to found Moldavia, the state modern Moldova traces itself to. A mounted voivode raising a banner atop a hillside while riders wheel away from a distant fortress. No text, no dates, no numbers, no labels, no borders, no watermarks.",,
catalan-atlas,"Search the web for reference artworks and historical records of ""The Catalan Atlas"" (1375). Study the medieval Mediterranean navigation tools, compass roses and workshop craft of this period.","A dramatic chiaroscuro oil painting. 1:1 square composition optimized for small screen viewing. One dominant focal subject filling most of the frame. Strong silhouettes, high contrast. The Catalan Atlas — A Majorcan workshop produced a lavish sea atlas showing Mansa Musa, the roads to Asia and a drawn compass rose. A cartographer's hand guiding a compass point across stretched vellum, brushes and shells of pigment nearby. No text, no dates, no numbers, no labels, no borders, no watermarks.",,
playing-cards-reach-europe,"Search the web for reference artworks and historical records of ""Playing Cards Reach Europe"" (1377). Study the Mamluk Egyptian and Mediterranean trade dress, ports, and merchant goods of this period.","A dramatic chiaroscuro oil painting. 1:1 square composition optimized for small screen viewing. One dominant focal subject filling most of the frame. Strong silhouettes, high contrast. Playing Cards Reach Europe — A Swiss monk recorded the sudden arrival of playing cards, carried from Mamluk Egypt through Mediterranean ports. A merchant's hand fans a deck of cards close to the chest, laden packs waiting at a harbor edge. No text, no dates, no numbers, no labels, no borders, no watermarks.",,
wat-tyler-killed,"Search the web for reference artworks and historical records of ""Wat Tyler Killed at Smithfield"" (1381). Study the medieval English dress, armor and marketplace architecture of this period.","A dramatic chiaroscuro oil painting. 1:1 square composition optimized for small screen viewing. One dominant focal subject filling most of the frame. Strong silhouettes, high contrast. Wat Tyler Killed at Smithfield — The leader of the English peasants' rising was struck down at a parley with the king, breaking the revolt. A dropped banner across cobblestones near a market stall, mounted figures wheeling away at a distance. No text, no dates, no numbers, no labels, no borders, no watermarks.",,
salisbury-cathedral-clock,"Search the web for reference artworks and historical records of ""Salisbury Cathedral Clock"" (1386). Study the medieval ironwork, bell-founding, and cathedral clock mechanisms of this period.","A dramatic chiaroscuro oil painting. 1:1 square composition optimized for small screen viewing. One dominant focal subject filling most of the frame. Strong silhouettes, high contrast. Salisbury Cathedral Clock — The faceless wrought-iron clock at Salisbury began striking the hours, and still runs as one of the oldest of its kind. A wrought-iron escapement mechanism looming in a bell tower, a hammer poised to strike an overhead bell. No text, no dates, no numbers, no labels, no borders, no watermarks.",,
kangnido-world-map,"Search the web for reference artworks and historical records of ""Kangnido World Map"" (1402). Study the Korean court dress, scholarly instruments and manuscript workshops of this period.","A dramatic chiaroscuro oil painting. 1:1 square composition optimized for small screen viewing. One dominant focal subject filling most of the frame. Strong silhouettes, high contrast. Kangnido World Map — Korean scholars merged Chinese, Islamic and Japanese sources into a world map reaching as far as Africa and Europe. Two scholars comparing unrolled scrolls at a low table, brushes and ink stones set between them. No text, no dates, no numbers, no labels, no borders, no watermarks.",,
louis-of-orleans-assassinated,"Search the web for reference artworks and historical records of ""Louis of Orleans Assassinated"" (1407). Study the medieval French dress, torches and Parisian street architecture of this period.","A dramatic chiaroscuro oil painting. 1:1 square composition optimized for small screen viewing. One dominant focal subject filling most of the frame. Strong silhouettes, high contrast. Louis of Orleans Assassinated — The French king's brother was killed in Paris on the orders of the Duke of Burgundy, starting a long civil war. A fallen torch guttering on a narrow street, a riderless horse bolting past shuttered shopfronts. No text, no dates, no numbers, no labels, no borders, no watermarks.",,
prague-astronomical-clock,"Search the web for reference artworks and historical records of ""Prague Astronomical Clock"" (1410). Study the medieval Prague's architecture, stonework and astronomical ornament of this period.","A dramatic chiaroscuro oil painting. 1:1 square composition optimized for small screen viewing. One dominant focal subject filling most of the frame. Strong silhouettes, high contrast. Prague Astronomical Clock — The Orloj was mounted on Prague's Old Town Hall, showing the hour, the zodiac and the positions of sun and moon. Craftsmen on a wooden scaffold fitting a gilded sun and moon sphere above an ornate stone facade. No text, no dates, no numbers, no labels, no borders, no watermarks.",,
london-lantern-order,"Search the web for reference artworks and historical records of ""London Orders Winter Lanterns"" (1417). Study the medieval London streets, timber housefronts and civic dress of this period.","A dramatic chiaroscuro oil painting. 1:1 square composition optimized for small screen viewing. One dominant focal subject filling most of the frame. Strong silhouettes, high contrast. London Orders Winter Lanterns — The mayor required householders to hang lanterns outside on dark evenings, an early rule for lighting city streets. A householder hangs an iron-caged lantern beside a timbered doorway as dusk settles over a narrow street. No text, no dates, no numbers, no labels, no borders, no watermarks.",,
poggio-recovers-lucretius,"Search the web for reference artworks and historical records of ""Poggio Recovers Lucretius"" (1417). Study the medieval monastic libraries, book-hunters' dress, and manuscript bindings of this period.","A dramatic chiaroscuro oil painting. 1:1 square composition optimized for small screen viewing. One dominant focal subject filling most of the frame. Strong silhouettes, high contrast. Poggio Recovers Lucretius — The book hunter Poggio Bracciolini found the last surviving copy of the Roman poem On the Nature of Things in a German abbey. A traveler by lantern light pulls a worn manuscript volume from a shadowed abbey shelf, blowing dust from its cover. No text, no dates, no numbers, no labels, no borders, no watermarks.",,
voynich-manuscript-created,"Search the web for reference artworks and historical records of ""The Voynich Manuscript"" (1420). Study the the pigments, vellum, tools and settings of a medieval European scriptorium of this period.","A dramatic chiaroscuro oil painting. 1:1 square composition optimized for small screen viewing. One dominant focal subject filling most of the frame. Strong silhouettes, high contrast. The Voynich Manuscript — An illustrated codex was written in an unknown script that has since defeated every professional codebreaker who tried it. An illuminator's hand painting an imagined botanical figure across a vellum page in candlelight. No text, no dates, no numbers, no labels, no borders, no watermarks.",,
henry-vi-crowned-in-paris,"Search the web for reference artworks and historical records of ""Henry VI Crowned in Paris"" (1431). Study the Notre-Dame's Gothic architecture, French and English coronation regalia, and clergy vestments of this period.","A dramatic chiaroscuro oil painting. 1:1 square composition optimized for small screen viewing. One dominant focal subject filling most of the frame. Strong silhouettes, high contrast. Henry VI Crowned in Paris — The boy king of England was crowned King of France at Notre-Dame, the only monarch ever crowned in both kingdoms. Soaring cathedral vaults framing a small robed boy enthroned as clergy bear ceremonial regalia. No text, no dates, no numbers, no labels, no borders, no watermarks.",,
cusa-infinite-universe,"Search the web for reference artworks and historical records of ""Cusa Denies the Cosmic Centre"" (1440). Study the the dress, architecture and manuscripts of a fifteenth-century church scholar of this period.","A dramatic chiaroscuro oil painting. 1:1 square composition optimized for small screen viewing. One dominant focal subject filling most of the frame. Strong silhouettes, high contrast. Cusa Denies the Cosmic Centre — Nicholas of Cusa argued the universe has no centre and no outer edge, and that stars are other suns. A cardinal in dark robes stands alone on a tower at night, gazing past countless equal points of light. No text, no dates, no numbers, no labels, no borders, no watermarks.",,
alberti-cipher-disk,"Search the web for reference artworks and historical records of ""Alberti's Cipher Disk"" (1467). Study the the dress, instruments and study settings of Renaissance Florence of this period.","A dramatic chiaroscuro oil painting. 1:1 square composition optimized for small screen viewing. One dominant focal subject filling most of the frame. Strong silhouettes, high contrast. Alberti's Cipher Disk — Leon Battista Alberti mounted two lettered discs that turned mid-message, the first cipher to switch alphabets as it ran. A hand turning one bronze disc mounted atop another on a writing table by candlelight. No text, no dates, no numbers, no labels, no borders, no watermarks.",,
printed-ptolemy-maps,"Search the web for reference artworks and historical records of ""Ptolemy's Maps Printed"" (1477). Study the early printing presses, engraved printing plates and print workshops of this period.","A dramatic chiaroscuro oil painting. 1:1 square composition optimized for small screen viewing. One dominant focal subject filling most of the frame. Strong silhouettes, high contrast. Ptolemy's Maps Printed — A Bologna press issued the Geographia with engraved maps, putting identical copies of one world picture into many hands. A printer's hands lifting a freshly inked plate from the press, engraving tools scattered across the bench. No text, no dates, no numbers, no labels, no borders, no watermarks.",,
pazzi-conspiracy,"Search the web for reference artworks and historical records of ""The Pazzi Conspiracy"" (1478). Study the Florentine Renaissance dress, cathedral interiors and liturgical objects of this period.","A dramatic chiaroscuro oil painting. 1:1 square composition optimized for small screen viewing. One dominant focal subject filling most of the frame. Strong silhouettes, high contrast. The Pazzi Conspiracy — Rival bankers attacked the Medici brothers during Mass in Florence. Giuliano was killed and Lorenzo escaped. An overturned prayer bench inside a cathedral nave, robed figures scattering toward a side door. No text, no dates, no numbers, no labels, no borders, no watermarks.",,
domus-aurea-rediscovered,"Search the web for reference artworks and historical records of ""Nero's Golden House Found"" (1480). Study the Roman fresco painting, underground architecture, and Renaissance artists' dress of this period.","A dramatic chiaroscuro oil painting. 1:1 square composition optimized for small screen viewing. One dominant focal subject filling most of the frame. Strong silhouettes, high contrast. Nero's Golden House Found — Romans lowered themselves on ropes into buried painted halls under a hillside, and copied the decoration as the grotesque style. A figure lowered by rope through a hole in a hillside peers up at painted vaults looming overhead. No text, no dates, no numbers, no labels, no borders, no watermarks.",,
first-scotch-whisky-record,"Search the web for reference artworks and historical records of ""First Record of Scotch Whisky"" (1494). Study the medieval Scottish monastic dress, malt, and early distilling equipment of the period of this period.","A dramatic chiaroscuro oil painting. 1:1 square composition optimized for small screen viewing. One dominant focal subject filling most of the frame. Strong silhouettes, high contrast. First Record of Scotch Whisky — Scotland's exchequer rolls logged malt granted to Friar John Cor to make aqua vitae, the earliest whisky record. A hooded friar shoveling malted grain beside a squat still venting steam in a stone cellar. No text, no dates, no numbers, no labels, no borders, no watermarks.",,
leonardo-mechanical-knight,"Search the web for reference artworks and historical records of ""Leonardo's Mechanical Knight"" (1495). Study the Renaissance armor, engineering sketches, and courtly workshop settings of this period.","A dramatic chiaroscuro oil painting. 1:1 square composition optimized for small screen viewing. One dominant focal subject filling most of the frame. Strong silhouettes, high contrast. Leonardo's Mechanical Knight — Leonardo da Vinci designed an armoured figure worked by cables and pulleys that could sit, stand and move its arms. An armored figure seated on a pulley rig, one arm rising as cables strain through its joints, sketches scattered nearby. No text, no dates, no numbers, no labels, no borders, no watermarks.",,
meio-nankai-earthquake,"Search the web for reference artworks and historical records of ""Meio Nankai Earthquake"" (1498). Study the medieval Japanese temple architecture, coastal villages and Buddhist statuary of this period.","A dramatic chiaroscuro oil painting. 1:1 square composition optimized for small screen viewing. One dominant focal subject filling most of the frame. Strong silhouettes, high contrast. Meio Nankai Earthquake — A megathrust quake on Japan's Nankai Trough drove a tsunami that swept away the hall sheltering the Great Buddha of Kamakura. A vast bronze figure sitting exposed under open sky, splintered timbers of its collapsed hall strewn at its base. No text, no dates, no numbers, no labels, no borders, no watermarks.",,
leonardo-diving-apparatus,"Search the web for reference artworks and historical records of ""Leonardo's Diving Apparatus"" (1500). Study the Renaissance workshop tools, leatherwork and Leonardo's mechanical sketches of this period.","A dramatic chiaroscuro oil painting. 1:1 square composition optimized for small screen viewing. One dominant focal subject filling most of the frame. Strong silhouettes, high contrast. Leonardo's Diving Apparatus — Leonardo da Vinci sketched a leather diving suit, webbed gloves and a breathing tube, withholding it for fear of use in war. A cluttered workshop table holding a leather suit, webbed gloves and a coiled breathing tube. No text, no dates, no numbers, no labels, no borders, no watermarks.",,
laocoon-unearthed,"Search the web for reference artworks and historical records of ""Laocoon Statue Unearthed"" (1506). Study the Roman marble sculpture, Renaissance dress, and vineyard excavation tools of this period.","A dramatic chiaroscuro oil painting. 1:1 square composition optimized for small screen viewing. One dominant focal subject filling most of the frame. Strong silhouettes, high contrast. Laocoon Statue Unearthed — Diggers in a Roman vineyard struck an ancient marble group of a priest and his sons in the coils of serpents; Michelangelo came to look. Diggers in a vineyard trench brace ropes around a marble figure entwined in serpentine coils, onlookers gathering close. No text, no dates, no numbers, no labels, no borders, no watermarks.",,
henlein-portable-watch,"Search the web for reference artworks and historical records of ""Henlein's Portable Watch"" (1510). Study the Renaissance locksmith workshops, tools and metalworking dress of this period.","A dramatic chiaroscuro oil painting. 1:1 square composition optimized for small screen viewing. One dominant focal subject filling most of the frame. Strong silhouettes, high contrast. Henlein's Portable Watch — Nuremberg locksmith Peter Henlein built spring-driven clocks small enough to carry, ancestors of the pocket watch. A craftsman's hands at a workbench fitting a coiled spring into a small drum-shaped case of gears. No text, no dates, no numbers, no labels, no borders, no watermarks.",,
reinheitsgebot-beer-purity,"Search the web for reference artworks and historical records of ""Bavarian Beer Purity Law"" (1516). Study the Bavarian brewing equipment, ingredients, and guild dress of the period of this period.","A dramatic chiaroscuro oil painting. 1:1 square composition optimized for small screen viewing. One dominant focal subject filling most of the frame. Strong silhouettes, high contrast. Bavarian Beer Purity Law — Bavaria decreed that beer be brewed from barley, hops and water alone, a purity rule German brewers still cite. A brewer's hands weighing barley and hops on a scale beside an open barrel of water. No text, no dates, no numbers, no labels, no borders, no watermarks.",,
trithemius-polygraphia,"Search the web for reference artworks and historical records of ""First Printed Book On Ciphers"" (1518). Study the the dress, presses and tools of an early printed-book workshop of this period.","A dramatic chiaroscuro oil painting. 1:1 square composition optimized for small screen viewing. One dominant focal subject filling most of the frame. Strong silhouettes, high contrast. First Printed Book On Ciphers — The abbot Trithemius left a printed manual whose square table enciphered each letter of a message with a fresh alphabet. A hooded abbot's hands turning the heavy screw of a wooden printing press in lamplight. No text, no dates, no numbers, no labels, no borders, no watermarks.",,
joachimsthaler-first-struck,"Search the web for reference artworks and historical records of ""The First Thaler Is Struck"" (1520). Study the Renaissance-era Bohemian mining and minting workshops, dress and striking tools of this period.","A dramatic chiaroscuro oil painting. 1:1 square composition optimized for small screen viewing. One dominant focal subject filling most of the frame. Strong silhouettes, high contrast. The First Thaler Is Struck — Silver from the Bohemian valley of Joachimsthal was struck into big coins whose name became the word dollar. A minter's hammer coming down on a broad silver blank held by tongs, mine timbers visible through the doorway. No text, no dates, no numbers, no labels, no borders, no watermarks.",,
gustav-vasa-elected-king,"Search the web for reference artworks and historical records of ""Gustav Vasa Crowned in Sweden"" (1523). Study the Renaissance-era Swedish nobility dress, armor and assembly customs of this period.","A dramatic chiaroscuro oil painting. 1:1 square composition optimized for small screen viewing. One dominant focal subject filling most of the frame. Strong silhouettes, high contrast. Gustav Vasa Crowned in Sweden — Gustav Vasa's election as king broke the Kalmar Union and set Sweden on its own course as a nation. Armored nobles raising their swords in acclamation around a newly elected king standing atop a dais. No text, no dates, no numbers, no labels, no borders, no watermarks.",,
nemi-diving-bell,"Search the web for reference artworks and historical records of ""Diving Bell at Lake Nemi"" (1535). Study the Renaissance diving bells and the sunken pleasure barges of ancient Rome of this period.","A dramatic chiaroscuro oil painting. 1:1 square composition optimized for small screen viewing. One dominant focal subject filling most of the frame. Strong silhouettes, high contrast. Diving Bell at Lake Nemi — Guglielmo de Lorena descended in a bell resting on his shoulders to survey Caligula's sunken pleasure barges. A diver's shoulders braced inside a wooden bell resting on a sunken barge's carved timbers. No text, no dates, no numbers, no labels, no borders, no watermarks.",,
great-debasement-henry-viii,"Search the web for reference artworks and historical records of ""Henry VIII's Great Debasement"" (1544). Study the Tudor mint workshops, scales, tools and coin-clipping of the period of this period.","A dramatic chiaroscuro oil painting. 1:1 square composition optimized for small screen viewing. One dominant focal subject filling most of the frame. Strong silhouettes, high contrast. Henry VIII's Great Debasement — Henry VIII cut the silver out of English coins to fund his wars, and the crown's money lost most of its value. A hand paring shavings from a stack of coins at a mint bench, a balance scale tipping as their weight falls. No text, no dates, no numbers, no labels, no borders, no watermarks.",,
cardano-ars-magna,"Search the web for reference artworks and historical records of ""Cardano Publishes Ars Magna"" (1545). Study the Renaissance Italian dress, printing presses, and scholar's studies of this period.","A dramatic chiaroscuro oil painting. 1:1 square composition optimized for small screen viewing. One dominant focal subject filling most of the frame. Strong silhouettes, high contrast. Cardano Publishes Ars Magna — Cardano printed general solutions to the cubic and quartic, and met square roots of negative numbers. A cloaked figure hunched over a cluttered writing desk, quill hovering above scattered parchment sheets, candlelight guttering. No text, no dates, no numbers, no labels, no borders, no watermarks.",,
variolation-china,"Search the web for reference artworks and historical records of ""Variolation Practised In China"" (1549). Study the Ming dynasty physicians, apothecary tools and medical texts of this period.","A dramatic chiaroscuro oil painting. 1:1 square composition optimized for small screen viewing. One dominant focal subject filling most of the frame. Strong silhouettes, high contrast. Variolation Practised In China — Ming physicians recorded blowing powdered smallpox scabs into the nose to induce mild, protective infection. A physician's hand grinding scabs into powder with a mortar, a hollow tube and folded silk laid on a lacquered table. No text, no dates, no numbers, no labels, no borders, no watermarks.",,
japanese-andon-lantern,"Search the web for reference artworks and historical records of ""Andon Paper Lamps In Japan"" (1550). Study the Japanese interiors, paper craft and household objects of the period of this period.","A dramatic chiaroscuro oil painting. 1:1 square composition optimized for small screen viewing. One dominant focal subject filling most of the frame. Strong silhouettes, high contrast. Andon Paper Lamps In Japan — Wooden frames screened with paper sheltered a rapeseed-oil wick, becoming the standard household lamp in Japan. A paper screen is stretched taut over a wooden frame around a small oil wick set on a low stand. No text, no dates, no numbers, no labels, no borders, no watermarks.",,
mary-i-becomes-queen,"Search the web for reference artworks and historical records of ""Mary I Becomes Queen"" (1553). Study the Tudor royal dress, Catholic devotional objects, and restored church interiors of this period.","A dramatic chiaroscuro oil painting. 1:1 square composition optimized for small screen viewing. One dominant focal subject filling most of the frame. Strong silhouettes, high contrast. Mary I Becomes Queen — Mary Tudor took the throne as England's first ruling queen and set about restoring the Catholic faith by force. A veiled woman kneeling before a restored altar, a rosary wound through clasped hands. No text, no dates, no numbers, no labels, no borders, no watermarks.",,
turriano-mechanical-friar,"Search the web for reference artworks and historical records of ""Turriano's Mechanical Friar"" (1560). Study the Renaissance monastic dress, clockwork craftsmanship, and courtly interiors of this period.","A dramatic chiaroscuro oil painting. 1:1 square composition optimized for small screen viewing. One dominant focal subject filling most of the frame. Strong silhouettes, high contrast. Turriano's Mechanical Friar — Clockmaker Juanelo Turriano built a wind-up friar that walked a table top, beat its breast and kissed a rosary. A robed clockwork figure shuffling across a tabletop, one fist striking its chest, a rosary raised toward its lowered head. No text, no dates, no numbers, no labels, no borders, no watermarks.",,
stari-most-mostar,"Search the web for reference artworks and historical records of ""Stari Most Completed"" (1566). Study the Ottoman stonemasonry, tools and dress, and the gorge landscape of this period.","A dramatic chiaroscuro oil painting. 1:1 square composition optimized for small screen viewing. One dominant focal subject filling most of the frame. Strong silhouettes, high contrast. Stari Most Completed — Ottoman architect Mimar Hayruddin threw a single soaring stone arch across the Neretva gorge at Mostar. A stone keystone lowered on ropes into a soaring arch spanning a deep river gorge, masons guiding it into place. No text, no dates, no numbers, no labels, no borders, no watermarks.",,
murder-of-lord-darnley,"Search the web for reference artworks and historical records of ""Murder of Lord Darnley"" (1567). Study the Scottish Renaissance dress and fortified townhouse architecture of this period.","A dramatic chiaroscuro oil painting. 1:1 square composition optimized for small screen viewing. One dominant focal subject filling most of the frame. Strong silhouettes, high contrast. Murder of Lord Darnley — The consort of Mary, Queen of Scots died when his Edinburgh lodging was destroyed, wrecking her hold on the throne. A ruined townhouse facade smoldering under a night sky, a nightgown draped over rubble in a garden. No text, no dates, no numbers, no labels, no borders, no watermarks.",,
tycho-new-star,"Search the web for reference artworks and historical records of ""Tycho's New Star"" (1572). Study the the instruments, dress and observatory architecture of a Danish noble astronomer of this period.","A dramatic chiaroscuro oil painting. 1:1 square composition optimized for small screen viewing. One dominant focal subject filling most of the frame. Strong silhouettes, high contrast. Tycho's New Star — A brilliant new star appeared among the fixed stars, proving the heavens beyond the Moon do change. A nobleman astronomer braces a massive sighting instrument on a rooftop, transfixed by an unfamiliar point of light. No text, no dates, no numbers, no labels, no borders, no watermarks.",,
roman-catacombs-rediscovered,"Search the web for reference artworks and historical records of ""Roman Catacombs Rediscovered"" (1578). Study the early Christian burial architecture and the dress of Roman countryside laborers of this period.","A dramatic chiaroscuro oil painting. 1:1 square composition optimized for small screen viewing. One dominant focal subject filling most of the frame. Strong silhouettes, high contrast. Roman Catacombs Rediscovered — A collapse on the Via Salaria opened miles of forgotten Christian burial galleries beneath the Roman countryside. A ground collapse reveals a dark stairway descending into endless carved burial niches underground. No text, no dates, no numbers, no labels, no borders, no watermarks.",,
gregorian-calendar-reform,"Search the web for reference artworks and historical records of ""Gregorian Calendar Adopted"" (1582). Study the papal court dress, astronomical instruments, and Roman church council settings of this period.","A dramatic chiaroscuro oil painting. 1:1 square composition optimized for small screen viewing. One dominant focal subject filling most of the frame. Strong silhouettes, high contrast. Gregorian Calendar Adopted — Pope Gregory XIII struck ten days from the year and changed the leap rule to stop Easter drifting away from the equinox. A pontiff flanked by astronomers studying an armillary sphere beneath a shaft of equinox light in a chapel. No text, no dates, no numbers, no labels, no borders, no watermarks.",,
william-of-orange-assassinated,"Search the web for reference artworks and historical records of ""William of Orange Assassinated"" (1584). Study the Dutch dress of the period, domestic interiors and stairwells of this period.","A dramatic chiaroscuro oil painting. 1:1 square composition optimized for small screen viewing. One dominant focal subject filling most of the frame. Strong silhouettes, high contrast. William of Orange Assassinated — The leader of the Dutch revolt was shot at his house in Delft by a Catholic seeking a bounty offered by Spain. A pistol left smoking on a stairwell landing, household figures frozen mid-step in a doorway. No text, no dates, no numbers, no labels, no borders, no watermarks.",,
babington-plot-cipher-broken,"Search the web for reference artworks and historical records of ""Mary Stuart's Cipher Broken"" (1586). Study the the dress, furnishings and correspondence of an Elizabethan court of this period.","A dramatic chiaroscuro oil painting. 1:1 square composition optimized for small screen viewing. One dominant focal subject filling most of the frame. Strong silhouettes, high contrast. Mary Stuart's Cipher Broken — Elizabeth I's codebreaker deciphered letters in which Mary, Queen of Scots blessed a plot to assassinate the queen. A codebreaker hunched at a candlelit desk, a broken wax seal resting beside a folded intercepted letter. No text, no dates, no numbers, no labels, no borders, no watermarks.",,
galileo-pendulum-isochronism,"Search the web for reference artworks and historical records of ""Galileo Times the Pendulum"" (1602). Study the Renaissance Italian dress, scientific instruments, and study interiors of this period.","A dramatic chiaroscuro oil painting. 1:1 square composition optimized for small screen viewing. One dominant focal subject filling most of the frame. Strong silhouettes, high contrast. Galileo Times the Pendulum — Galileo argued that a pendulum takes the same time to swing whatever the width of its arc, the principle behind exact clocks. A scholar seated beneath a swinging lamp, one hand counting his pulse against the arc of its swing. No text, no dates, no numbers, no labels, no borders, no watermarks.",,
ricci-chinese-world-map,"Search the web for reference artworks and historical records of ""Ricci's Chinese World Map"" (1602). Study the Ming dynasty and Jesuit dress, printing blocks and scholarly instruments of this period.","A dramatic chiaroscuro oil painting. 1:1 square composition optimized for small screen viewing. One dominant focal subject filling most of the frame. Strong silhouettes, high contrast. Ricci's Chinese World Map — Matteo Ricci and Chinese scholars printed a world map showing the Americas, with China set near the centre of the sheet. A Jesuit and a robed scholar leaning together over a woodblock, one pointing with a slender rod. No text, no dates, no numbers, no labels, no borders, no watermarks.",,
pont-neuf-paris,"Search the web for reference artworks and historical records of ""Pont Neuf Completed"" (1607). Study the early modern Parisian dress, riverboats and stone bridge construction of this period.","A dramatic chiaroscuro oil painting. 1:1 square composition optimized for small screen viewing. One dominant focal subject filling most of the frame. Strong silhouettes, high contrast. Pont Neuf Completed — Paris opened its first bridge built with no houses on it, giving the city clear views along the Seine. A cloaked figure standing on an open stone bridge deck with unobstructed views along a wide river, no buildings crowding the rail. No text, no dates, no numbers, no labels, no borders, no watermarks.",,
henry-iv-france-assassinated,"Search the web for reference artworks and historical records of ""Henry IV of France Assassinated"" (1610). Study the early modern French dress, carriages and Parisian street architecture of this period.","A dramatic chiaroscuro oil painting. 1:1 square composition optimized for small screen viewing. One dominant focal subject filling most of the frame. Strong silhouettes, high contrast. Henry IV of France Assassinated — The king who ended the French wars of religion was stabbed by Francois Ravaillac in a Paris street. A halted carriage with its door flung open on a narrow street, a dropped dagger beside a wheel. No text, no dates, no numbers, no labels, no borders, no watermarks.",,
cordouan-lighthouse,"Search the web for reference artworks and historical records of ""Cordouan Lighthouse Completed"" (1611). Study the French royal architecture, masonry towers and maritime settings of this period.","A dramatic chiaroscuro oil painting. 1:1 square composition optimized for small screen viewing. One dominant focal subject filling most of the frame. Strong silhouettes, high contrast. Cordouan Lighthouse Completed — A royal tower crowned by an open fire rose at the mouth of the Gironde to guide ships past its shoals. A tall stone tower rises from rocky shoals, an open fire blazing atop it as distant ships pass below. No text, no dates, no numbers, no labels, no borders, no watermarks.",,
napier-logarithms,"Search the web for reference artworks and historical records of ""Napier Invents Logarithms"" (1614). Study the Jacobean Scottish dress, astronomical instruments, and study interiors of this period.","A dramatic chiaroscuro oil painting. 1:1 square composition optimized for small screen viewing. One dominant focal subject filling most of the frame. Strong silhouettes, high contrast. Napier Invents Logarithms — John Napier published tables turning multiplication into addition, transforming astronomical calculation. An elderly robed figure at a crowded window ledge, an astrolabe raised toward the night sky. No text, no dates, no numbers, no labels, no borders, no watermarks.",,
drebbel-submarine-thames,"Search the web for reference artworks and historical records of ""Drebbel's Submarine Voyage"" (1620). Study the seventeenth-century rowed boats, leatherwork and the River Thames of this period.","A dramatic chiaroscuro oil painting. 1:1 square composition optimized for small screen viewing. One dominant focal subject filling most of the frame. Strong silhouettes, high contrast. Drebbel's Submarine Voyage — Cornelis Drebbel rowed a greased leather boat beneath the Thames, the first navigable submarine ever demonstrated. A low leather-hulled boat gliding just beneath the river's surface, oars working through small ports. No text, no dates, no numbers, no labels, no borders, no watermarks.",,
bacon-bilateral-cipher,"Search the web for reference artworks and historical records of ""Bacon's Bilateral Cipher"" (1623). Study the typefaces, presses, tools and dress of an early modern print shop of this period.","A dramatic chiaroscuro oil painting. 1:1 square composition optimized for small screen viewing. One dominant focal subject filling most of the frame. Strong silhouettes, high contrast. Bacon's Bilateral Cipher — Francis Bacon encoded each letter as a five-symbol group of two typefaces, concealing a message inside innocent text. A printer's hands sorting two subtly different typefaces into a composing stick by lamplight. No text, no dates, no numbers, no labels, no borders, no watermarks.",,
wallenstein-assassinated,"Search the web for reference artworks and historical records of ""Wallenstein Assassinated"" (1634). Study the Habsburg military dress, campaign tents and officers' equipment of this period.","A dramatic chiaroscuro oil painting. 1:1 square composition optimized for small screen viewing. One dominant focal subject filling most of the frame. Strong silhouettes, high contrast. Wallenstein Assassinated — The Habsburg emperor's leading general was killed by his own officers once he was suspected of treating with the enemy. An abandoned campaign tent with a toppled candle stand, officers' cloaks left on empty camp chairs. No text, no dates, no numbers, no labels, no borders, no watermarks.",,
ridotto-venice-casino,"Search the web for reference artworks and historical records of ""Venice Opens the Ridotto"" (1638). Study the Venetian masks, dress, and gaming house interiors of the period of this period.","A dramatic chiaroscuro oil painting. 1:1 square composition optimized for small screen viewing. One dominant focal subject filling most of the frame. Strong silhouettes, high contrast. Venice Opens the Ridotto — Venice licensed the Ridotto, a public gaming house where masked patrons played card games under state supervision. A masked figure leans across a table scattered with candle stubs, one gloved hand sliding a wager toward the cards. No text, no dates, no numbers, no labels, no borders, no watermarks.",,
great-cipher-of-france,"Search the web for reference artworks and historical records of ""The Great Cipher Of France"" (1650). Study the the dress, furnishings and correspondence of the court of Louis XIV of this period.","A dramatic chiaroscuro oil painting. 1:1 square composition optimized for small screen viewing. One dominant focal subject filling most of the frame. Strong silhouettes, high contrast. The Great Cipher Of France — The Rossignols enciphered the correspondence of Louis XIV with hundreds of numbered syllables, resisting attack for centuries. Two cipher clerks bent over a candlelit table, quills poised above stacks of sealed correspondence. No text, no dates, no numbers, no labels, no borders, no watermarks.",,
blaeu-atlas-maior,"Search the web for reference artworks and historical records of ""Blaeu's Atlas Maior"" (1662). Study the Dutch Baroque-era printing houses, engraving tools and bookbinding of this period.","A dramatic chiaroscuro oil painting. 1:1 square composition optimized for small screen viewing. One dominant focal subject filling most of the frame. Strong silhouettes, high contrast. Blaeu's Atlas Maior — Joan Blaeu published a multi-volume Amsterdam atlas of hundreds of hand-coloured maps, the costliest book of its age. A worker tinting an engraved sheet with a fine brush, bound volumes stacked high on a workshop table. No text, no dates, no numbers, no labels, no borders, no watermarks.",,
first-colonial-rum-distillery,"Search the web for reference artworks and historical records of ""First Colonial Rum Distillery"" (1664). Study the colonial American distilling equipment, molasses barrels, and dockside dress of the period of this period.","A dramatic chiaroscuro oil painting. 1:1 square composition optimized for small screen viewing. One dominant focal subject filling most of the frame. Strong silhouettes, high contrast. First Colonial Rum Distillery — A Staten Island distillery began turning Caribbean molasses into rum, seeding a trade that fuelled Atlantic commerce. Barrels of molasses being rolled off a dock toward a squat distillery with a smoking still. No text, no dates, no numbers, no labels, no borders, no watermarks.",,
vasa-cannon-salvaged,"Search the web for reference artworks and historical records of ""Vasa's Cannon Salvaged"" (1664). Study the Baroque naval guns, salvage bells and the sunken warship in Stockholm harbour of this period.","A dramatic chiaroscuro oil painting. 1:1 square composition optimized for small screen viewing. One dominant focal subject filling most of the frame. Strong silhouettes, high contrast. Vasa's Cannon Salvaged — Divers working from a lead bell hauled dozens of bronze guns off a Swedish warship lying deep in Stockholm harbour. A diver inside a lead bell guiding a chained cannon upward past a listing warship's hull. No text, no dates, no numbers, no labels, no borders, no watermarks.",,
paris-street-lanterns,"Search the web for reference artworks and historical records of ""Paris Hangs Street Lanterns"" (1667). Study the Parisian streets, dress and civic lighting devices of this period.","A dramatic chiaroscuro oil painting. 1:1 square composition optimized for small screen viewing. One dominant focal subject filling most of the frame. Strong silhouettes, high contrast. Paris Hangs Street Lanterns — Police chief La Reynie strung candle lanterns above the streets, and the capital earned its name as the city of light. Workers haul a rope to hoist a caged candle lantern above a cobbled street lined with shuttered houses. No text, no dates, no numbers, no labels, no borders, no watermarks.",,
etna-catania-eruption,"Search the web for reference artworks and historical records of ""Etna's Lava Reaches Catania"" (1669). Study the 17th-century Sicilian city walls, harbor architecture and coastal masonry of this period.","A dramatic chiaroscuro oil painting. 1:1 square composition optimized for small screen viewing. One dominant focal subject filling most of the frame. Strong silhouettes, high contrast. Etna's Lava Reaches Catania — Mount Etna's largest recorded eruption pushed lava through the walls of Catania and on into the sea, reshaping Sicily's coast. A molten flow breaching a city wall and pouring toward a harbor, boats pulling clear of a hissing shoreline. No text, no dates, no numbers, no labels, no borders, no watermarks.",,
balance-spring-watch,"Search the web for reference artworks and historical records of ""Balance Spring Watch"" (1675). Study the Dutch clockmakers' workshops, tools and fine metalwork of this period.","A dramatic chiaroscuro oil painting. 1:1 square composition optimized for small screen viewing. One dominant focal subject filling most of the frame. Strong silhouettes, high contrast. Balance Spring Watch — Christiaan Huygens fitted a spiral spring to a watch balance wheel, making portable timepieces vastly more accurate. A clockmaker's loupe-eye peering close as tweezers set a spiral spring onto a tiny balance wheel. No text, no dates, no numbers, no labels, no borders, no watermarks.",,
canal-du-midi-opens,"Search the web for reference artworks and historical records of ""Canal du Midi Opens"" (1681). Study the early modern French canal engineering, barges, tools and dress of this period.","A dramatic chiaroscuro oil painting. 1:1 square composition optimized for small screen viewing. One dominant focal subject filling most of the frame. Strong silhouettes, high contrast. Canal du Midi Opens — Pierre-Paul Riquet's canal joined the Atlantic to the Mediterranean and bored the first tunnel cut for shipping. A barge gliding into a rough-hewn stone tunnel mouth cut through a hillside, torchlight flickering on wet rock. No text, no dates, no numbers, no labels, no borders, no watermarks.",,
halley-diving-bell,"Search the web for reference artworks and historical records of ""Halley's Diving Bell"" (1690). Study the Restoration-era scientific instruments, diving bells and the River Thames of this period.","A dramatic chiaroscuro oil painting. 1:1 square composition optimized for small screen viewing. One dominant focal subject filling most of the frame. Strong silhouettes, high contrast. Halley's Diving Bell — Edmond Halley kept divers down for hours by sending weighted barrels of fresh air to a bell sunk in the Thames. A weighted barrel of air being lowered on a rope toward a bell resting on the riverbed. No text, no dates, no numbers, no labels, no borders, no watermarks.",,
dominoes-reach-europe,"Search the web for reference artworks and historical records of ""Dominoes Reach Europe"" (1700). Study the European tavern interiors, dress, and carved bone or ivory game pieces of this period.","A dramatic chiaroscuro oil painting. 1:1 square composition optimized for small screen viewing. One dominant focal subject filling most of the frame. Strong silhouettes, high contrast. Dominoes Reach Europe — Chinese tile games arrived in Italy and France as dominoes, sets of pip-marked bones matched end to end. A hand nudges a tile flush against its match on a worn tavern table, others stacked nearby. No text, no dates, no numbers, no labels, no borders, no watermarks.",,
queen-anne-accession,"Search the web for reference artworks and historical records of ""Anne Becomes Queen"" (1702). Study the Stuart-era royal dress, coronation regalia, and the heraldry of the united kingdoms of this period.","A dramatic chiaroscuro oil painting. 1:1 square composition optimized for small screen viewing. One dominant focal subject filling most of the frame. Strong silhouettes, high contrast. Anne Becomes Queen — The last Stuart monarch took the throne; England and Scotland were joined into a single kingdom during her reign. A seated queen beneath a canopy, a single crown resting on a cushion woven with rose and thistle. No text, no dates, no numbers, no labels, no borders, no watermarks.",,
herculaneum-well-discovery,"Search the web for reference artworks and historical records of ""Herculaneum Struck by Diggers"" (1709). Study the Roman theatre architecture and the dress and tools of eighteenth-century well-diggers of this period.","A dramatic chiaroscuro oil painting. 1:1 square composition optimized for small screen viewing. One dominant focal subject filling most of the frame. Strong silhouettes, high contrast. Herculaneum Struck by Diggers — Workmen sinking a well near Naples hit the marble seats of a Roman theatre buried under volcanic rock. A workman deep in a narrow shaft chips at volcanic rock, exposing the curved marble seats of a buried theatre. No text, no dates, no numbers, no labels, no borders, no watermarks.",,
george-i-hanoverian-succession,"Search the web for reference artworks and historical records of ""Hanoverian Succession"" (1714). Study the early Georgian court dress, maritime arrival scenes, and Hanoverian regalia of this period.","A dramatic chiaroscuro oil painting. 1:1 square composition optimized for small screen viewing. One dominant focal subject filling most of the frame. Strong silhouettes, high contrast. Hanoverian Succession — The German-speaking Elector of Hanover became George I of Great Britain, passing over dozens of nearer Catholic claimants. A traveling figure stepping from a ship's gangway onto a foreign quay, courtiers bowing with an offered mantle. No text, no dates, no numbers, no labels, no borders, no watermarks.",,
longitude-act,"Search the web for reference artworks and historical records of ""Longitude Act Passed"" (1714). Study the British parliamentary settings and seafaring navigation instruments of this period.","A dramatic chiaroscuro oil painting. 1:1 square composition optimized for small screen viewing. One dominant focal subject filling most of the frame. Strong silhouettes, high contrast. Longitude Act Passed — Parliament offered a fortune to anyone who could fix a ship's longitude at sea, a problem that came down to keeping time. A ship's navigator bracing against a rail, sextant raised toward the horizon beside a gimbaled case. No text, no dates, no numbers, no labels, no borders, no watermarks.",,
lethbridge-diving-engine,"Search the web for reference artworks and historical records of ""Lethbridge's Diving Engine"" (1715). Study the early eighteenth-century shipwrecks, salvage tools and East India Company cargo of this period.","A dramatic chiaroscuro oil painting. 1:1 square composition optimized for small screen viewing. One dominant focal subject filling most of the frame. Strong silhouettes, high contrast. Lethbridge's Diving Engine — John Lethbridge sealed himself into an oak barrel with leather armholes and stripped wrecks for the East India Company. A sealed oak barrel with leather armholes reaching toward a wreck's scattered cargo on the seabed. No text, no dates, no numbers, no labels, no borders, no watermarks.",,
vienna-black-chamber,"Search the web for reference artworks and historical records of ""Vienna's Black Chamber"" (1716). Study the the dress, seals, correspondence and clerical settings of the Habsburg court of this period.","A dramatic chiaroscuro oil painting. 1:1 square composition optimized for small screen viewing. One dominant focal subject filling most of the frame. Strong silhouettes, high contrast. Vienna's Black Chamber — Habsburg clerks opened, copied and resealed foreign diplomatic mail each morning, sending the decrypts on to the emperor. A clerk's hands holding a letter over rising steam, a fresh wax seal ready to press it closed again. No text, no dates, no numbers, no labels, no borders, no watermarks.",,
liechtenstein-principality-created,"Search the web for reference artworks and historical records of ""Liechtenstein Principality Made"" (1719). Study the imperial chancery objects, seals and ceremonial regalia of the period of this period.","A dramatic chiaroscuro oil painting. 1:1 square composition optimized for small screen viewing. One dominant focal subject filling most of the frame. Strong silhouettes, high contrast. Liechtenstein Principality Made — The emperor merged Schellenberg and Vaduz into one imperial principality named for the family that bought them. A hand pressing a wax seal onto a ribboned parchment held flat by an ornate ceremonial dagger. No text, no dates, no numbers, no labels, no borders, no watermarks.",,
marseille-plague,"Search the web for reference artworks and historical records of ""Great Plague Of Marseille"" (1720). Study the 18th-century Mediterranean ports, ships and quarantine practices of this period.","A dramatic chiaroscuro oil painting. 1:1 square composition optimized for small screen viewing. One dominant focal subject filling most of the frame. Strong silhouettes, high contrast. Great Plague Of Marseille — A plague ship from the Levant loosed the last major bubonic plague epidemic in western Europe. A quarantine flag hanging from a ship's mast in harbor, a barred gate closing off a stone quay. No text, no dates, no numbers, no labels, no borders, no watermarks.",,
vaucanson-digesting-duck,"Search the web for reference artworks and historical records of ""Vaucanson's Digesting Duck"" (1739). Study the Enlightenment-era exhibition halls, metalwork, and mechanical menagerie craftsmanship of this period.","A dramatic chiaroscuro oil painting. 1:1 square composition optimized for small screen viewing. One dominant focal subject filling most of the frame. Strong silhouettes, high contrast. Vaucanson's Digesting Duck — Jacques de Vaucanson exhibited a gilded copper duck that flapped, swallowed grain and appeared to digest it. A metal duck arching its neck to swallow grain from an outstretched hand, feathers and joints gleaming beneath exhibition light. No text, no dates, no numbers, no labels, no borders, no watermarks.",,
cassini-map-of-france,"Search the web for reference artworks and historical records of ""Cassini Survey of France"" (1744). Study the Enlightenment-era surveying instruments, triangulation and field dress of this period.","A dramatic chiaroscuro oil painting. 1:1 square composition optimized for small screen viewing. One dominant focal subject filling most of the frame. Strong silhouettes, high contrast. Cassini Survey of France — The Cassini family triangulated France, yielding the first national map built from measured angles rather than report. A surveyor sighting through a theodolite atop a hilltop tripod, a chain stretched taut across the field below. No text, no dates, no numbers, no labels, no borders, no watermarks.",,
spermaceti-candle-works,"Search the web for reference artworks and historical records of ""Spermaceti Candle Works"" (1750). Study the colonial American refineries, whaling tools and candle-making equipment of this period.","A dramatic chiaroscuro oil painting. 1:1 square composition optimized for small screen viewing. One dominant focal subject filling most of the frame. Strong silhouettes, high contrast. Spermaceti Candle Works — Rhode Island refiners pressed whale head oil into hard candles that burned bright and smokeless, setting the standard. A worker ladles rendered oil into rows of candle moulds inside a timber refinery near stacked barrels. No text, no dates, no numbers, no labels, no borders, no watermarks.",,
kant-island-universes,"Search the web for reference artworks and historical records of ""Kant Proposes Island Universes"" (1755). Study the the dress, studies and optical instruments of Enlightenment natural philosophy of this period.","A dramatic chiaroscuro oil painting. 1:1 square composition optimized for small screen viewing. One dominant focal subject filling most of the frame. Strong silhouettes, high contrast. Kant Proposes Island Universes — Kant argued the faint nebulae are whole systems of stars like the Milky Way, each an island universe. A philosopher at an open window peers through a small telescope at a faint smudge among the stars. No text, no dates, no numbers, no labels, no borders, no watermarks.",,
guinness-brewery-lease,"Search the web for reference artworks and historical records of ""Guinness Leases St James's Gate"" (1759). Study the 18th-century Dublin brewery architecture, dress, and brewing equipment of the period of this period.","A dramatic chiaroscuro oil painting. 1:1 square composition optimized for small screen viewing. One dominant focal subject filling most of the frame. Strong silhouettes, high contrast. Guinness Leases St James's Gate — Arthur Guinness signed a nine-thousand-year lease on a disused Dublin brewery and began brewing porter there. A hand pressing a wax seal beside an old iron gate, brewing vats steaming in the yard beyond. No text, no dates, no numbers, no labels, no borders, no watermarks.",,
george-iii-becomes-king,"Search the web for reference artworks and historical records of ""George III Becomes King"" (1760). Study the Georgian coronation regalia, ermine robes, and Westminster's coronation chair of this period.","A dramatic chiaroscuro oil painting. 1:1 square composition optimized for small screen viewing. One dominant focal subject filling most of the frame. Strong silhouettes, high contrast. George III Becomes King — George III took the throne as the first Hanoverian born in Britain; his long reign saw America lost and Napoleon beaten. Ermine robe trailing across worn stone flags as a young king stands before a coronation chair. No text, no dates, no numbers, no labels, no borders, no watermarks.",,
peter-iii-of-russia-killed,"Search the web for reference artworks and historical records of ""Peter III of Russia Killed"" (1762). Study the Russian imperial dress, guard uniforms and country estate architecture of this period.","A dramatic chiaroscuro oil painting. 1:1 square composition optimized for small screen viewing. One dominant focal subject filling most of the frame. Strong silhouettes, high contrast. Peter III of Russia Killed — The Russian emperor was deposed by guards loyal to his wife Catherine and died in custody days afterwards. An empty guarded chamber in a country house, an abandoned uniform coat draped over a chair. No text, no dates, no numbers, no labels, no borders, no watermarks.",,
bayes-theorem,"Search the web for reference artworks and historical records of ""Bayes' Theorem Published"" (1763). Study the eighteenth-century English clerical dress, studies, and correspondence of this period.","A dramatic chiaroscuro oil painting. 1:1 square composition optimized for small screen viewing. One dominant focal subject filling most of the frame. Strong silhouettes, high contrast. Bayes' Theorem Published — Thomas Bayes' posthumous essay showed how evidence should update the probability of a hypothesis. A vacant study chair beside a writing desk stacked with sealed letters, a single candle burning low. No text, no dates, no numbers, no labels, no borders, no watermarks.",,
mechanical-turk-chess-automaton,"Search the web for reference artworks and historical records of ""The Mechanical Turk Debuts"" (1770). Study the Habsburg court dress, cabinetry, and mechanical automata of the period of this period.","A dramatic chiaroscuro oil painting. 1:1 square composition optimized for small screen viewing. One dominant focal subject filling most of the frame. Strong silhouettes, high contrast. The Mechanical Turk Debuts — Wolfgang von Kempelen unveiled a chess-playing automaton at the Habsburg court, secretly steered by a hidden operator. Courtiers gather around a wheeled cabinet, a turbaned figure seated before it with one arm raised over a chessboard. No text, no dates, no numbers, no labels, no borders, no watermarks.",,
moscow-plague-riot,"Search the web for reference artworks and historical records of ""Moscow Plague Riot"" (1771). Study the 18th-century Russian Orthodox vestments, icon shrines and city gate architecture of this period.","A dramatic chiaroscuro oil painting. 1:1 square composition optimized for small screen viewing. One dominant focal subject filling most of the frame. Strong silhouettes, high contrast. Moscow Plague Riot — Plague deaths and harsh quarantines drove Muscovites to riot, killing the archbishop who sealed a shrine. An overturned collection box before a sealed shrine gate, a crowd's silhouettes surging against iron bars. No text, no dates, no numbers, no labels, no borders, no watermarks.",,
jaquet-droz-writer-automaton,"Search the web for reference artworks and historical records of ""The Writer Automaton"" (1774). Study the Enlightenment-era clockmaking, courtly dress, and writing instruments of this period.","A dramatic chiaroscuro oil painting. 1:1 square composition optimized for small screen viewing. One dominant focal subject filling most of the frame. Strong silhouettes, high contrast. The Writer Automaton — Pierre Jaquet-Droz built a clockwork boy that dipped a quill and wrote any short text set on its cam wheel. A seated child-like figure dipping a quill into an inkwell, its gaze following its own hand moving across paper. No text, no dates, no numbers, no labels, no borders, no watermarks.",,
turtle-submarine-attack,"Search the web for reference artworks and historical records of ""The Turtle Attacks a Warship"" (1776). Study the Revolutionary War naval dress, harbour defences and early submarine design of this period.","A dramatic chiaroscuro oil painting. 1:1 square composition optimized for small screen viewing. One dominant focal subject filling most of the frame. Strong silhouettes, high contrast. The Turtle Attacks a Warship — David Bushnell's one-man submarine tried to screw a powder charge into a British flagship's hull in New York harbour. A cramped one-man submersible pressed against a warship's hull, a hand cranking an auger into the timber. No text, no dates, no numbers, no labels, no borders, no watermarks.",,
argand-lamp,"Search the web for reference artworks and historical records of ""Argand Lamp Burns Brighter"" (1780). Study the Enlightenment-era scientific instruments, glassware and lamp design of this period.","A dramatic chiaroscuro oil painting. 1:1 square composition optimized for small screen viewing. One dominant focal subject filling most of the frame. Strong silhouettes, high contrast. Argand Lamp Burns Brighter — A tubular wick and a glass chimney fed air to the flame, giving Aime Argand's lamp the light of ten candles. A hand adjusts a tubular wick inside a glass chimney, the flame steady and tall above a brass reservoir. No text, no dates, no numbers, no labels, no borders, no watermarks.",,
schweppes-bottled-soda-water,"Search the web for reference artworks and historical records of ""Schweppes Bottles Soda Water"" (1783). Study the 18th-century Geneva workshops, glass bottling apparatus, and craftsman's dress of the period of this period.","A dramatic chiaroscuro oil painting. 1:1 square composition optimized for small screen viewing. One dominant focal subject filling most of the frame. Strong silhouettes, high contrast. Schweppes Bottles Soda Water — Johann Jacob Schweppe sold bottled carbonated water made by his own process in Geneva, launching the soft-drink trade. A craftsman clamping a glass bottle under a hissing carbonation apparatus in a cluttered workshop. No text, no dates, no numbers, no labels, no borders, no watermarks.",,
herschel-milky-way-shape,"Search the web for reference artworks and historical records of ""Herschel Maps the Milky Way"" (1785). Study the the telescopes, dress and observatory grounds of eighteenth-century England of this period.","A dramatic chiaroscuro oil painting. 1:1 square composition optimized for small screen viewing. One dominant focal subject filling most of the frame. Strong silhouettes, high contrast. Herschel Maps the Milky Way — By counting stars in every direction, William Herschel drew the first map of our galaxy's shape. A figure beside a towering wooden telescope calls out into the night, a seated assistant poised with a quill. No text, no dates, no numbers, no labels, no borders, no watermarks.",,
smeaton-diving-bell-pump,"Search the web for reference artworks and historical records of ""Smeaton's Air-Pumped Bell"" (1788). Study the Georgian engineering, cast-iron machinery and surface pumping equipment of this period.","A dramatic chiaroscuro oil painting. 1:1 square composition optimized for small screen viewing. One dominant focal subject filling most of the frame. Strong silhouettes, high contrast. Smeaton's Air-Pumped Bell — John Smeaton fed a cast-iron diving bell from a force pump on the surface, freeing divers from a fixed supply of air. A cast-iron bell submerged beside a hose running up to a hand-cranked pump on deck. No text, no dates, no numbers, no labels, no borders, no watermarks.",,
watt-centrifugal-governor,"Search the web for reference artworks and historical records of ""Centrifugal Governor"" (1788). Study the Industrial Revolution machinery, ironworks, and engineering tools of this period.","A dramatic chiaroscuro oil painting. 1:1 square composition optimized for small screen viewing. One dominant focal subject filling most of the frame. Strong silhouettes, high contrast. Centrifugal Governor — James Watt fitted spinning weights that throttled a steam engine to hold its speed steady with no attendant. A pair of spinning weights flying outward atop a tall spindle, linked rods choking a hissing engine valve. No text, no dates, no numbers, no labels, no borders, no watermarks.",,
ordnance-survey-founded,"Search the web for reference artworks and historical records of ""Ordnance Survey Founded"" (1791). Study the Georgian-era surveying chains, theodolites and open heathland terrain of this period.","A dramatic chiaroscuro oil painting. 1:1 square composition optimized for small screen viewing. One dominant focal subject filling most of the frame. Strong silhouettes, high contrast. Ordnance Survey Founded — Britain began mapping the whole country at one inch to the mile, working out from a measured baseline on Hounslow Heath. Two men hauling a measuring chain taut across open heath, a theodolite standing on its tripod nearby. No text, no dates, no numbers, no labels, no borders, no watermarks.",,
french-republican-calendar,"Search the web for reference artworks and historical records of ""French Republican Calendar"" (1793). Study the Revolutionary French dress, decimal instruments, and National Convention chambers of this period.","A dramatic chiaroscuro oil painting. 1:1 square composition optimized for small screen viewing. One dominant focal subject filling most of the frame. Strong silhouettes, high contrast. French Republican Calendar — Revolutionary France replaced the week with ten-day decades and briefly ran a decimal clock of ten hours to the day. A revolutionary official displaying an unfamiliar decimal clock mechanism to a solemn assembly in a vaulted hall. No text, no dates, no numbers, no labels, no borders, no watermarks.",,
marat-killed-by-corday,"Search the web for reference artworks and historical records of ""Marat Killed by Corday"" (1793). Study the French Revolutionary dress, domestic interiors and a writer's study objects of this period.","A dramatic chiaroscuro oil painting. 1:1 square composition optimized for small screen viewing. One dominant focal subject filling most of the frame. Strong silhouettes, high contrast. Marat Killed by Corday — The radical journalist was killed at home by Charlotte Corday, who held him responsible for the Terror. An overturned writing slate beside a cloth-draped bath, a dropped blade resting on tiled flooring. No text, no dates, no numbers, no labels, no borders, no watermarks.",,
jefferson-wheel-cipher,"Search the web for reference artworks and historical records of ""Jefferson's Wheel Cipher"" (1795). Study the woodworking, instruments and the study of an eighteenth-century American statesman of this period.","A dramatic chiaroscuro oil painting. 1:1 square composition optimized for small screen viewing. One dominant focal subject filling most of the frame. Strong silhouettes, high contrast. Jefferson's Wheel Cipher — Thomas Jefferson stacked twenty-six lettered discs on a spindle, devising one of the strongest ciphers of his day. A cylinder of stacked wooden discs mounted on a spindle, a hand rotating one wheel into alignment. No text, no dates, no numbers, no labels, no borders, no watermarks.",,
gauss-disquisitiones,"Search the web for reference artworks and historical records of ""Gauss Publishes Disquisitiones"" (1801). Study the early nineteenth-century German academic dress and study interiors of this period.","A dramatic chiaroscuro oil painting. 1:1 square composition optimized for small screen viewing. One dominant focal subject filling most of the frame. Strong silhouettes, high contrast. Gauss Publishes Disquisitiones — Carl Friedrich Gauss systematised number theory, introducing modular arithmetic and congruences. A young figure bent over a crowded desk at night, one hand pressed flat on a stack of bound pages. No text, no dates, no numbers, no labels, no borders, no watermarks.",,
great-trigonometrical-survey,"Search the web for reference artworks and historical records of ""Great Trigonometrical Survey"" (1802). Study the colonial-era surveying equipment, chains and Indian terrain and dress of this period.","A dramatic chiaroscuro oil painting. 1:1 square composition optimized for small screen viewing. One dominant focal subject filling most of the frame. Strong silhouettes, high contrast. Great Trigonometrical Survey — Surveyors began chaining a meridian arc across India, the measurement that later gave Himalayan peaks their heights. Porters carrying survey chains across scrubland, a theodolite raised on a tripod beneath the hills. No text, no dates, no numbers, no labels, no borders, no watermarks.",,
pontcysyllte-aqueduct,"Search the web for reference artworks and historical records of ""Pontcysyllte Aqueduct Opens"" (1805). Study the industrial-era ironwork, masonry and canal engineering of Georgian Britain of this period.","A dramatic chiaroscuro oil painting. 1:1 square composition optimized for small screen viewing. One dominant focal subject filling most of the frame. Strong silhouettes, high contrast. Pontcysyllte Aqueduct Opens — Thomas Telford carried a canal high across the Dee valley in a cast iron trough resting on slender stone piers. A slender iron trough brimming with water perched atop tall stone piers spanning a deep wooded valley. No text, no dates, no numbers, no labels, no borders, no watermarks.",,
great-paris-cipher-broken,"Search the web for reference artworks and historical records of ""The Great Paris Cipher Broken"" (1812). Study the the uniforms, tents and campaign equipment of the Peninsular War of this period.","A dramatic chiaroscuro oil painting. 1:1 square composition optimized for small screen viewing. One dominant focal subject filling most of the frame. Strong silhouettes, high contrast. The Great Paris Cipher Broken — Wellington's officer George Scovell cracked the number cipher carrying Napoleon's orders across Spain, laying French plans bare. A British officer poring over a stack of captured dispatches at a campaign desk, a candle guttering nearby. No text, no dates, no numbers, no labels, no borders, no watermarks.",,
petra-rediscovered,"Search the web for reference artworks and historical records of ""Petra Rediscovered"" (1812). Study the Bedouin and Levantine dress, desert caravans, and rock-cut architecture of this period.","A dramatic chiaroscuro oil painting. 1:1 square composition optimized for small screen viewing. One dominant focal subject filling most of the frame. Strong silhouettes, high contrast. Petra Rediscovered — Disguised as a pilgrim, Johann Ludwig Burckhardt talked his way through a Jordanian gorge into the abandoned rock-cut city. A disguised traveler on foot enters a towering narrow gorge, a carved facade emerging from the rock ahead. No text, no dates, no numbers, no labels, no borders, no watermarks.",,
spencer-perceval-assassinated,"Search the web for reference artworks and historical records of ""Spencer Perceval Assassinated"" (1812). Study the Regency-era British dress and parliamentary lobby architecture of this period.","A dramatic chiaroscuro oil painting. 1:1 square composition optimized for small screen viewing. One dominant focal subject filling most of the frame. Strong silhouettes, high contrast. Spencer Perceval Assassinated — A merchant with a grievance shot the prime minister in the lobby of the Commons, the only such killing in Britain. A dropped pistol on a lobby floor, robed figures rushing past marble columns in alarm. No text, no dates, no numbers, no labels, no borders, no watermarks.",,
baltimore-gas-streetlights,"Search the web for reference artworks and historical records of ""Baltimore Lit By Gas Lamps"" (1817). Study the early American ironwork, gas fitting tools and streetscapes of this period.","A dramatic chiaroscuro oil painting. 1:1 square composition optimized for small screen viewing. One dominant focal subject filling most of the frame. Strong silhouettes, high contrast. Baltimore Lit By Gas Lamps — Baltimore laid coal-gas mains and became the first American city to light its streets with gas. A lamplighter reaches a long pole up to a cast-iron post, igniting the gas jet inside its glass case. No text, no dates, no numbers, no labels, no borders, no watermarks.",,
first-cholera-pandemic,"Search the web for reference artworks and historical records of ""First Cholera Pandemic"" (1817). Study the early 19th-century river trade, caravans and delta landscapes of this period.","A dramatic chiaroscuro oil painting. 1:1 square composition optimized for small screen viewing. One dominant focal subject filling most of the frame. Strong silhouettes, high contrast. First Cholera Pandemic — Cholera spread out of the Ganges delta along trade and troop routes, beginning a century of global waves. A laden riverboat pulling away from a crowded ghat, water jars and bundled cargo lining the bank. No text, no dates, no numbers, no labels, no borders, no watermarks.",,
babbage-difference-engine,"Search the web for reference artworks and historical records of ""Babbage's Difference Engine"" (1822). Study the Victorian engineering workshops, precision gearing, and drafting tools of this period.","A dramatic chiaroscuro oil painting. 1:1 square composition optimized for small screen viewing. One dominant focal subject filling most of the frame. Strong silhouettes, high contrast. Babbage's Difference Engine — Charles Babbage began a geared machine meant to compute and print mathematical tables free of human error. A wall of stacked brass gear columns cranked by hand, a lever arm poised above a printing plate. No text, no dates, no numbers, no labels, no borders, no watermarks.",,
deane-diving-helmet,"Search the web for reference artworks and historical records of ""The Deane Diving Helmet"" (1823). Study the early industrial helmets, hoses and firefighting equipment repurposed underwater of this period.","A dramatic chiaroscuro oil painting. 1:1 square composition optimized for small screen viewing. One dominant focal subject filling most of the frame. Strong silhouettes, high contrast. The Deane Diving Helmet — Brothers John and Charles Deane turned a firefighting smoke helmet into an open diving helmet fed by an air hose. A heavy helmet with a small viewing window being fitted over a diver's head, an air hose trailing up. No text, no dates, no numbers, no labels, no borders, no watermarks.",,
olbers-dark-night-sky,"Search the web for reference artworks and historical records of ""Olbers' Dark Night Sky Paradox"" (1823). Study the the dress and rural observing conditions of early nineteenth-century Germany of this period.","A dramatic chiaroscuro oil painting. 1:1 square composition optimized for small screen viewing. One dominant focal subject filling most of the frame. Strong silhouettes, high contrast. Olbers' Dark Night Sky Paradox — Olbers asked why the night is dark, when an endless and ageless universe of stars should blaze everywhere. A lone figure stands in an open field at night, head tilted back into a sky of scattered points. No text, no dates, no numbers, no labels, no borders, no watermarks.",,
kriegsspiel-prussian-army,"Search the web for reference artworks and historical records of ""Prussia Adopts Kriegsspiel"" (1824). Study the Prussian military uniforms, map tables, and officer drilling rooms of this period.","A dramatic chiaroscuro oil painting. 1:1 square composition optimized for small screen viewing. One dominant focal subject filling most of the frame. Strong silhouettes, high contrast. Prussia Adopts Kriegsspiel — The Prussian army took up Kriegsspiel, a map-and-dice war game used to drill officers in tactical decisions. Uniformed officers hunch over a map table, one hand moving a small marker block, dice resting at the edge. No text, no dates, no numbers, no labels, no borders, no watermarks.",,
american-temperance-society,"Search the web for reference artworks and historical records of ""American Temperance Society"" (1826). Study the 19th-century American reform meetings, dress, and temperance imagery of the period of this period.","A dramatic chiaroscuro oil painting. 1:1 square composition optimized for small screen viewing. One dominant focal subject filling most of the frame. Strong silhouettes, high contrast. American Temperance Society — Reformers in Boston founded a national society urging Americans to give up spirits, seeding the drive for prohibition. A gathering of somber figures in a meeting hall as one overturns a bottle into a gutter. No text, no dates, no numbers, no labels, no borders, no watermarks.",,
non-euclidean-geometry,"Search the web for reference artworks and historical records of ""Non-Euclidean Geometry Published"" (1829). Study the early nineteenth-century Russian academic dress and lecture settings of this period.","A dramatic chiaroscuro oil painting. 1:1 square composition optimized for small screen viewing. One dominant focal subject filling most of the frame. Strong silhouettes, high contrast. Non-Euclidean Geometry Published — Lobachevsky described a consistent geometry in which parallel lines through a point are not unique. A lone figure before a tiered empty lecture hall, one arm sweeping outward as if tracing diverging paths. No text, no dates, no numbers, no labels, no borders, no watermarks.",,
jackson-assassination-attempt,"Search the web for reference artworks and historical records of ""Attempt on Andrew Jackson"" (1835). Study the early American dress and Capitol rotunda architecture of this period.","A dramatic chiaroscuro oil painting. 1:1 square composition optimized for small screen viewing. One dominant focal subject filling most of the frame. Strong silhouettes, high contrast. Attempt on Andrew Jackson — Both pistols misfired when a house painter confronted the president at the Capitol, the first attempt on one in office. Dropped pistols scattered on rotunda steps, a painter's ladder abandoned beside a marble column. No text, no dates, no numbers, no labels, no borders, no watermarks.",,
brahmi-script-deciphered,"Search the web for reference artworks and historical records of ""Brahmi Script Deciphered"" (1837). Study the colonial-era scholars' dress, stone pillar monuments, and instruments of epigraphy of this period.","A dramatic chiaroscuro oil painting. 1:1 square composition optimized for small screen viewing. One dominant focal subject filling most of the frame. Strong silhouettes, high contrast. Brahmi Script Deciphered — James Prinsep cracked the script of Ashoka's pillar edicts, making India's oldest inscriptions readable and restoring a lost emperor. A seated scholar leans close to a weathered stone pillar, one fingertip resting against its pitted surface. No text, no dates, no numbers, no labels, no borders, no watermarks.",,
siebe-closed-diving-dress,"Search the web for reference artworks and historical records of ""Siebe's Closed Diving Dress"" (1837). Study the Victorian diving dress, helmets and the workshops that built them of this period.","A dramatic chiaroscuro oil painting. 1:1 square composition optimized for small screen viewing. One dominant focal subject filling most of the frame. Strong silhouettes, high contrast. Siebe's Closed Diving Dress — Augustus Siebe sealed a helmet to a watertight suit with an outlet valve, creating the standard diving dress. A riveted helmet being bolted onto a rubberised suit's collar while a diver stands braced at the rail. No text, no dates, no numbers, no labels, no borders, no watermarks.",,
victoria-becomes-queen,"Search the web for reference artworks and historical records of ""Victoria Becomes Queen"" (1837). Study the early Victorian royal bedchambers, court dress, and formal audience customs of this period.","A dramatic chiaroscuro oil painting. 1:1 square composition optimized for small screen viewing. One dominant focal subject filling most of the frame. Strong silhouettes, high contrast. Victoria Becomes Queen — A teenage princess succeeded her uncle William IV, beginning a reign that would give its name to an age. A young woman in a nightdress receiving kneeling messengers within a modest chamber. No text, no dates, no numbers, no labels, no borders, no watermarks.",,
bessel-stellar-parallax,"Search the web for reference artworks and historical records of ""First Stellar Parallax Measured"" (1838). Study the the instruments and observatory architecture of nineteenth-century Prussian astronomy of this period.","A dramatic chiaroscuro oil painting. 1:1 square composition optimized for small screen viewing. One dominant focal subject filling most of the frame. Strong silhouettes, high contrast. First Stellar Parallax Measured — Bessel caught the tiny yearly wobble of the star 61 Cygni, yielding the first true distance to a star. An astronomer's hands carefully split a lens into halves, aligning twin images of a single star inside a dome. No text, no dates, no numbers, no labels, no borders, no watermarks.",,
luxembourg-independence-london,"Search the web for reference artworks and historical records of ""Luxembourg Becomes Independent"" (1839). Study the surveying tools, rural dress and boundary-marking customs of the period of this period.","A dramatic chiaroscuro oil painting. 1:1 square composition optimized for small screen viewing. One dominant focal subject filling most of the frame. Strong silhouettes, high contrast. Luxembourg Becomes Independent — A treaty in London partitioned the grand duchy, leaving a smaller Luxembourg as a sovereign state. A surveyor's hands setting a stone boundary marker into a freshly dug trench at the edge of farmland. No text, no dates, no numbers, no labels, no borders, no watermarks.",,
railway-time-britain,"Search the web for reference artworks and historical records of ""Railway Time Adopted"" (1840). Study the Victorian railway stations, dress, and telegraph and clockwork machinery of this period.","A dramatic chiaroscuro oil painting. 1:1 square composition optimized for small screen viewing. One dominant focal subject filling most of the frame. Strong silhouettes, high contrast. Railway Time Adopted — The Great Western Railway set every station clock to London time, overriding the patchwork of local solar times. A uniformed railway official reaching up to a tower clock's hand while telegraph wires hum along the platform. No text, no dates, no numbers, no labels, no borders, no watermarks.",,
pilsner-first-brewed,"Search the web for reference artworks and historical records of ""First Pilsner Brewed in Bohemia"" (1842). Study the Bohemian brewing equipment, malt, and brewery interiors of the period of this period.","A dramatic chiaroscuro oil painting. 1:1 square composition optimized for small screen viewing. One dominant focal subject filling most of the frame. Strong silhouettes, high contrast. First Pilsner Brewed in Bohemia — Brewers in Plzen used pale malt and bottom-fermenting yeast to make a clear golden lager that reshaped world beer. A brewer lifting a glass of clear effervescent lager toward lantern light in a stone brewhouse. No text, no dates, no numbers, no labels, no borders, no watermarks.",,
hamilton-quaternions,"Search the web for reference artworks and historical records of ""Hamilton Carves the Quaternions"" (1843). Study the Victorian Dublin dress, stone bridges and canal towpaths of this period.","A dramatic chiaroscuro oil painting. 1:1 square composition optimized for small screen viewing. One dominant focal subject filling most of the frame. Strong silhouettes, high contrast. Hamilton Carves the Quaternions — The rule for multiplying quaternions struck William Rowan Hamilton mid-walk, and he cut it into a Dublin bridge. A frock-coated man stopped mid-stride on a stone footbridge, pocketknife raised toward the parapet in sudden inspiration. No text, no dates, no numbers, no labels, no borders, no watermarks.",,
thames-tunnel-opens,"Search the web for reference artworks and historical records of ""Thames Tunnel Opens"" (1843). Study the Victorian tunneling machinery, tools and dress of underground laborers of this period.","A dramatic chiaroscuro oil painting. 1:1 square composition optimized for small screen viewing. One dominant focal subject filling most of the frame. Strong silhouettes, high contrast. Thames Tunnel Opens — Marc and Isambard Brunel finished the first tunnel driven under a navigable river, using a protective shield. Laborers working within an iron shield's cutting face at a tunnel heading, timber bracing and dripping rock overhead. No text, no dates, no numbers, no labels, no borders, no watermarks.",,
galois-group-theory,"Search the web for reference artworks and historical records of ""Galois' Group Theory Published"" (1846). Study the French Romantic-era dress, printing houses, and manuscript papers of this period.","A dramatic chiaroscuro oil painting. 1:1 square composition optimized for small screen viewing. One dominant focal subject filling most of the frame. Strong silhouettes, high contrast. Galois' Group Theory Published — Liouville printed Evariste Galois' papers, whose groups explained why the general quintic has no formula. A stack of hand-written papers tied with cord passed between two seated figures in a cluttered print shop. No text, no dates, no numbers, no labels, no borders, no watermarks.",,
nineveh-palace-excavated,"Search the web for reference artworks and historical records of ""Nineveh's Palace Excavated"" (1847). Study the Assyrian palace relief sculpture and nineteenth-century excavation dress and tools of this period.","A dramatic chiaroscuro oil painting. 1:1 square composition optimized for small screen viewing. One dominant focal subject filling most of the frame. Strong silhouettes, high contrast. Nineveh's Palace Excavated — Austen Henry Layard hauled winged bulls and carved battle reliefs out of the mounds of the buried Assyrian capital. Laborers haul a massive winged stone bull on rollers from a deep excavation trench. No text, no dates, no numbers, no labels, no borders, no watermarks.",,
dover-calais-submarine-cable,"Search the web for reference artworks and historical records of ""First Undersea Telegraph Cable"" (1851). Study the Victorian cable-laying ships, armoured cable and the English Channel crossing of this period.","A dramatic chiaroscuro oil painting. 1:1 square composition optimized for small screen viewing. One dominant focal subject filling most of the frame. Strong silhouettes, high contrast. First Undersea Telegraph Cable — An armoured cable laid across the Channel from Dover to Calais carried the first lasting telegraph traffic under the sea. A thick armoured cable paying out over a ship's stern into the water, coastline receding behind. No text, no dates, no numbers, no labels, no borders, no watermarks.",,
kerosene-lamp,"Search the web for reference artworks and historical records of ""Kerosene Lamp Invented"" (1853). Study the refineries, glassware and chemical workshop tools of this period.","A dramatic chiaroscuro oil painting. 1:1 square composition optimized for small screen viewing. One dominant focal subject filling most of the frame. Strong silhouettes, high contrast. Kerosene Lamp Invented — Ignacy Lukasiewicz built a lamp burning distilled rock oil, a cheap bright fuel that soon displaced whale oil. A chemist holds a slender glass lamp above a workbench crowded with distilling flasks and coiled tubing. No text, no dates, no numbers, no labels, no borders, no watermarks.",,
boole-laws-of-thought,"Search the web for reference artworks and historical records of ""Boole's Laws of Thought"" (1854). Study the Victorian English dress, studies, and mechanical devices of this period.","A dramatic chiaroscuro oil painting. 1:1 square composition optimized for small screen viewing. One dominant focal subject filling most of the frame. Strong silhouettes, high contrast. Boole's Laws of Thought — George Boole recast logic as algebra on true and false, the calculus digital circuits would later use. A seated figure balancing two carved wooden blocks on a bare table, one turned face up and the other face down. No text, no dates, no numbers, no labels, no borders, no watermarks.",,
playfair-cipher-invented,"Search the web for reference artworks and historical records of ""The Playfair Cipher"" (1854). Study the telegraph equipment, uniforms and field communications of Victorian Britain of this period.","A dramatic chiaroscuro oil painting. 1:1 square composition optimized for small screen viewing. One dominant focal subject filling most of the frame. Strong silhouettes, high contrast. The Playfair Cipher — Charles Wheatstone devised a cipher that scrambled letters in pairs on a small grid, and Britain took it to war. An officer's hand resting on a telegraph key inside a canvas command tent at dusk. No text, no dates, no numbers, no labels, no borders, no watermarks.",,
snow-cholera-map,"Search the web for reference artworks and historical records of ""Snow's Cholera Map of Soho"" (1854). Study the Victorian street life, medical instruments and London tenement architecture of this period.","A dramatic chiaroscuro oil painting. 1:1 square composition optimized for small screen viewing. One dominant focal subject filling most of the frame. Strong silhouettes, high contrast. Snow's Cholera Map of Soho — John Snow plotted cholera deaths as bars on a street plan, showing them clustered around a single water pump. A physician marking small ticks on a paper at a cramped desk, a street pump visible through the window behind him. No text, no dates, no numbers, no labels, no borders, no watermarks.",,
cuneiform-deciphered,"Search the web for reference artworks and historical records of ""Cuneiform Deciphered"" (1857). Study the Victorian scholars' dress, study interiors, and correspondence customs of this period.","A dramatic chiaroscuro oil painting. 1:1 square composition optimized for small screen viewing. One dominant focal subject filling most of the frame. Strong silhouettes, high contrast. Cuneiform Deciphered — Four scholars sealed their independent translations of the same Assyrian text; the versions matched, proving the wedge script could be read. Four separate scholars hunch over lamplit desks, each sealing a folded paper into an envelope. No text, no dates, no numbers, no labels, no borders, no watermarks.",,
great-clock-westminster,"Search the web for reference artworks and historical records of ""Great Clock of Westminster"" (1859). Study the Victorian ironwork, bell-founding, and Westminster's architecture of this period.","A dramatic chiaroscuro oil painting. 1:1 square composition optimized for small screen viewing. One dominant focal subject filling most of the frame. Strong silhouettes, high contrast. Great Clock of Westminster — The tower clock and its great bell, Big Ben, began keeping time above the Palace of Westminster in London. Workers hoisting an immense bell by pulley and chain up a stone tower's belfry, seen from below against city rooftops. No text, no dates, no numbers, no labels, no borders, no watermarks.",,
kirchhoff-stellar-composition,"Search the web for reference artworks and historical records of ""Starlight Reveals Its Elements"" (1859). Study the the laboratory apparatus, glassware and dress of nineteenth-century German science of this period.","A dramatic chiaroscuro oil painting. 1:1 square composition optimized for small screen viewing. One dominant focal subject filling most of the frame. Strong silhouettes, high contrast. Starlight Reveals Its Elements — Kirchhoff and Bunsen showed that dark lines in a spectrum name the elements, so the Sun could be read. A pair of scientists lean over a small flame, one holding a glass prism up to catch and bend its light. No text, no dates, no numbers, no labels, no borders, no watermarks.",,
kingdom-of-italy-proclaimed,"Search the web for reference artworks and historical records of ""Kingdom of Italy Proclaimed"" (1861). Study the Italian parliamentary dress and chamber architecture of the period of this period.","A dramatic chiaroscuro oil painting. 1:1 square composition optimized for small screen viewing. One dominant focal subject filling most of the frame. Strong silhouettes, high contrast. Kingdom of Italy Proclaimed — The first national parliament meeting in Turin proclaimed Victor Emmanuel II king of a united Italy. A standing figure raising one arm before rows of seated deputies inside a grand columned chamber. No text, no dates, no numbers, no labels, no borders, no watermarks.",,
us-greenbacks-issued,"Search the web for reference artworks and historical records of ""US Greenbacks Issued"" (1862). Study the Civil War-era printing presses, engraving tools and Treasury workrooms of this period.","A dramatic chiaroscuro oil painting. 1:1 square composition optimized for small screen viewing. One dominant focal subject filling most of the frame. Strong silhouettes, high contrast. US Greenbacks Issued — To fund the Civil War, Congress issued unbacked paper dollars nicknamed greenbacks and made them legal tender. A press operator's hands pulling a freshly inked sheet of paper currency from the rollers, stacks already drying nearby. No text, no dates, no numbers, no labels, no borders, no watermarks.",,
kasiski-vigenere-attack,"Search the web for reference artworks and historical records of ""Vigenère Cipher Broken"" (1863). Study the the uniforms, instruments and study settings of a nineteenth-century Prussian officer of this period.","A dramatic chiaroscuro oil painting. 1:1 square composition optimized for small screen viewing. One dominant focal subject filling most of the frame. Strong silhouettes, high contrast. Vigenère Cipher Broken — The Prussian officer Friedrich Kasiski published a way to find a repeating key's length, ending faith in the Vigenère cipher. A Prussian officer's hand measuring intervals along a strip of paper with a brass ruler. No text, no dates, no numbers, no labels, no borders, no watermarks.",,
hunley-sinks-housatonic,"Search the web for reference artworks and historical records of ""Hunley Sinks the Housatonic"" (1864). Study the Civil War naval dress, ironclad hulls and early hand-cranked submarines of this period.","A dramatic chiaroscuro oil painting. 1:1 square composition optimized for small screen viewing. One dominant focal subject filling most of the frame. Strong silhouettes, high contrast. Hunley Sinks the Housatonic — A hand-cranked Confederate submarine drove a spar torpedo into a Union sloop, then vanished with all hands aboard. A slender iron hull submerged just beneath the waves, a spar torpedo extended toward a sloop's hull. No text, no dates, no numbers, no labels, no borders, no watermarks.",,
kekule-benzene-ring,"Search the web for reference artworks and historical records of ""Kekulé Dreams the Benzene Ring"" (1865). Study the Victorian-era study interiors, fireplaces and chemist's dress of this period.","A dramatic chiaroscuro oil painting. 1:1 square composition optimized for small screen viewing. One dominant focal subject filling most of the frame. Strong silhouettes, high contrast. Kekulé Dreams the Benzene Ring — August Kekulé credited a daydream of a snake seizing its own tail for benzene's closed ring of carbon atoms. A chemist dozing upright at a cluttered desk, a coiled serpent looping through smoke rising from the dying fire. No text, no dates, no numbers, no labels, no borders, no watermarks.",,
london-main-drainage,"Search the web for reference artworks and historical records of ""London's Main Drainage Opens"" (1865). Study the Victorian engineering, brickwork sewers and Thames embankment construction of this period.","A dramatic chiaroscuro oil painting. 1:1 square composition optimized for small screen viewing. One dominant focal subject filling most of the frame. Strong silhouettes, high contrast. London's Main Drainage Opens — Bazalgette's intercepting sewers carried waste below the tideway, ending London's great cholera outbreaks. An engineer's lantern held low inside a vaulted brick tunnel, an arched outflow opening onto the tideway. No text, no dates, no numbers, no labels, no borders, no watermarks.",,
whitehead-torpedo,"Search the web for reference artworks and historical records of ""Self-Propelled Torpedo"" (1866). Study the Victorian-era naval engineering, torpedo workshops, and dockyard tools of this period.","A dramatic chiaroscuro oil painting. 1:1 square composition optimized for small screen viewing. One dominant focal subject filling most of the frame. Strong silhouettes, high contrast. Self-Propelled Torpedo — Robert Whitehead's torpedo ran under its own power, held at a set depth by a concealed pendulum and valve. A cylindrical torpedo cradled on a dockyard rack, its casing opened to expose a swinging pendulum and valve. No text, no dates, no numbers, no labels, no borders, no watermarks.",,
challenger-expedition,"Search the web for reference artworks and historical records of ""HMS Challenger Expedition"" (1872). Study the Victorian oceanographic ships, sounding equipment and scientific instruments of this period.","A dramatic chiaroscuro oil painting. 1:1 square composition optimized for small screen viewing. One dominant focal subject filling most of the frame. Strong silhouettes, high contrast. HMS Challenger Expedition — A converted Royal Navy corvette set out to sound and dredge the world's oceans, founding the science of oceanography. Sailors on a corvette's deck hauling a dredge net heavy with seabed mud over the rail. No text, no dates, no numbers, no labels, no borders, no watermarks.",,
german-gold-mark-adopted,"Search the web for reference artworks and historical records of ""Germany Adopts The Gold Mark"" (1873). Study the the newly unified German Empire's mint and treasury interiors, scales and bullion handling of this period.","A dramatic chiaroscuro oil painting. 1:1 square composition optimized for small screen viewing. One dominant focal subject filling most of the frame. Strong silhouettes, high contrast. Germany Adopts The Gold Mark — Paid a French war indemnity in gold, the new German Empire dropped silver for a gold mark and pulled Europe onto the gold standard. Clerks weighing stacked gold bars on a large balance scale, crates of bullion lined against the treasury wall. No text, no dates, no numbers, no labels, no borders, no watermarks.",,
cantor-uncountable-infinity,"Search the web for reference artworks and historical records of ""Cantor Proves Infinities Differ"" (1874). Study the nineteenth-century German academic dress and study settings of this period.","A dramatic chiaroscuro oil painting. 1:1 square composition optimized for small screen viewing. One dominant focal subject filling most of the frame. Strong silhouettes, high contrast. Cantor Proves Infinities Differ — Georg Cantor showed the real numbers cannot be counted off, so some infinities are larger than others. A solitary figure at a desk surrounded by towering stacks of ledgers reaching past the window frame. No text, no dates, no numbers, no labels, no borders, no watermarks.",,
mahjong-emerges-china,"Search the web for reference artworks and historical records of ""Mahjong Emerges in China"" (1875). Study the Shanghai and Ningbo interiors, dress, and carved tile sets of the era of this period.","A dramatic chiaroscuro oil painting. 1:1 square composition optimized for small screen viewing. One dominant focal subject filling most of the frame. Strong silhouettes, high contrast. Mahjong Emerges in China — Card games around Shanghai and Ningbo were remade in tile form as mahjong, drawing and discarding to build sets. Hands stack and arrange tiles into a wall at a crowded table, sleeves brushing the worn surface. No text, no dates, no numbers, no labels, no borders, no watermarks.",,
romania-independence-recognized,"Search the web for reference artworks and historical records of ""Romania Wins Independence"" (1878). Study the military dress, flags and battlefield fortifications of the period of this period.","A dramatic chiaroscuro oil painting. 1:1 square composition optimized for small screen viewing. One dominant focal subject filling most of the frame. Strong silhouettes, high contrast. Romania Wins Independence — The great powers recognised Romania as a sovereign state after it fought the Ottomans alongside Russia. Soldiers hoisting a flag up a bare pole atop a captured earthwork redoubt at dusk. No text, no dates, no numbers, no labels, no borders, no watermarks.",,
altamira-paintings-found,"Search the web for reference artworks and historical records of ""Altamira Paintings Found"" (1879). Study the Paleolithic cave art, nineteenth-century Spanish dress, and lantern-lit cave exploration of this period.","A dramatic chiaroscuro oil painting. 1:1 square composition optimized for small screen viewing. One dominant focal subject filling most of the frame. Strong silhouettes, high contrast. Altamira Paintings Found — A child looked up in a Spanish cave and saw a ceiling crowded with painted bison that her excavating father had walked beneath. A child lies back in a low cave passage, lantern light catching a ceiling crowded with painted animal forms overhead. No text, no dates, no numbers, no labels, no borders, no watermarks.",,
johnson-thermostat,"Search the web for reference artworks and historical records of ""Electric Room Thermostat"" (1883). Study the late Victorian domestic interiors, heating systems, and early electrical fittings of this period.","A dramatic chiaroscuro oil painting. 1:1 square composition optimized for small screen viewing. One dominant focal subject filling most of the frame. Strong silhouettes, high contrast. Electric Room Thermostat — Warren Johnson patented a thermostat that sensed room temperature and signalled a damper to open or close. A hand mounting a small sensor to a wall, a coiled wire running down toward a furnace damper. No text, no dates, no numbers, no labels, no borders, no watermarks.",,
kerckhoffs-principle,"Search the web for reference artworks and historical records of ""Kerckhoffs's Principle"" (1883). Study the locks, keys and the study settings of a nineteenth-century military theorist of this period.","A dramatic chiaroscuro oil painting. 1:1 square composition optimized for small screen viewing. One dominant focal subject filling most of the frame. Strong silhouettes, high contrast. Kerckhoffs's Principle — Auguste Kerckhoffs argued a military cipher must stay safe even when the enemy knows the system, so only the key is secret. A hand turning a small brass key inside an intricate lock mechanism laid open on a desk. No text, no dates, no numbers, no labels, no borders, no watermarks.",,
first-world-chess-championship,"Search the web for reference artworks and historical records of ""First World Chess Championship"" (1886). Study the late nineteenth-century formal dress and tournament hall interiors of this period.","A dramatic chiaroscuro oil painting. 1:1 square composition optimized for small screen viewing. One dominant focal subject filling most of the frame. Strong silhouettes, high contrast. First World Chess Championship — Wilhelm Steinitz beat Johannes Zukertort in a match across three American cities to become world chess champion. Two opponents face each other across a chessboard, one leaning forward with a hand poised above a piece. No text, no dates, no numbers, no labels, no borders, no watermarks.",,
michelson-morley-experiment,"Search the web for reference artworks and historical records of ""Michelson-Morley Experiment"" (1887). Study the Gilded Age physics laboratories, precision optical instruments and scientific dress of this period.","A dramatic chiaroscuro oil painting. 1:1 square composition optimized for small screen viewing. One dominant focal subject filling most of the frame. Strong silhouettes, high contrast. Michelson-Morley Experiment — An exquisitely sensitive search for Earth's drift through the luminiferous ether found no motion at all. Two researchers crouched over a massive stone slab ringed with mirrors, watching intently for a drift that never appears. No text, no dates, no numbers, no labels, no borders, no watermarks.",,
yersin-plague-bacillus,"Search the web for reference artworks and historical records of ""Plague Bacillus Identified"" (1894). Study the late 19th-century bacteriology, laboratory instruments and colonial hospital settings of this period.","A dramatic chiaroscuro oil painting. 1:1 square composition optimized for small screen viewing. One dominant focal subject filling most of the frame. Strong silhouettes, high contrast. Plague Bacillus Identified — Alexandre Yersin isolated the bacterium behind bubonic plague during the Hong Kong epidemic. A hand adjusting a brass microscope beside glass slides on a makeshift laboratory bench in a canvas tent. No text, no dates, no numbers, no labels, no borders, no watermarks.",,
niagara-falls-power,"Search the web for reference artworks and historical records of ""Niagara Powers Distant Cities"" (1895). Study the industrial power stations, turbines and transmission towers of this period.","A dramatic chiaroscuro oil painting. 1:1 square composition optimized for small screen viewing. One dominant focal subject filling most of the frame. Strong silhouettes, high contrast. Niagara Powers Distant Cities — Generators at the falls sent alternating current to Buffalo, proving light could be made far from where it burns. Transmission towers stride away from a thundering waterfall, cables strung taut toward a distant unseen city. No text, no dates, no numbers, no labels, no borders, no watermarks.",,
antikythera-wreck-found,"Search the web for reference artworks and historical records of ""Antikythera Wreck Found"" (1900). Study the early twentieth-century sponge-diving dress and the wreckage of an ancient cargo ship of this period.","A dramatic chiaroscuro oil painting. 1:1 square composition optimized for small screen viewing. One dominant focal subject filling most of the frame. Strong silhouettes, high contrast. Antikythera Wreck Found — Greek sponge divers sheltering from a gale found a Roman wreck holding bronzes, marbles and a geared bronze computer. A helmeted sponge diver reaching toward a corroded bronze figure half-buried in a wreck's timbers. No text, no dates, no numbers, no labels, no borders, no watermarks.",,
hilbert-problems,"Search the web for reference artworks and historical records of ""Hilbert's Twenty-Three Problems"" (1900). Study the Belle Epoque academic dress, congress halls, and lecture podiums of this period.","A dramatic chiaroscuro oil painting. 1:1 square composition optimized for small screen viewing. One dominant focal subject filling most of the frame. Strong silhouettes, high contrast. Hilbert's Twenty-Three Problems — David Hilbert set out unsolved problems at the Paris congress, framing an agenda for mathematics. A figure at a podium seen from below, arms raised as tiered rows of delegates recede into shadow above. No text, no dates, no numbers, no labels, no borders, no watermarks.",,
knossos-palace-excavated,"Search the web for reference artworks and historical records of ""Knossos Palace Excavated"" (1900). Study the Minoan palace architecture, fresco painting, and early twentieth-century excavation dress of this period.","A dramatic chiaroscuro oil painting. 1:1 square composition optimized for small screen viewing. One dominant focal subject filling most of the frame. Strong silhouettes, high contrast. Knossos Palace Excavated — Arthur Evans uncovered a labyrinth of halls and frescoes on Crete and named their builders the Minoans. An excavator stands amid half-buried columns and painted plaster walls emerging from a hillside trench. No text, no dates, no numbers, no labels, no borders, no watermarks.",,
mount-pelee-eruption,"Search the web for reference artworks and historical records of ""Mount Pelée Destroys St. Pierre"" (1902). Study the early 20th-century Caribbean colonial architecture and harbor townscapes viewed from the sea of this period.","A dramatic chiaroscuro oil painting. 1:1 square composition optimized for small screen viewing. One dominant focal subject filling most of the frame. Strong silhouettes, high contrast. Mount Pelée Destroys St. Pierre — A pyroclastic flow from Mount Pelée obliterated Saint-Pierre on Martinique in minutes, killing almost every resident. A distant harbor town's rooftops erased beneath a towering ash column, ships listing offshore in churning water. No text, no dates, no numbers, no labels, no borders, no watermarks.",,
tungsten-filament-lamp,"Search the web for reference artworks and historical records of ""Tungsten Filament Lamp"" (1904). Study the early laboratories, glassblowing and electrical apparatus of this period.","A dramatic chiaroscuro oil painting. 1:1 square composition optimized for small screen viewing. One dominant focal subject filling most of the frame. Strong silhouettes, high contrast. Tungsten Filament Lamp — Hungarian chemists patented a bulb with a tungsten filament, brighter and far longer-lived than carbon threads. A gloved hand seals a coiled filament inside a glass bulb clamped upright on a laboratory bench. No text, no dates, no numbers, no labels, no borders, no watermarks.",,
haldane-decompression-tables,"Search the web for reference artworks and historical records of ""Staged Decompression Tables"" (1908). Study the Edwardian scientific apparatus, diving dress and physiological experiment of this period.","A dramatic chiaroscuro oil painting. 1:1 square composition optimized for small screen viewing. One dominant focal subject filling most of the frame. Strong silhouettes, high contrast. Staged Decompression Tables — John Scott Haldane's tables of staged ascents let divers surface from depth without crippling nitrogen bubbles. A helmeted diver pausing partway up a taut guide rope, bubbles trailing, a tender watching from the surface. No text, no dates, no numbers, no labels, no borders, no watermarks.",,
manchurian-plague,"Search the web for reference artworks and historical records of ""Manchurian Plague Epidemic"" (1911). Study the early 20th-century Manchurian rail stations, winter dress and medical cordons of this period.","A dramatic chiaroscuro oil painting. 1:1 square composition optimized for small screen viewing. One dominant focal subject filling most of the frame. Strong silhouettes, high contrast. Manchurian Plague Epidemic — Pneumonic plague swept Manchuria until Wu Lien-teh's gauze masks and rail cordons broke the chain. A gauze-masked figure at a rail platform barrier, sealed train cars waiting under a bare winter sky. No text, no dates, no numbers, no labels, no borders, no watermarks.",,
sperry-gyroscopic-autopilot,"Search the web for reference artworks and historical records of ""Gyroscopic Autopilot"" (1912). Study the early aviation cockpits, instrumentation, and flight gear of this period.","A dramatic chiaroscuro oil painting. 1:1 square composition optimized for small screen viewing. One dominant focal subject filling most of the frame. Strong silhouettes, high contrast. Gyroscopic Autopilot — Lawrence Sperry linked gyroscopes to an aircraft's controls so the plane could hold its course unattended. An empty cockpit seat, the control stick swaying on its own as a spinning gyroscope steadies beneath the panel. No text, no dates, no numbers, no labels, no borders, no watermarks.",,
aerial-survey-photography,"Search the web for reference artworks and historical records of ""Aerial Photos Map the Trenches"" (1915). Study the WWI aviator gear, aerial cameras and trench landscapes of this period.","A dramatic chiaroscuro oil painting. 1:1 square composition optimized for small screen viewing. One dominant focal subject filling most of the frame. Strong silhouettes, high contrast. Aerial Photos Map the Trenches — Cameras flown over the Western Front let armies redraw trench maps within hours, founding modern photographic survey. A goggled aviator leaning from a cockpit with a bulky camera, trench lines scarring the ground far below. No text, no dates, no numbers, no labels, no borders, no watermarks.",,
daylight-saving-time,"Search the web for reference artworks and historical records of ""Daylight Saving Time Adopted"" (1916). Study the wartime German dress, industry, and clockwork mechanisms of this period.","A dramatic chiaroscuro oil painting. 1:1 square composition optimized for small screen viewing. One dominant focal subject filling most of the frame. Strong silhouettes, high contrast. Daylight Saving Time Adopted — Germany pushed its clocks forward an hour to save coal, and rival and neutral nations copied the measure within weeks. A factory foreman's fingers push a wall clock's hand forward beside a glowing coal furnace. No text, no dates, no numbers, no labels, no borders, no watermarks.",,
finland-declares-independence,"Search the web for reference artworks and historical records of ""Finland Declares Independence"" (1917). Study the Nordic parliamentary dress and chamber architecture of the period of this period.","A dramatic chiaroscuro oil painting. 1:1 square composition optimized for small screen viewing. One dominant focal subject filling most of the frame. Strong silhouettes, high contrast. Finland Declares Independence — The Finnish parliament declared the country independent of Russia as the Russian empire fell apart. Rows of seated deputies raising their hands inside a grand chamber as one figure stands at a lectern. No text, no dates, no numbers, no labels, no borders, no watermarks.",,
house-of-windsor-founded,"Search the web for reference artworks and historical records of ""House of Windsor Founded"" (1917). Study the early twentieth-century royal heraldry, formal dress, and Windsor Castle's architecture of this period.","A dramatic chiaroscuro oil painting. 1:1 square composition optimized for small screen viewing. One dominant focal subject filling most of the frame. Strong silhouettes, high contrast. House of Windsor Founded — George V renounced his family's German titles and renamed the royal house Windsor amid wartime anti-German feeling. Hands striking through a family crest at a writing desk, castle towers rising beyond the window. No text, no dates, no numbers, no labels, no borders, no watermarks.",,
vernam-one-time-pad,"Search the web for reference artworks and historical records of ""The One-Time Pad Patented"" (1919). Study the teleprinter machines, tape reels and early telegraph equipment of this period.","A dramatic chiaroscuro oil painting. 1:1 square composition optimized for small screen viewing. One dominant focal subject filling most of the frame. Strong silhouettes, high contrast. The One-Time Pad Patented — Gilbert Vernam combined each teleprinter character with a key tape; with a random key used once, the result is unbreakable. A hand threading a tape reel through the gears of a clattering teleprinter machine, keys chattering below. No text, no dates, no numbers, no labels, no borders, no watermarks.",,
enigma-machine-sold,"Search the web for reference artworks and historical records of ""Enigma Machine Goes On Sale"" (1923). Study the the rotor machine itself, its casing, keyboard and early commercial office settings of this period.","A dramatic chiaroscuro oil painting. 1:1 square composition optimized for small screen viewing. One dominant focal subject filling most of the frame. Strong silhouettes, high contrast. Enigma Machine Goes On Sale — Arthur Scherbius marketed his rotor cipher machine to banks and firms before the German military adopted it wholesale. A salesman's hands opening a wooden case to reveal a compact rotor machine on a desk. No text, no dates, no numbers, no labels, no borders, no watermarks.",,
pancho-villa-assassinated,"Search the web for reference artworks and historical records of ""Pancho Villa Assassinated"" (1923). Study the early modern Mexican dress, automobiles and rural street architecture of this period.","A dramatic chiaroscuro oil painting. 1:1 square composition optimized for small screen viewing. One dominant focal subject filling most of the frame. Strong silhouettes, high contrast. Pancho Villa Assassinated — The retired Mexican revolutionary general was ambushed by gunmen at Parral, three years after laying down arms. A halted automobile with its windshield shattered on a dusty rural street, its door hanging open. No text, no dates, no numbers, no labels, no borders, no watermarks.",,
contract-bridge-devised,"Search the web for reference artworks and historical records of ""Contract Bridge Devised"" (1925). Study the interwar cruise ship interiors, formal dress, and card table settings of this period.","A dramatic chiaroscuro oil painting. 1:1 square composition optimized for small screen viewing. One dominant focal subject filling most of the frame. Strong silhouettes, high contrast. Contract Bridge Devised — Harold Vanderbilt reworked auction bridge on a Caribbean cruise, creating the bidding and scoring game played today. Elegant figures sit at a card table on a ship's deck, one hand laying a card down as the rail passes behind. No text, no dates, no numbers, no labels, no borders, no watermarks.",,
godel-incompleteness-theorems,"Search the web for reference artworks and historical records of ""Godel's Incompleteness Theorems"" (1931). Study the early twentieth-century Viennese academic dress and study interiors of this period.","A dramatic chiaroscuro oil painting. 1:1 square composition optimized for small screen viewing. One dominant focal subject filling most of the frame. Strong silhouettes, high contrast. Godel's Incompleteness Theorems — Kurt Godel proved that any consistent system rich enough for arithmetic holds truths it cannot prove. A solitary figure standing before a locked cabinet of bound volumes, a key held motionless in hand. No text, no dates, no numbers, no labels, no borders, no watermarks.",,
rejewski-breaks-enigma,"Search the web for reference artworks and historical records of ""Poles Break The Enigma"" (1932). Study the the instruments, gears and study settings of interwar Polish mathematicians of this period.","A dramatic chiaroscuro oil painting. 1:1 square composition optimized for small screen viewing. One dominant focal subject filling most of the frame. Strong silhouettes, high contrast. Poles Break The Enigma — Marian Rejewski used permutation theory to reconstruct the wiring of the German army's Enigma without ever seeing one. A mathematician's hands wiring together a set of small gears against a lamplit study wall. No text, no dates, no numbers, no labels, no borders, no watermarks.",,
prohibition-repealed-us,"Search the web for reference artworks and historical records of ""Prohibition Repealed in the US"" (1933). Study the 1930s American saloons, delivery trucks, and dress of the period of this period.","A dramatic chiaroscuro oil painting. 1:1 square composition optimized for small screen viewing. One dominant focal subject filling most of the frame. Strong silhouettes, high contrast. Prohibition Repealed in the US — The Twenty-first Amendment ended national prohibition, returning the regulation of alcohol to the American states. Crates of bottles being unloaded from a truck as a saloon's shutters are thrown open. No text, no dates, no numbers, no labels, no borders, no watermarks.",,
bathysphere-descent,"Search the web for reference artworks and historical records of ""The Bathysphere Descent"" (1934). Study the early scientific expedition gear, winch equipment and the steel bathysphere of this period.","A dramatic chiaroscuro oil painting. 1:1 square composition optimized for small screen viewing. One dominant focal subject filling most of the frame. Strong silhouettes, high contrast. The Bathysphere Descent — William Beebe and Otis Barton were winched half a mile down off Bermuda in a steel sphere, describing the life outside. A riveted steel sphere with a thick viewport being winched down on a cable past drifting creatures. No text, no dates, no numbers, no labels, no borders, no watermarks.",,
edward-viii-abdicates,"Search the web for reference artworks and historical records of ""Edward VIII Abdicates"" (1936). Study the interwar formal dress, royal desks and papers, and the material culture of departure of this period.","A dramatic chiaroscuro oil painting. 1:1 square composition optimized for small screen viewing. One dominant focal subject filling most of the frame. Strong silhouettes, high contrast. Edward VIII Abdicates — Edward VIII gave up the throne to marry the divorcee Wallis Simpson, and his shy younger brother became George VI. Hands signing a document at a desk beside packed traveling cases and a waiting motorcar. No text, no dates, no numbers, no labels, no borders, no watermarks.",,
turing-computable-numbers,"Search the web for reference artworks and historical records of ""Turing Defines Computability"" (1936). Study the nineteen-thirties Cambridge academic dress, mechanical devices, and workshop settings of this period.","A dramatic chiaroscuro oil painting. 1:1 square composition optimized for small screen viewing. One dominant focal subject filling most of the frame. Strong silhouettes, high contrast. Turing Defines Computability — Alan Turing's paper on computable numbers described an abstract machine and problems no machine can settle. A young figure crouched beside a workbench, threading a spooled tape reel through a gear-driven contraption. No text, no dates, no numbers, no labels, no borders, no watermarks.",,
zwicky-dark-matter,"Search the web for reference artworks and historical records of ""Zwicky Infers Dark Matter"" (1937). Study the the instruments, photographic plates and observatory architecture of early-twentieth-century American astronomy of this period.","A dramatic chiaroscuro oil painting. 1:1 square composition optimized for small screen viewing. One dominant focal subject filling most of the frame. Strong silhouettes, high contrast. Zwicky Infers Dark Matter — Galaxies in the Coma cluster moved far too fast for their visible mass, implying unseen matter holds them. An astronomer at a mountaintop dome holds a glass photographic plate up to a lamp, studying faint smudges of light. No text, no dates, no numbers, no labels, no borders, no watermarks.",,
fluorescent-lamp,"Search the web for reference artworks and historical records of ""Fluorescent Tube Goes On Sale"" (1938). Study the factory production lines and electrical engineering equipment of this period.","A dramatic chiaroscuro oil painting. 1:1 square composition optimized for small screen viewing. One dominant focal subject filling most of the frame. Strong silhouettes, high contrast. Fluorescent Tube Goes On Sale — General Electric marketed phosphor-coated tubes that gave several times more light per watt than filament bulbs. Long glass tubes coated on the inside pass along a factory line as a worker inspects one against the light. No text, no dates, no numbers, no labels, no borders, no watermarks.",,
sutton-hoo-excavated,"Search the web for reference artworks and historical records of ""Sutton Hoo Treasure Unearthed"" (1939). Study the Anglo-Saxon ship burial goods and rural English excavation dress and tools of this period.","A dramatic chiaroscuro oil painting. 1:1 square composition optimized for small screen viewing. One dominant focal subject filling most of the frame. Strong silhouettes, high contrast. Sutton Hoo Treasure Unearthed — Basil Brown traced the vanished timbers of a ship in a Suffolk mound and found the gold and garnet regalia of an Anglo-Saxon king. A kneeling excavator brushes soil from the ghostly outline of buried ship timbers in a grassy mound. No text, no dates, no numbers, no labels, no borders, no watermarks.",,
turing-bombe-bletchley,"Search the web for reference artworks and historical records of ""Turing's Bombe At Bletchley"" (1940). Study the the electromechanical bombe machine, cables, drums and wartime Bletchley Park settings of this period.","A dramatic chiaroscuro oil painting. 1:1 square composition optimized for small screen viewing. One dominant focal subject filling most of the frame. Strong silhouettes, high contrast. Turing's Bombe At Bletchley — Alan Turing's electromechanical bombe began running at Bletchley Park, stripping out the German Enigma's daily settings. Rows of spinning drum rotors on an electromechanical machine, a technician adjusting cables behind it. No text, no dates, no numbers, no labels, no borders, no watermarks.",,
aqua-lung-invented,"Search the web for reference artworks and historical records of ""The Aqua-Lung Invented"" (1943). Study the mid-century diving gear, demand valves and compressed air cylinders of this period.","A dramatic chiaroscuro oil painting. 1:1 square composition optimized for small screen viewing. One dominant focal subject filling most of the frame. Strong silhouettes, high contrast. The Aqua-Lung Invented — Jacques Cousteau and Emile Gagnan's demand valve let a diver breathe compressed air at will, creating modern scuba. A diver testing a compact regulator strapped to twin cylinders, bubbles streaming past a bare torso. No text, no dates, no numbers, no labels, no borders, no watermarks.",,
colossus-lorenz-codebreaker,"Search the web for reference artworks and historical records of ""Colossus Attacks Lorenz Cipher"" (1943). Study the vacuum tube racks, tape reels and wartime computing settings of this period.","A dramatic chiaroscuro oil painting. 1:1 square composition optimized for small screen viewing. One dominant focal subject filling most of the frame. Strong silhouettes, high contrast. Colossus Attacks Lorenz Cipher — Bletchley Park's Colossus, the first programmable electronic computer, hunted the settings of Hitler's teleprinter cipher. A technician standing before towering racks of glowing vacuum tubes and spinning tape reels. No text, no dates, no numbers, no labels, no borders, no watermarks.",,
paricutin-volcano-born,"Search the web for reference artworks and historical records of ""Parícutin Erupts in a Cornfield"" (1943). Study the mid-20th-century rural Mexican farmland, adobe villages and agricultural tools of this period.","A dramatic chiaroscuro oil painting. 1:1 square composition optimized for small screen viewing. One dominant focal subject filling most of the frame. Strong silhouettes, high contrast. Parícutin Erupts in a Cornfield — A Mexican farmer watched a fissure split his field and grow into a cinder cone hundreds of feet tall, burying two villages. A farmer's plow abandoned beside a smoking fissure splitting open a cornfield, a growing cinder cone behind him. No text, no dates, no numbers, no labels, no borders, no watermarks.",,
iceland-becomes-republic,"Search the web for reference artworks and historical records of ""Iceland Becomes a Republic"" (1944). Study the Icelandic dress of the period and the volcanic landscape of Thingvellir of this period.","A dramatic chiaroscuro oil painting. 1:1 square composition optimized for small screen viewing. One dominant focal subject filling most of the frame. Strong silhouettes, high contrast. Iceland Becomes a Republic — Icelanders voted to end the union with the Danish crown and founded their republic at Thingvellir. A crowd of silhouettes gathered on a rocky plain beneath towering cliffs as a lone figure raises a flag. No text, no dates, no numbers, no labels, no borders, no watermarks.",,
gamow-hot-big-bang,"Search the web for reference artworks and historical records of ""Gamow's Hot Early Universe"" (1946). Study the the desks, papers and instruments of mid-twentieth-century theoretical physics offices of this period.","A dramatic chiaroscuro oil painting. 1:1 square composition optimized for small screen viewing. One dominant focal subject filling most of the frame. Strong silhouettes, high contrast. Gamow's Hot Early Universe — Gamow argued the expanding universe began hot and dense enough to forge the lightest chemical elements. A physicist at a cluttered desk cups both hands around a searing point of light exploding outward. No text, no dates, no numbers, no labels, no borders, no watermarks.",,
espresso-machine-crema,"Search the web for reference artworks and historical records of ""Espresso Machine Makes Crema"" (1948). Study the mid-20th-century Italian cafe interiors, espresso machines, and barista dress of the period of this period.","A dramatic chiaroscuro oil painting. 1:1 square composition optimized for small screen viewing. One dominant focal subject filling most of the frame. Strong silhouettes, high contrast. Espresso Machine Makes Crema — Achille Gaggia's lever machine forced hot water through ground coffee under pressure, giving espresso its crema. A barista pulling down a lever on a gleaming espresso machine as foam rises into a small cup. No text, no dates, no numbers, no labels, no borders, no watermarks.",,
grey-walter-tortoises,"Search the web for reference artworks and historical records of ""Grey Walter's Robot Tortoises"" (1948). Study the mid-century laboratory settings, early robotics, and electronics of this period.","A dramatic chiaroscuro oil painting. 1:1 square composition optimized for small screen viewing. One dominant focal subject filling most of the frame. Strong silhouettes, high contrast. Grey Walter's Robot Tortoises — Neurologist William Grey Walter built Elmer and Elsie, shelled robots that hunted light and recharged themselves. A pair of shelled machines trundling across a laboratory floor toward a lamp, trailing wires to a waiting charging cradle. No text, no dates, no numbers, no labels, no borders, no watermarks.",,
shannon-perfect-secrecy,"Search the web for reference artworks and historical records of ""Perfect Secrecy Proved"" (1949). Study the the dress and study settings of a mid-century American mathematician of this period.","A dramatic chiaroscuro oil painting. 1:1 square composition optimized for small screen viewing. One dominant focal subject filling most of the frame. Strong silhouettes, high contrast. Perfect Secrecy Proved — Claude Shannon put cryptography on a mathematical footing and proved the one-time pad the only theoretically unbreakable cipher. A solitary figure at a chalkboard, back turned, chalk dust drifting through a beam of desk light. No text, no dates, no numbers, no labels, no borders, no watermarks.",,
linear-b-deciphered,"Search the web for reference artworks and historical records of ""Linear B Deciphered"" (1952). Study the mid-twentieth-century study interiors, drafting tools, and clay tablet artifacts of this period.","A dramatic chiaroscuro oil painting. 1:1 square composition optimized for small screen viewing. One dominant focal subject filling most of the frame. Strong silhouettes, high contrast. Linear B Deciphered — Michael Ventris, an architect working in his spare time, showed that the Mycenaean tablet script recorded an early form of Greek. A lone figure at a cluttered drafting table pins index cards across a wall, one hand paused mid-thought. No text, no dates, no numbers, no labels, no borders, no watermarks.",,
mackinac-bridge,"Search the web for reference artworks and historical records of ""Mackinac Bridge Opens"" (1957). Study the mid-century suspension bridge engineering, ironworkers' tools and dress of this period.","A dramatic chiaroscuro oil painting. 1:1 square composition optimized for small screen viewing. One dominant focal subject filling most of the frame. Strong silhouettes, high contrast. Mackinac Bridge Opens — A five-mile suspension bridge joined Michigan's upper and lower peninsulas across the storm-swept Straits. Ironworkers spinning cable strands high above churning straits, paired towers rising through low storm cloud. No text, no dates, no numbers, no labels, no borders, no watermarks.",,
stellar-nucleosynthesis-b2fh,"Search the web for reference artworks and historical records of ""Elements Forged Inside Stars"" (1957). Study the the offices, instruments and dress of mid-twentieth-century astrophysics collaborators of this period.","A dramatic chiaroscuro oil painting. 1:1 square composition optimized for small screen viewing. One dominant focal subject filling most of the frame. Strong silhouettes, high contrast. Elements Forged Inside Stars — Burbidge, Fowler and Hoyle showed stars build nearly every heavy element and scatter them as they die. Several scientists in a cramped office pass a small glass sample between them, examining it against the light. No text, no dates, no numbers, no labels, no borders, no watermarks.",,
tharp-ocean-floor-map,"Search the web for reference artworks and historical records of ""Tharp Maps the Ocean Floor"" (1957). Study the mid-century oceanographic sounding equipment, drafting tools and laboratory settings of this period.","A dramatic chiaroscuro oil painting. 1:1 square composition optimized for small screen viewing. One dominant focal subject filling most of the frame. Strong silhouettes, high contrast. Tharp Maps the Ocean Floor — Marie Tharp and Bruce Heezen turned sounding data into a picture of the Atlantic seabed, revealing a rift along its ridge. A woman bent over a drafting table tracing a ridge line from scrolls of sounding data. No text, no dates, no numbers, no labels, no borders, no watermarks.",,
mark-i-perceptron,"Search the web for reference artworks and historical records of ""Mark I Perceptron"" (1958). Study the Cold War-era laboratory equipment, patch-panel electronics, and early computing hardware of this period.","A dramatic chiaroscuro oil painting. 1:1 square composition optimized for small screen viewing. One dominant focal subject filling most of the frame. Strong silhouettes, high contrast. Mark I Perceptron — Frank Rosenblatt's machine learned to tell shapes apart by adjusting its own weights, an early neural network. A wall of patch cables and dial-covered panels behind a boxy sensor aimed at a card bearing a simple shape. No text, no dates, no numbers, no labels, no borders, no watermarks.",,
samuel-checkers-program,"Search the web for reference artworks and historical records of ""Checkers Program Teaches Itself"" (1959). Study the mid-century computer laboratories, cabinetry, and researcher dress of this period.","A dramatic chiaroscuro oil painting. 1:1 square composition optimized for small screen viewing. One dominant focal subject filling most of the frame. Strong silhouettes, high contrast. Checkers Program Teaches Itself — Arthur Samuel's checkers program improved by playing against itself, an early demonstration of machine learning. A researcher stands arms folded before a humming bank of switches and dials, a checkers board waiting on a nearby table. No text, no dates, no numbers, no labels, no borders, no watermarks.",,
maya-glyphs-deciphered,"Search the web for reference artworks and historical records of ""Maya Glyphs Read as History"" (1960). Study the Maya stone monuments, Mesoamerican dress, and mid-twentieth-century scholarly settings of this period.","A dramatic chiaroscuro oil painting. 1:1 square composition optimized for small screen viewing. One dominant focal subject filling most of the frame. Strong silhouettes, high contrast. Maya Glyphs Read as History — Tatiana Proskouriakoff showed that Maya inscriptions record the births, accessions and wars of real kings, not only astronomy. A scholar at a lamplit desk arranges photographs of towering stone monuments in rows across the table. No text, no dates, no numbers, no labels, no borders, no watermarks.",,
unimate-industrial-robot,"Search the web for reference artworks and historical records of ""Unimate Industrial Robot"" (1961). Study the early industrial robotics, factory floors, and manufacturing equipment of this period.","A dramatic chiaroscuro oil painting. 1:1 square composition optimized for small screen viewing. One dominant focal subject filling most of the frame. Strong silhouettes, high contrast. Unimate Industrial Robot — The first industrial robot arm went to work unloading a die-casting machine at a General Motors plant. A hydraulic arm swinging a molten casting from a die machine onto a conveyor, the factory floor stretching into shadow. No text, no dates, no numbers, no labels, no borders, no watermarks.",,
cohen-continuum-hypothesis,"Search the web for reference artworks and historical records of ""Continuum Hypothesis Independent"" (1963). Study the mid-twentieth-century American academic dress and study interiors of this period.","A dramatic chiaroscuro oil painting. 1:1 square composition optimized for small screen viewing. One dominant focal subject filling most of the frame. Strong silhouettes, high contrast. Continuum Hypothesis Independent — Paul Cohen's forcing method showed the continuum hypothesis can be neither proved nor disproved from set theory. A figure at a cluttered desk pushing two stacked wooden frames apart, neither settling into place. No text, no dates, no numbers, no labels, no borders, no watermarks.",,
malta-independence,"Search the web for reference artworks and historical records of ""Malta Wins Independence"" (1964). Study the military dress of the period and Mediterranean fortress architecture of this period.","A dramatic chiaroscuro oil painting. 1:1 square composition optimized for small screen viewing. One dominant focal subject filling most of the frame. Strong silhouettes, high contrast. Malta Wins Independence — Malta became independent from Britain, ending a long run of rule by outside powers over the islands. An officer's hands passing an iron key to another figure before a stone fortress gate at dawn. No text, no dates, no numbers, no labels, no borders, no watermarks.",,
si-second-caesium,"Search the web for reference artworks and historical records of ""The Second Redefined"" (1967). Study the mid-century physics laboratories, instruments and scientific dress of this period.","A dramatic chiaroscuro oil painting. 1:1 square composition optimized for small screen viewing. One dominant focal subject filling most of the frame. Strong silhouettes, high contrast. The Second Redefined — Weights and measures delegates defined the second by caesium atom vibrations, untying it from the spin of the Earth. A lab-coated physicist adjusting dials on a humming vacuum chamber apparatus lit by instrument panels. No text, no dates, no numbers, no labels, no borders, no watermarks.",,
shakey-the-robot,"Search the web for reference artworks and historical records of ""Shakey the Robot"" (1969). Study the space-age robotics labs, computer hardware, and research equipment of this period.","A dramatic chiaroscuro oil painting. 1:1 square composition optimized for small screen viewing. One dominant focal subject filling most of the frame. Strong silhouettes, high contrast. Shakey the Robot — Stanford researchers built the first mobile robot able to plan its own route and reason about its actions. A boxy wheeled robot pausing before a doorway, its sensors and antennae swiveling as it weighs its own path. No text, no dates, no numbers, no labels, no borders, no watermarks.",,
crypto-ag-rigged-machines,"Search the web for reference artworks and historical records of ""Rigged Cipher Machines Sold"" (1970). Study the rotor cipher machines, workshops and Cold War-era espionage settings of this period.","A dramatic chiaroscuro oil painting. 1:1 square composition optimized for small screen viewing. One dominant focal subject filling most of the frame. Strong silhouettes, high contrast. Rigged Cipher Machines Sold — American and West German spy agencies secretly bought a Swiss cipher firm and sold weakened machines to scores of governments. Two suited figures examining the open workings of a rotor cipher machine inside a shipping crate. No text, no dates, no numbers, no labels, no borders, no watermarks.",,
low-loss-optical-fibre,"Search the web for reference artworks and historical records of ""Low-Loss Optical Fibre"" (1970). Study the modern optics laboratories, glassworking and precision instruments of this period.","A dramatic chiaroscuro oil painting. 1:1 square composition optimized for small screen viewing. One dominant focal subject filling most of the frame. Strong silhouettes, high contrast. Low-Loss Optical Fibre — Corning drew glass fibre pure enough to carry light for kilometres, turning optical communication into engineering. A technician draws a thin glass strand from a furnace tower, winding it in a slow coil onto a spool. No text, no dates, no numbers, no labels, no borders, no watermarks.",,
world-series-of-poker-first,"Search the web for reference artworks and historical records of ""First World Series of Poker"" (1970). Study the Las Vegas casino interiors, dress, and card table settings of the era of this period.","A dramatic chiaroscuro oil painting. 1:1 square composition optimized for small screen viewing. One dominant focal subject filling most of the frame. Strong silhouettes, high contrast. First World Series of Poker — Benny Binion gathered leading gamblers at his Las Vegas casino for a poker tournament that crowned a world champion. Gamblers sit around a felt table, a hand pushing a stack of chips toward the pot at the center. No text, no dates, no numbers, no labels, no borders, no watermarks.",,
landsat-earth-imaging,"Search the web for reference artworks and historical records of ""First Landsat Satellite"" (1972). Study the Cold War-era NASA mission control, satellite hardware and instrumentation of this period.","A dramatic chiaroscuro oil painting. 1:1 square composition optimized for small screen viewing. One dominant focal subject filling most of the frame. Strong silhouettes, high contrast. First Landsat Satellite — A NASA satellite began imaging the land surface in repeating swaths, giving mapmakers a continuous view from orbit. Technicians in a control room watching a satellite's imaging feed scroll across a bank of monitors. No text, no dates, no numbers, no labels, no borders, no watermarks.",,
utc-leap-second,"Search the web for reference artworks and historical records of ""First Leap Second Added"" (1972). Study the atomic timekeeping laboratories' control rooms, instruments and dress of this period.","A dramatic chiaroscuro oil painting. 1:1 square composition optimized for small screen viewing. One dominant focal subject filling most of the frame. Strong silhouettes, high contrast. First Leap Second Added — Coordinated Universal Time began inserting a spare second whenever atomic clocks ran ahead of the slowing Earth. A technician's finger poised over a switch in a control room lined with humming atomic clock cabinets. No text, no dates, no numbers, no labels, no borders, no watermarks.",,
bosphorus-bridge,"Search the web for reference artworks and historical records of ""Bosphorus Bridge Opens"" (1973). Study the modern suspension bridge engineering and the strait's maritime traffic of this period.","A dramatic chiaroscuro oil painting. 1:1 square composition optimized for small screen viewing. One dominant focal subject filling most of the frame. Strong silhouettes, high contrast. Bosphorus Bridge Opens — Istanbul's first suspension bridge over the Bosphorus strait carried road traffic between Europe and Asia. A suspension bridge deck stretching away toward a distant tower, cables converging overhead above a strait busy with ships. No text, no dates, no numbers, no labels, no borders, no watermarks.",,
hawking-radiation,"Search the web for reference artworks and historical records of ""Hawking Radiation Predicted"" (1974). Study the the offices, instruments and dress of late-twentieth-century theoretical physicists of this period.","A dramatic chiaroscuro oil painting. 1:1 square composition optimized for small screen viewing. One dominant focal subject filling most of the frame. Strong silhouettes, high contrast. Hawking Radiation Predicted — Hawking showed black holes are not entirely black: quantum effects make them glow and slowly evaporate. A physicist in a wheelchair by a frost-lit window watches a small dark sphere glow faintly at its rim. No text, no dates, no numbers, no labels, no borders, no watermarks.",,
diffie-hellman-key-exchange,"Search the web for reference artworks and historical records of ""Public-Key Cryptography"" (1976). Study the chalkboards, offices and the dress of American academics of the era of this period.","A dramatic chiaroscuro oil painting. 1:1 square composition optimized for small screen viewing. One dominant focal subject filling most of the frame. Strong silhouettes, high contrast. Public-Key Cryptography — Whitfield Diffie and Martin Hellman showed two strangers could agree on a secret key in the open, having never met. Two researchers at a chalkboard, each sketching interlocking gears that mesh without ever touching hands. No text, no dates, no numbers, no labels, no borders, no watermarks.",,
four-colour-theorem-proved,"Search the web for reference artworks and historical records of ""Four Colour Theorem Proved"" (1976). Study the nineteen-seventies university computing rooms, early hardware, and academic offices of this period.","A dramatic chiaroscuro oil painting. 1:1 square composition optimized for small screen viewing. One dominant focal subject filling most of the frame. Strong silhouettes, high contrast. Four Colour Theorem Proved — Appel and Haken showed four colours suffice for any map, the first major proof to lean on a computer. A figure feeding a wide reel of tape into a humming cabinet, indicator lights blinking across the console. No text, no dates, no numbers, no labels, no borders, no watermarks.",,
hydrothermal-vents-discovered,"Search the web for reference artworks and historical records of ""Hydrothermal Vents Discovered"" (1977). Study the deep-sea submersibles, robotic arms and hydrothermal vent ecosystems of this period.","A dramatic chiaroscuro oil painting. 1:1 square composition optimized for small screen viewing. One dominant focal subject filling most of the frame. Strong silhouettes, high contrast. Hydrothermal Vents Discovered — The submersible Alvin found hot vents on the Galapagos Rift crowded with life fed by chemistry rather than sunlight. A submersible's viewport pressed close to a chimney venting into water crowded with strange clustered life. No text, no dates, no numbers, no labels, no borders, no watermarks.",,
rsa-algorithm-published,"Search the web for reference artworks and historical records of ""The RSA Algorithm"" (1978). Study the offices, locks and the dress of MIT researchers of the era of this period.","A dramatic chiaroscuro oil painting. 1:1 square composition optimized for small screen viewing. One dominant focal subject filling most of the frame. Strong silhouettes, high contrast. The RSA Algorithm — Three MIT researchers turned public-key cryptography into a working system resting on the difficulty of factoring huge numbers. Three researchers hunched around a cluttered desk, one holding a large brass padlock up to the light. No text, no dates, no numbers, no labels, no borders, no watermarks.",,
compact-fluorescent-lamp,"Search the web for reference artworks and historical records of ""Compact Fluorescent Bulb"" (1980). Study the industrial design studios and electrical components of this period.","A dramatic chiaroscuro oil painting. 1:1 square composition optimized for small screen viewing. One dominant focal subject filling most of the frame. Strong silhouettes, high contrast. Compact Fluorescent Bulb — Philips folded a fluorescent tube into a screw-in bulb, the first energy-saving lamp sold for ordinary sockets. An engineer bends a slender glass tube into a tight spiral, testing it against a socket on the bench. No text, no dates, no numbers, no labels, no borders, no watermarks.",,
cosmic-inflation-theory,"Search the web for reference artworks and historical records of ""Cosmic Inflation Proposed"" (1980). Study the the offices and dress of late-twentieth-century particle theorists of this period.","A dramatic chiaroscuro oil painting. 1:1 square composition optimized for small screen viewing. One dominant focal subject filling most of the frame. Strong silhouettes, high contrast. Cosmic Inflation Proposed — Guth proposed the infant universe ballooned enormously in an instant, leaving it smooth and flat. A physicist's hand stretches a thin rubber sheet taut in an instant, smoothing every wrinkle across its surface. No text, no dates, no numbers, no labels, no borders, no watermarks.",,
sadat-assassinated,"Search the web for reference artworks and historical records of ""Anwar Sadat Assassinated"" (1981). Study the modern Egyptian military dress, parade grounds and reviewing stand architecture of this period.","A dramatic chiaroscuro oil painting. 1:1 square composition optimized for small screen viewing. One dominant focal subject filling most of the frame. Strong silhouettes, high contrast. Anwar Sadat Assassinated — The Egyptian president was killed by soldiers during a military parade after making peace with Israel. An overturned reviewing stand chair on an empty parade ground, rifles left standing in disarray. No text, no dates, no numbers, no labels, no borders, no watermarks.",,
classification-finite-simple-groups,"Search the web for reference artworks and historical records of ""Finite Simple Groups Classified"" (1983). Study the early nineteen-eighties academic offices, manuscript stacks, and filing systems of this period.","A dramatic chiaroscuro oil painting. 1:1 square composition optimized for small screen viewing. One dominant focal subject filling most of the frame. Strong silhouettes, high contrast. Finite Simple Groups Classified — Gorenstein announced that the building blocks of finite symmetry had been listed, across thousands of pages. Towering stacks of bound manuscript folders filling a cramped office, a figure balancing one more atop the pile. No text, no dates, no numbers, no labels, no borders, no watermarks.",,
quantum-key-distribution,"Search the web for reference artworks and historical records of ""Quantum Key Distribution"" (1984). Study the laser optics, lab equipment and physics laboratory settings of the era of this period.","A dramatic chiaroscuro oil painting. 1:1 square composition optimized for small screen viewing. One dominant focal subject filling most of the frame. Strong silhouettes, high contrast. Quantum Key Distribution — Bennett and Brassard described sharing a key as single photons, where any eavesdropper disturbs them and is detected. A physicist's hands aligning a laser and polarizing lens on an optics bench in a darkened lab. No text, no dates, no numbers, no labels, no borders, no watermarks.",,
new-coke-launched,"Search the web for reference artworks and historical records of ""New Coke Launched"" (1985). Study the 1980s American supermarkets, bottling lines, and dress of the period of this period.","A dramatic chiaroscuro oil painting. 1:1 square composition optimized for small screen viewing. One dominant focal subject filling most of the frame. Strong silhouettes, high contrast. New Coke Launched — Coca-Cola replaced its original formula with a sweeter recipe, then restored the old one after a public backlash. Rows of bottles being swapped on a supermarket shelf as a crowd of shoppers gathers in protest. No text, no dates, no numbers, no labels, no borders, no watermarks.",,
pgp-encryption-released,"Search the web for reference artworks and historical records of ""PGP Encryption Released"" (1991). Study the early personal computers, floppy disks and home-office settings of the era of this period.","A dramatic chiaroscuro oil painting. 1:1 square composition optimized for small screen viewing. One dominant focal subject filling most of the frame. Strong silhouettes, high contrast. PGP Encryption Released — Phil Zimmermann gave away Pretty Good Privacy, putting strong encryption in ordinary hands and drawing a federal investigation. A programmer's hands stacking floppy disks beside a humming terminal, a shadow falling across the doorway. No text, no dates, no numbers, no labels, no borders, no watermarks.",,
ukraine-declares-independence,"Search the web for reference artworks and historical records of ""Ukraine Declares Independence"" (1991). Study the Eastern European dress and civic architecture of the period of this period.","A dramatic chiaroscuro oil painting. 1:1 square composition optimized for small screen viewing. One dominant focal subject filling most of the frame. Strong silhouettes, high contrast. Ukraine Declares Independence — Ukraine's parliament declared independence from the Soviet Union, confirmed by an overwhelming referendum. A flag rising up a pole above a domed government building as a crowd gathers in the square below. No text, no dates, no numbers, no labels, no borders, no watermarks.",,
slovakia-becomes-independent,"Search the web for reference artworks and historical records of ""Slovakia Becomes Independent"" (1993). Study the Central European border-crossing infrastructure and dress of the period of this period.","A dramatic chiaroscuro oil painting. 1:1 square composition optimized for small screen viewing. One dominant focal subject filling most of the frame. Strong silhouettes, high contrast. Slovakia Becomes Independent — Czechoslovakia split peacefully in the Velvet Divorce, and Slovakia took its place as a sovereign state. A striped border barrier lifting at an empty checkpoint as two flags stand on opposite sides of the road. No text, no dates, no numbers, no labels, no borders, no watermarks.",,
blue-led,"Search the web for reference artworks and historical records of ""Bright Blue LED Perfected"" (1994). Study the modern semiconductor laboratories and crystal-growth equipment of this period.","A dramatic chiaroscuro oil painting. 1:1 square composition optimized for small screen viewing. One dominant focal subject filling most of the frame. Strong silhouettes, high contrast. Bright Blue LED Perfected — Shuji Nakamura's gallium nitride diodes completed the colour set, making white LED lighting possible. A researcher peers through a microscope at a small crystal wafer mounted inside a laboratory growth chamber. No text, no dates, no numbers, no labels, no borders, no watermarks.",,
fermat-last-theorem-proved,"Search the web for reference artworks and historical records of ""Fermat's Last Theorem Proved"" (1994). Study the nineteen-nineties Princeton academic dress and study interiors of this period.","A dramatic chiaroscuro oil painting. 1:1 square composition optimized for small screen viewing. One dominant focal subject filling most of the frame. Strong silhouettes, high contrast. Fermat's Last Theorem Proved — Andrew Wiles closed the gap in his proof of the margin note Fermat left unproven for three and a half centuries. A solitary figure at a desk lit by a single lamp, an old worn book left open beside a fresh stack of pages. No text, no dates, no numbers, no labels, no borders, no watermarks.",,
gps-full-coverage,"Search the web for reference artworks and historical records of ""GPS Reaches Full Coverage"" (1995). Study the early satellite-navigation hardware, ground receivers and control-room equipment of this period.","A dramatic chiaroscuro oil painting. 1:1 square composition optimized for small screen viewing. One dominant focal subject filling most of the frame. Strong silhouettes, high contrast. GPS Reaches Full Coverage — The satellite constellation was declared complete, so a receiver anywhere on Earth could fix its own position. A technician's hands adjusting a boxy receiver unit, a bank of monitors tracking satellites overhead. No text, no dates, no numbers, no labels, no borders, no watermarks.",,
kaiko-challenger-deep,"Search the web for reference artworks and historical records of ""Kaiko Reaches Challenger Deep"" (1995). Study the remotely operated deep-sea vehicles, tethers and abyssal seabed sediment of this period.","A dramatic chiaroscuro oil painting. 1:1 square composition optimized for small screen viewing. One dominant focal subject filling most of the frame. Strong silhouettes, high contrast. Kaiko Reaches Challenger Deep — A Japanese remotely operated vehicle reached the deepest point of the ocean and brought back mud and amphipods. A tethered robotic vehicle hovering above a vast sediment plain, lights cutting through crushing darkness. No text, no dates, no numbers, no labels, no borders, no watermarks.",,
rabin-assassinated,"Search the web for reference artworks and historical records of ""Yitzhak Rabin Assassinated"" (1995). Study the modern Israeli dress, outdoor rally staging and stage equipment of this period.","A dramatic chiaroscuro oil painting. 1:1 square composition optimized for small screen viewing. One dominant focal subject filling most of the frame. Strong silhouettes, high contrast. Yitzhak Rabin Assassinated — The Israeli prime minister was shot by an opponent of the Oslo Accords after a peace rally in Tel Aviv. An empty rally stage with a fallen microphone stand, a crowd's silhouettes dispersing into the night. No text, no dates, no numbers, no labels, no borders, no watermarks.",,
haart-aids-treatment,"Search the web for reference artworks and historical records of ""Combination Therapy Tames AIDS"" (1996). Study the 1990s clinical settings, pharmaceutical vials and laboratory equipment of this period.","A dramatic chiaroscuro oil painting. 1:1 square composition optimized for small screen viewing. One dominant focal subject filling most of the frame. Strong silhouettes, high contrast. Combination Therapy Tames AIDS — Triple-drug antiretroviral therapy turned HIV infection from a near-certain death sentence into a managed illness. A researcher's hand arranging vials in a steel rack beside a laboratory counter of pill bottles. No text, no dates, no numbers, no labels, no borders, no watermarks.",,
dark-energy-discovered,"Search the web for reference artworks and historical records of ""Dark Energy Discovered"" (1998). Study the the control rooms, telescopes and dress of late-twentieth-century observational astronomy of this period.","A dramatic chiaroscuro oil painting. 1:1 square composition optimized for small screen viewing. One dominant focal subject filling most of the frame. Strong silhouettes, high contrast. Dark Energy Discovered — Distant supernovae revealed that cosmic expansion is speeding up, pushed by an unknown energy in space. A lone astronomer inside a domed observatory watches a faint point of light pulse on a softly lit screen. No text, no dates, no numbers, no labels, no borders, no watermarks.",,
thonis-heracleion-found,"Search the web for reference artworks and historical records of ""Sunken City of Thonis Found"" (2000). Study the ancient Egyptian port architecture, statuary, and modern underwater excavation gear of this period.","A dramatic chiaroscuro oil painting. 1:1 square composition optimized for small screen viewing. One dominant focal subject filling most of the frame. Strong silhouettes, high contrast. Sunken City of Thonis Found — Divers mapped the drowned Egyptian port of Thonis-Heracleion, its temples, statues and cargo ships lying under Abu Qir Bay. A diver hovers with a lamp beside a submerged colossal statue half-buried in silt on the seabed. No text, no dates, no numbers, no labels, no borders, no watermarks.",,
aes-encryption-standard,"Search the web for reference artworks and historical records of ""AES Becomes The Standard"" (2001). Study the server hardware, data center architecture and modern computing infrastructure of this period.","A dramatic chiaroscuro oil painting. 1:1 square composition optimized for small screen viewing. One dominant focal subject filling most of the frame. Strong silhouettes, high contrast. AES Becomes The Standard — Rijndael, a Belgian design, won an open international contest and became the cipher guarding government files and web traffic. Rows of humming server racks in a datacenter corridor, indicator lights blinking in the dark. No text, no dates, no numbers, no labels, no borders, no watermarks.",,
poincare-conjecture-proved,"Search the web for reference artworks and historical records of ""Poincare Conjecture Proved"" (2003). Study the early twenty-first-century Russian dress, austere interiors, and everyday objects of this period.","A dramatic chiaroscuro oil painting. 1:1 square composition optimized for small screen viewing. One dominant focal subject filling most of the frame. Strong silhouettes, high contrast. Poincare Conjecture Proved — Grigori Perelman posted a proof that every simply connected closed three-dimensional space is a sphere. A solitary figure in a bare room turning a knotted loop of cord slowly around a smooth stone sphere. No text, no dates, no numbers, no labels, no borders, no watermarks.",,
graphene-isolated,"Search the web for reference artworks and historical records of ""Graphene Peeled With Tape"" (2004). Study the modern physics laboratory equipment, cleanroom dress and materials science tools of this period.","A dramatic chiaroscuro oil painting. 1:1 square composition optimized for small screen viewing. One dominant focal subject filling most of the frame. Strong silhouettes, high contrast. Graphene Peeled With Tape — Andre Geim and Konstantin Novoselov peeled graphite with sticky tape and were left with a sheet one atom thick. A gloved hand lifting a strip of tape from a graphite block, the peeled flake held up toward the light. No text, no dates, no numbers, no labels, no borders, no watermarks.",,
darpa-grand-challenge-won,"Search the web for reference artworks and historical records of ""DARPA Grand Challenge Won"" (2005). Study the desert racing terrain, off-road vehicle engineering, and robotics sensor arrays of this period.","A dramatic chiaroscuro oil painting. 1:1 square composition optimized for small screen viewing. One dominant focal subject filling most of the frame. Strong silhouettes, high contrast. DARPA Grand Challenge Won — Stanford's driverless car Stanley crossed a desert course alone, showing autonomous driving could work. An empty driver's seat behind a turning steering wheel, a sensor array spinning atop a dust-trailing vehicle in open desert. No text, no dates, no numbers, no labels, no borders, no watermarks.",,
google-earth-launch,"Search the web for reference artworks and historical records of ""Google Earth Launches"" (2005). Study the early internet-era computer hardware, satellite imagery archives and home office settings of this period.","A dramatic chiaroscuro oil painting. 1:1 square composition optimized for small screen viewing. One dominant focal subject filling most of the frame. Strong silhouettes, high contrast. Google Earth Launches — A free virtual globe stitched satellite imagery into a zoomable model of the planet, putting survey data on home computers. A hand hovering over a computer mouse before a glowing screen, a globe model standing nearby on the desk. No text, no dates, no numbers, no labels, no borders, no watermarks.",,
bhutto-assassinated,"Search the web for reference artworks and historical records of ""Benazir Bhutto Assassinated"" (2007). Study the contemporary Pakistani dress, campaign vehicles and rally staging of this period.","A dramatic chiaroscuro oil painting. 1:1 square composition optimized for small screen viewing. One dominant focal subject filling most of the frame. Strong silhouettes, high contrast. Benazir Bhutto Assassinated — The former Pakistani prime minister was killed at an election rally in Rawalpindi after returning from exile. An open vehicle sunroof above an abandoned campaign car, a crowd scattering across a rally ground. No text, no dates, no numbers, no labels, no borders, no watermarks.",,
chinook-solves-checkers,"Search the web for reference artworks and historical records of ""Checkers Solved by Chinook"" (2007). Study the modern computer server rooms and research lab interiors of this period.","A dramatic chiaroscuro oil painting. 1:1 square composition optimized for small screen viewing. One dominant focal subject filling most of the frame. Strong silhouettes, high contrast. Checkers Solved by Chinook — Researchers proved that perfect play at checkers ends in a draw, the largest game solved by computer to that point. A researcher slumps in a chair, head resting in one hand, a checkers board abandoned across from a humming server rack. No text, no dates, no numbers, no labels, no borders, no watermarks.",,
incandescent-bulb-phase-out,"Search the web for reference artworks and historical records of ""Incandescent Bulbs Phased Out"" (2007). Study the modern retail interiors, packaging design and household objects of this period.","A dramatic chiaroscuro oil painting. 1:1 square composition optimized for small screen viewing. One dominant focal subject filling most of the frame. Strong silhouettes, high contrast. Incandescent Bulbs Phased Out — Australia announced a national ban on filament bulbs, and Europe and America soon legislated their own switch-off. A hand lowers a filament bulb into a collection box beneath a shelf stocked with coiled replacement lamps. No text, no dates, no numbers, no labels, no borders, no watermarks.",,
cameron-challenger-deep,"Search the web for reference artworks and historical records of ""Solo Dive to Challenger Deep"" (2012). Study the modern deep-sea submersible engineering and the sediment of the ocean's deepest trench of this period.","A dramatic chiaroscuro oil painting. 1:1 square composition optimized for small screen viewing. One dominant focal subject filling most of the frame. Strong silhouettes, high contrast. Solo Dive to Challenger Deep — James Cameron piloted a vertical torpedo-shaped submersible alone to the floor of the Mariana Trench. A narrow vertical submersible settling alone onto a silted trench floor, a single light beam probing outward. No text, no dates, no numbers, no labels, no borders, no watermarks.",,
richard-iii-grave-found,"Search the web for reference artworks and historical records of ""Richard III Found Under Car Park"" (2012). Study the medieval royal dress and armor, and modern archaeological excavation methods of this period.","A dramatic chiaroscuro oil painting. 1:1 square composition optimized for small screen viewing. One dominant focal subject filling most of the frame. Strong silhouettes, high contrast. Richard III Found Under Car Park — Archaeologists dug up a council car park in Leicester and found the lost grave of the last Plantagenet king of England. Excavators kneel at the edge of a paved lot trench, brushing soil from a fragment of old bone. No text, no dates, no numbers, no labels, no borders, no watermarks.",,
zodiac-cipher-solved,"Search the web for reference artworks and historical records of ""Zodiac Killer's Cipher Solved"" (2020). Study the home computer setups and amateur codebreaking settings of the early twenty-first century of this period.","A dramatic chiaroscuro oil painting. 1:1 square composition optimized for small screen viewing. One dominant focal subject filling most of the frame. Strong silhouettes, high contrast. Zodiac Killer's Cipher Solved — Three amateurs running custom software cracked the Zodiac Killer's longest cryptogram after half a century of failed attempts. Three amateurs hunched over glowing computer monitors in a cluttered room late at night. No text, no dates, no numbers, no labels, no borders, no watermarks.",,
leap-second-retired,"Search the web for reference artworks and historical records of ""Leap Second Voted Out"" (2022). Study the international standards conferences' chambers, dress and instruments of this period.","A dramatic chiaroscuro oil painting. 1:1 square composition optimized for small screen viewing. One dominant focal subject filling most of the frame. Strong silhouettes, high contrast. Leap Second Voted Out — The General Conference on Weights and Measures agreed to stop adding leap seconds to civil time worldwide. A presiding delegate's gavel falls as a bank of atomic clock cabinets glows quietly beyond the podium. No text, no dates, no numbers, no labels, no borders, no watermarks.",,
titan-submersible-implosion,"Search the web for reference artworks and historical records of ""Titan Submersible Implosion"" (2023). Study the modern research vessels, carbon-fibre wreckage and deep-sea search operations of this period.","A dramatic chiaroscuro oil painting. 1:1 square composition optimized for small screen viewing. One dominant focal subject filling most of the frame. Strong silhouettes, high contrast. Titan Submersible Implosion — A carbon-fibre tourist submersible imploded on its way down to the Titanic wreck, killing all five people aboard. A support ship's deck crew scanning an empty stretch of ocean, a broken hull fragment laid on the deck. No text, no dates, no numbers, no labels, no borders, no watermarks.",,
