event_name,research_prompt,image_prompt,image_generated,saved_filename
eukaryotic-cell-evolution,"Search the web for reference artworks and historical records of ""First Eukaryotic Cells Evolve"" (1900000000 BCE). Study the microscopic cell biology illustration style, endosymbiosis, mitochondria engulfment, no humans or artifacts present of this period.","A dramatic chiaroscuro oil painting. 1:1 square composition optimized for small screen viewing. One dominant focal subject filling most of the frame. Strong silhouettes, high contrast. First Eukaryotic Cells Evolve — Cells with a nucleus and internal organelles arose, likely when one microbe engulfed another and both survived. A cutaway close-up of a translucent cell membrane with a smaller rod-shaped microbe caught mid-engulfment inside a larger cell, organelles floating in the cytoplasm. No text, no dates, no numbers, no labels, no borders, no watermarks.",,
first-insects-appear,"Search the web for reference artworks and historical records of ""First Insects Appear"" (400000000 BCE). Study the Devonian-era landscape, wingless proto-insects such as Rhyniognatha, early land plants, no humans of this period.","A dramatic chiaroscuro oil painting. 1:1 square composition optimized for small screen viewing. One dominant focal subject filling most of the frame. Strong silhouettes, high contrast. First Insects Appear — Small wingless insects related to modern silverfish became among the first animals to live entirely on land. A small silverfish-like insect crawling across a mat of primitive moss beside a shallow freshwater pool, bare rock visible at the edge of the frame. No text, no dates, no numbers, no labels, no borders, no watermarks.",,
homo-heidelbergensis-emerges,"Search the web for reference artworks and historical records of ""Homo Heidelbergensis Emerges"" (700000 BCE). Study the Homo heidelbergensis reconstruction, African savanna, early hominin anatomy and posture, no text of this period.","A dramatic chiaroscuro oil painting. 1:1 square composition optimized for small screen viewing. One dominant focal subject filling most of the frame. Strong silhouettes, high contrast. Homo Heidelbergensis Emerges — A large brained hominin likely ancestral to both Neanderthals and modern humans appeared in Africa. A large browed hominin standing at the edge of open grassland at dusk, one hand resting on a wooden spear planted in the earth. No text, no dates, no numbers, no labels, no borders, no watermarks.",,
oldest-wooden-hunting-spears,"Search the web for reference artworks and historical records of ""Oldest Wooden Spears Made"" (200000 BCE). Study the Schoningen spear finds, Lower Paleolithic hunting technology, European Ice Age setting, no gore of this period.","A dramatic chiaroscuro oil painting. 1:1 square composition optimized for small screen viewing. One dominant focal subject filling most of the frame. Strong silhouettes, high contrast. Oldest Wooden Spears Made — Wooden hunting spears preserved in Germany show early hominins throwing weapons to kill horses. A hominin's hands carving and balancing a long wooden spear beside a riverbank, a coil of sinew and stone tools laid out on a hide nearby. No text, no dates, no numbers, no labels, no borders, no watermarks.",,
trepanation-earliest-known,"Search the web for reference artworks and historical records of ""Earliest Known Trepanation"" (6500 BCE). Study the Neolithic tools, dress and firelit dwelling interiors of this period.","A dramatic chiaroscuro oil painting. 1:1 square composition optimized for small screen viewing. One dominant focal subject filling most of the frame. Strong silhouettes, high contrast. Earliest Known Trepanation — Archaeologists found a skull with a hole deliberately cut into it that later healed, the oldest solid evidence of a patient surviving cranial surgery. A hand steadying a sharpened flint scraper against a patient's head by firelight, healed skull fragments and simple bindings laid out nearby. No text, no dates, no numbers, no labels, no borders, no watermarks.",,
water-buffalo-domesticated,"Search the web for reference artworks and historical records of ""Water Buffalo Put to Work"" (4000 BCE). Study the Neolithic South and East Asian farming dress, early plowing implements and water buffalo anatomy of this period.","A dramatic chiaroscuro oil painting. 1:1 square composition optimized for small screen viewing. One dominant focal subject filling most of the frame. Strong silhouettes, high contrast. Water Buffalo Put to Work — Farmers across South and East Asia tamed wild water buffalo for plowing fields and producing milk. A farmer guiding a yoked water buffalo through a flooded rice paddy, a wooden plow cutting the mud behind it. No text, no dates, no numbers, no labels, no borders, no watermarks.",,
hierakonpolis-royal-menagerie,"Search the web for reference artworks and historical records of ""Egypt Keeps a Royal Menagerie"" (3600 BCE). Study the Predynastic Egyptian dress, mudbrick enclosures and the animals known from the Hierakonpolis elite burials of this period.","A dramatic chiaroscuro oil painting. 1:1 square composition optimized for small screen viewing. One dominant focal subject filling most of the frame. Strong silhouettes, high contrast. Egypt Keeps a Royal Menagerie — Elite burials in southern Egypt reveal captive elephants, hippos, baboons and wildcats kept as a show of status. A keeper leading a leashed baboon and a caged wildcat past a mudbrick enclosure holding a young elephant. No text, no dates, no numbers, no labels, no borders, no watermarks.",,
dromedary-camel-domesticated,"Search the web for reference artworks and historical records of ""Dromedary Camels Tamed"" (2900 BCE). Study the Bronze Age Arabian herder dress, rope halters and dromedary camel anatomy of this period.","A dramatic chiaroscuro oil painting. 1:1 square composition optimized for small screen viewing. One dominant focal subject filling most of the frame. Strong silhouettes, high contrast. Dromedary Camels Tamed — Herders on the Arabian Peninsula domesticated the one humped camel for milk, meat and desert transport. A herder fitting a rope halter on a kneeling dromedary camel, milking bowls set nearby in a desert camp. No text, no dates, no numbers, no labels, no borders, no watermarks.",,
lagash-girsu-canal-network,"Search the web for reference artworks and historical records of ""Lagash Digs the Girsu Canals"" (2900 BCE). Study the Early Dynastic Sumerian dress, digging tools and canal earthworks near Girsu of this period.","A dramatic chiaroscuro oil painting. 1:1 square composition optimized for small screen viewing. One dominant focal subject filling most of the frame. Strong silhouettes, high contrast. Lagash Digs the Girsu Canals — The Sumerian city of Lagash expanded a web of irrigation canals around Girsu, a network later disputed fiercely with neighboring Umma. Laborers with wooden shovels and woven baskets deepening a canal bank, palm-frond markers staking its course through fields. No text, no dates, no numbers, no labels, no borders, no watermarks.",,
walls-of-uruk-raised,"Search the web for reference artworks and historical records of ""Walls of Uruk Raised"" (2700 BCE). Study the Sumerian Uruk period mudbrick construction, dress and tools, circa 2700 BCE Mesopotamia of this period.","A dramatic chiaroscuro oil painting. 1:1 square composition optimized for small screen viewing. One dominant focal subject filling most of the frame. Strong silhouettes, high contrast. Walls of Uruk Raised — Sumerian Uruk was ringed with a great defensive wall, later credited in legend to King Gilgamesh. Laborers hauling wet mudbricks up a ramp to a rising city wall, a foreman with a measuring cord checking the courses. No text, no dates, no numbers, no labels, no borders, no watermarks.",,
sneferu-red-pyramid,"Search the web for reference artworks and historical records of ""Sneferu Builds the Red Pyramid"" (2600 BCE). Study the Old Kingdom Egyptian construction sites, limestone casing blocks and the reddish stone of the Dahshur pyramids of this period.","A dramatic chiaroscuro oil painting. 1:1 square composition optimized for small screen viewing. One dominant focal subject filling most of the frame. Strong silhouettes, high contrast. Sneferu Builds the Red Pyramid — Pharaoh Sneferu completed the Red Pyramid at Dahshur, the first successful smooth sided true pyramid ever raised. Workers hauling a sled of reddish limestone blocks up a construction ramp, the smooth sloped pyramid rising behind them. No text, no dates, no numbers, no labels, no borders, no watermarks.",,
red-pyramid-sneferu,"Search the web for reference artworks and historical records of ""Red Pyramid of Sneferu"" (2590 BCE). Study the Old Kingdom Egyptian stoneworking, the Red Pyramid's reddish limestone casing, and Fourth Dynasty construction tools of this period.","A dramatic chiaroscuro oil painting. 1:1 square composition optimized for small screen viewing. One dominant focal subject filling most of the frame. Strong silhouettes, high contrast. Red Pyramid of Sneferu — Pharaoh Sneferu completed a smooth sided pyramid at Dahshur, briefly the tallest structure on Earth before his son's tomb surpassed it. Laborers hauling a limestone block up a ramp on ropes, the pyramid's smooth pink-tinged flank rising behind them under a desert sky. No text, no dates, no numbers, no labels, no borders, no watermarks.",,
khufu-ship,"Search the web for reference artworks and historical records of ""The Khufu Ship"" (2560 BCE). Study the Old Kingdom Egyptian shipbuilding, the Khufu ship's cedar hull and boat pit at Giza of this period.","A dramatic chiaroscuro oil painting. 1:1 square composition optimized for small screen viewing. One dominant focal subject filling most of the frame. Strong silhouettes, high contrast. The Khufu Ship — Egyptian shipwrights buried a huge cedar vessel beside the Great Pyramid, its planks fitted together with mortise and tenon joints rather than nails. Shipwrights lashing and pegging long cedar planks together beside a hull under construction, the Great Pyramid rising in the background. No text, no dates, no numbers, no labels, no borders, no watermarks.",,
menkaure-pyramid-giza,"Search the web for reference artworks and historical records of ""Menkaure's Pyramid at Giza"" (2510 BCE). Study the Fourth Dynasty stonemasonry at Giza, granite casing stones and the smaller scale of Menkaure's pyramid of this period.","A dramatic chiaroscuro oil painting. 1:1 square composition optimized for small screen viewing. One dominant focal subject filling most of the frame. Strong silhouettes, high contrast. Menkaure's Pyramid at Giza — Pharaoh Menkaure completed the third and smallest pyramid at Giza, finishing the trio beside Khufu and Khafre's monuments. Masons fitting dark granite casing blocks to a pyramid's lower courses, the taller pyramids of Giza looming beyond. No text, no dates, no numbers, no labels, no borders, no watermarks.",,
mohenjo-daro-covered-drains,"Search the web for reference artworks and historical records of ""Mohenjo-daro's Covered Drains"" (2450 BCE). Study the Indus Valley brickwork, Mohenjo-daro streets and drain construction of this period.","A dramatic chiaroscuro oil painting. 1:1 square composition optimized for small screen viewing. One dominant focal subject filling most of the frame. Strong silhouettes, high contrast. Mohenjo-daro's Covered Drains — Builders in the Indus city of Mohenjo-daro laid brick lined covered drains and wells, an early planned sewage and water system. A worker fitting a fired brick cover over a street-side drain channel, a well shaft visible in the courtyard behind. No text, no dates, no numbers, no labels, no borders, no watermarks.",,
enheduanna-first-author-hymns,"Search the web for reference artworks and historical records of ""Enheduanna Signs Her Hymns"" (2285 BCE). Study the Akkadian priestess dress, cuneiform tablets and temple interiors of ancient Ur of this period.","A dramatic chiaroscuro oil painting. 1:1 square composition optimized for small screen viewing. One dominant focal subject filling most of the frame. Strong silhouettes, high contrast. Enheduanna Signs Her Hymns — Akkadian priestess Enheduanna composed temple hymns to the goddess Inanna, becoming history's first author known by name. A priestess's hands pressing a reed stylus into a wet clay tablet, more inscribed tablets stacked beside an oil lamp. No text, no dates, no numbers, no labels, no borders, no watermarks.",,
akkadian-empire-famine-collapse,"Search the web for reference artworks and historical records of ""Akkadian Empire Collapses"" (2200 BCE). Study the Bronze Age Mesopotamian dress, mudbrick architecture and cracked-earth drought imagery of the Akkadian period of this period.","A dramatic chiaroscuro oil painting. 1:1 square composition optimized for small screen viewing. One dominant focal subject filling most of the frame. Strong silhouettes, high contrast. Akkadian Empire Collapses — A prolonged megadrought ruined Mesopotamian harvests and helped topple the world's first empire, the Akkadians. A farmer kneeling on cracked, parched earth beside withered barley stalks, an abandoned mudbrick granary standing empty behind. No text, no dates, no numbers, no labels, no borders, no watermarks.",,
mentuhotep-ii-reunification,"Search the web for reference artworks and historical records of ""Mentuhotep II Reunites Egypt"" (2050 BCE). Study the Eleventh Dynasty Theban soldiers, banners and the mortuary temple at Deir el-Bahari of this period.","A dramatic chiaroscuro oil painting. 1:1 square composition optimized for small screen viewing. One dominant focal subject filling most of the frame. Strong silhouettes, high contrast. Mentuhotep II Reunites Egypt — Pharaoh Mentuhotep II defeated rival dynasties and reunited Upper and Lower Egypt, ending a fractured intermediate period. A pharaoh's soldiers raising a standard over a captured river fortress, boats lined along the Nile behind them. No text, no dates, no numbers, no labels, no borders, no watermarks.",,
falconry-emerges-central-asia,"Search the web for reference artworks and historical records of ""Falconry Emerges in Asia"" (2000 BCE). Study the Bronze Age Central Asian steppe hunter dress, leather gauntlets and hooded falcons of this period.","A dramatic chiaroscuro oil painting. 1:1 square composition optimized for small screen viewing. One dominant focal subject filling most of the frame. Strong silhouettes, high contrast. Falconry Emerges in Asia — Hunters on the Asian steppe began training captured raptors to hunt cooperatively alongside people. A mounted hunter's gloved hand raising a hooded falcon against an open steppe sky. No text, no dates, no numbers, no labels, no borders, no watermarks.",,
amenemhat-i-founds-dynasty,"Search the web for reference artworks and historical records of ""Amenemhat I Founds a Dynasty"" (1991 BCE). Study the Middle Kingdom Egyptian court dress, royal regalia and the founding of Itjtawy of this period.","A dramatic chiaroscuro oil painting. 1:1 square composition optimized for small screen viewing. One dominant focal subject filling most of the frame. Strong silhouettes, high contrast. Amenemhat I Founds a Dynasty — A former vizier named Amenemhat I seized the Egyptian throne and founded a new dynasty, moving the capital southward. A newly crowned pharaoh receiving the double crown from priests in a torchlit hall, courtiers kneeling in rows. No text, no dates, no numbers, no labels, no borders, no watermarks.",,
hammurabi-surgeon-laws,"Search the web for reference artworks and historical records of ""Hammurabi's Laws on Surgeons"" (1754 BCE). Study the Old Babylonian dress, bronze surgical lancets and the basalt law stele of Hammurabi of this period.","A dramatic chiaroscuro oil painting. 1:1 square composition optimized for small screen viewing. One dominant focal subject filling most of the frame. Strong silhouettes, high contrast. Hammurabi's Laws on Surgeons — Babylon's law code set a surgeon's fee for a successful operation and ordered his hand cut off if a noble patient died under the bronze lancet. A physician's hands laying out bronze lancets on a reed mat, a tall carved basalt stele looming in the courtyard behind. No text, no dates, no numbers, no labels, no borders, no watermarks.",,
hatshepsut-crowned-pharaoh,"Search the web for reference artworks and historical records of ""Hatshepsut Crowned Pharaoh"" (1478 BCE). Study the New Kingdom Egyptian royal regalia, coronation ritual and temple architecture at Karnak of this period.","A dramatic chiaroscuro oil painting. 1:1 square composition optimized for small screen viewing. One dominant focal subject filling most of the frame. Strong silhouettes, high contrast. Hatshepsut Crowned Pharaoh — Hatshepsut had herself crowned ruler of Egypt with full royal titulary, one of history's earliest women to reign as pharaoh. A pharaoh's hands receiving the crook and flail from a priest, the double crown resting on a cushion nearby. No text, no dates, no numbers, no labels, no borders, no watermarks.",,
hatshepsut-becomes-pharaoh,"Search the web for reference artworks and historical records of ""Hatshepsut Becomes Pharaoh"" (1473 BCE). Study the Eighteenth Dynasty pharaonic regalia, the false beard and Hatshepsut's terraced mortuary temple of this period.","A dramatic chiaroscuro oil painting. 1:1 square composition optimized for small screen viewing. One dominant focal subject filling most of the frame. Strong silhouettes, high contrast. Hatshepsut Becomes Pharaoh — Hatshepsut assumed full pharaonic titles and regalia, ruling as king rather than merely as regent for her stepson. A woman pharaoh standing before palace columns wearing the false beard and double crown, attendants bowing nearby. No text, no dates, no numbers, no labels, no borders, no watermarks.",,
kikkuli-horse-training-text,"Search the web for reference artworks and historical records of ""Kikkuli Writes a Horse Manual"" (1400 BCE). Study the Hittite Bronze Age scribal dress, clay tablets and chariot-horse harness of the period of this period.","A dramatic chiaroscuro oil painting. 1:1 square composition optimized for small screen viewing. One dominant focal subject filling most of the frame. Strong silhouettes, high contrast. Kikkuli Writes a Horse Manual — A Hittite trainer named Kikkuli set down a long conditioning program for chariot horses, the oldest known training text for any animal. A trainer's hands walking a harnessed chariot horse in a paddock while a scribe reads from a clay tablet. No text, no dates, no numbers, no labels, no borders, no watermarks.",,
seti-i-recovers-levant,"Search the web for reference artworks and historical records of ""Seti I Rebuilds the Empire"" (1290 BCE). Study the New Kingdom Egyptian chariotry, bronze weapons and campaign relief carvings at Karnak of this period.","A dramatic chiaroscuro oil painting. 1:1 square composition optimized for small screen viewing. One dominant focal subject filling most of the frame. Strong silhouettes, high contrast. Seti I Rebuilds the Empire — Pharaoh Seti I took the Egyptian throne and campaigned into the Levant, recovering territory lost during religious upheaval. A pharaoh in a war chariot leading columns of soldiers across a desert frontier, spears and shields catching the light. No text, no dates, no numbers, no labels, no borders, no watermarks.",,
abu-simbel-temples-dedicated,"Search the web for reference artworks and historical records of ""Abu Simbel Temples Dedicated"" (1244 BCE). Study the the rock cut facade of Abu Simbel, colossal seated statues and New Kingdom temple dedication rites of this period.","A dramatic chiaroscuro oil painting. 1:1 square composition optimized for small screen viewing. One dominant focal subject filling most of the frame. Strong silhouettes, high contrast. Abu Simbel Temples Dedicated — Pharaoh Ramesses II dedicated his rock cut temples at Abu Simbel, fronted by four colossal seated statues of himself. Priests burning incense before the towering seated statues carved into a sandstone cliff face at sunrise. No text, no dates, no numbers, no labels, no borders, no watermarks.",,
merneptah-victory-stele,"Search the web for reference artworks and historical records of ""Merneptah's Victory Stele"" (1208 BCE). Study the New Kingdom Egyptian scribes, stone stelae and hieroglyphic inscription tools of this period.","A dramatic chiaroscuro oil painting. 1:1 square composition optimized for small screen viewing. One dominant focal subject filling most of the frame. Strong silhouettes, high contrast. Merneptah's Victory Stele — Pharaoh Merneptah repelled a Libyan invasion and commemorated the victory on a stele naming a people called Israel. A scribe chiseling hieroglyphs into a tall stone stele, a scribe's palette and reed pens resting beside him. No text, no dates, no numbers, no labels, no borders, no watermarks.",,
burning-of-ugarit,"Search the web for reference artworks and historical records of ""Burning of Ugarit"" (1177 BCE). Study the Late Bronze Age Levantine port architecture, Ugaritic dress and harbor storerooms of this period.","A dramatic chiaroscuro oil painting. 1:1 square composition optimized for small screen viewing. One dominant focal subject filling most of the frame. Strong silhouettes, high contrast. Burning of Ugarit — Invaders overran the Bronze Age port city of Ugarit and burned it down amid a wider collapse of eastern Mediterranean civilizations. Flames licking through a mudbrick harbor warehouse, clay tablets and storage jars abandoned on the floor as smoke pours through a doorway. No text, no dates, no numbers, no labels, no borders, no watermarks.",,
ramesses-iii-sea-peoples,"Search the web for reference artworks and historical records of ""Ramesses III Repels Sea Peoples"" (1175 BCE). Study the the Battle of the Delta reliefs at Medinet Habu, Egyptian archers and Sea Peoples' feathered headdresses of this period.","A dramatic chiaroscuro oil painting. 1:1 square composition optimized for small screen viewing. One dominant focal subject filling most of the frame. Strong silhouettes, high contrast. Ramesses III Repels Sea Peoples — Pharaoh Ramesses III defeated a coalition of seaborne raiders known as the Sea Peoples in major land and naval battles. Egyptian archers firing from the deck of a river warship at raiders in strange feathered headdresses nearby. No text, no dates, no numbers, no labels, no borders, no watermarks.",,
ramesses-iii-assassinated,"Search the web for reference artworks and historical records of ""Ramesses III Is Assassinated"" (1155 BCE). Study the New Kingdom palace interiors, harem quarters and Ramesses III era royal dress of this period.","A dramatic chiaroscuro oil painting. 1:1 square composition optimized for small screen viewing. One dominant focal subject filling most of the frame. Strong silhouettes, high contrast. Ramesses III Is Assassinated — A palace conspiracy led by a secondary wife of Pharaoh Ramesses III ended his life, confirmed later by forensic study. A shadowed palace corridor at night, a guard's torch flickering near a heavy curtained doorway left ajar. No text, no dates, no numbers, no labels, no borders, no watermarks.",,
deir-el-medina-tomb-robberies,"Search the web for reference artworks and historical records of ""Deir el-Medina Tomb Robberies"" (1110 BCE). Study the New Kingdom Egyptian tomb interiors, workmen's dress and tools, papyrus scrolls of the period of this period.","A dramatic chiaroscuro oil painting. 1:1 square composition optimized for small screen viewing. One dominant focal subject filling most of the frame. Strong silhouettes, high contrast. Deir el-Medina Tomb Robberies — Necropolis workmen at Thebes confessed under trial to plundering royal and noble tombs of their gold and treasure. A workman's hand prying open a sealed tomb chamber by torchlight, gold funerary objects glinting inside beyond the broken seal. No text, no dates, no numbers, no labels, no borders, no watermarks.",,
earliest-persian-qanats,"Search the web for reference artworks and historical records of ""Earliest Persian Qanats Dug"" (800 BCE). Study the ancient Iranian plateau dress and qanat tunneling techniques of this period.","A dramatic chiaroscuro oil painting. 1:1 square composition optimized for small screen viewing. One dominant focal subject filling most of the frame. Strong silhouettes, high contrast. Earliest Persian Qanats Dug — Engineers on the Iranian plateau began tunneling gently sloped qanats, carrying groundwater to farms without pumps or evaporation. A worker lowered by rope into a vertical qanat shaft, hauling up a leather bucket of excavated earth to the surface. No text, no dates, no numbers, no labels, no borders, no watermarks.",,
great-dam-of-marib,"Search the web for reference artworks and historical records of ""Great Dam of Marib Built"" (750 BCE). Study the ancient South Arabian (Sabaean) construction dress and earthwork dam building of this period.","A dramatic chiaroscuro oil painting. 1:1 square composition optimized for small screen viewing. One dominant focal subject filling most of the frame. Strong silhouettes, high contrast. Great Dam of Marib Built — Sabaean rulers in Yemen raised a great earthen dam across a desert valley, irrigating a vast oasis for many centuries. Workers tamping layers of packed earth and stone onto a rising dam wall across a dry desert wadi. No text, no dates, no numbers, no labels, no borders, no watermarks.",,
piye-conquers-egypt,"Search the web for reference artworks and historical records of ""Piye Conquers Egypt"" (728 BCE). Study the Twenty fifth Dynasty Nubian royal dress, cap crowns and Kushite military campaigns of this period.","A dramatic chiaroscuro oil painting. 1:1 square composition optimized for small screen viewing. One dominant focal subject filling most of the frame. Strong silhouettes, high contrast. Piye Conquers Egypt — The Nubian king Piye marched north, defeated a coalition of Delta rulers, and became pharaoh over a reunited Egypt. A Nubian king on horseback surveying a captured Delta town, his soldiers raising spears in salute below. No text, no dates, no numbers, no labels, no borders, no watermarks.",,
assyrian-siege-lachish,"Search the web for reference artworks and historical records of ""Assyrian Siege of Lachish"" (701 BCE). Study the Assyrian siege warfare, the Lachish relief carvings, and Neo-Assyrian army equipment of this period.","A dramatic chiaroscuro oil painting. 1:1 square composition optimized for small screen viewing. One dominant focal subject filling most of the frame. Strong silhouettes, high contrast. Assyrian Siege of Lachish — Assyrian forces under Sennacherib stormed the fortified Judean city, an assault later carved in detail on palace relief panels. Soldiers pushing a wheeled siege ramp and battering ram up an earthen assault ramp toward high mudbrick walls, archers behind shields. No text, no dates, no numbers, no labels, no borders, no watermarks.",,
phoenician-bireme,"Search the web for reference artworks and historical records of ""Phoenician Bireme"" (700 BCE). Study the Phoenician galley construction and Levantine maritime dress of the early Iron Age of this period.","A dramatic chiaroscuro oil painting. 1:1 square composition optimized for small screen viewing. One dominant focal subject filling most of the frame. Strong silhouettes, high contrast. Phoenician Bireme — Phoenician shipwrights stacked a second bank of oars above the first, creating the bireme and roughly doubling a galley's rowing power. A two tiered oared galley cutting through the water, rowers visible at both levels through the open hull side. No text, no dates, no numbers, no labels, no borders, no watermarks.",,
taharqa-crowned-pharaoh,"Search the web for reference artworks and historical records of ""Taharqa Crowned Pharaoh"" (690 BCE). Study the Kushite pharaonic regalia, the double uraeus crown and Napatan coronation ritual of this period.","A dramatic chiaroscuro oil painting. 1:1 square composition optimized for small screen viewing. One dominant focal subject filling most of the frame. Strong silhouettes, high contrast. Taharqa Crowned Pharaoh — Taharqa became pharaoh of the Nubian dynasty ruling Egypt, presiding over an empire stretching into the Levant. A Nubian pharaoh kneeling before priests as a double serpent crown is set upon his head in a stone temple. No text, no dates, no numbers, no labels, no borders, no watermarks.",,
sennacherib-jerwan-aqueduct,"Search the web for reference artworks and historical records of ""Sennacherib's Jerwan Aqueduct"" (690 BCE). Study the Neo-Assyrian stonework, dress and aqueduct construction at Jerwan of this period.","A dramatic chiaroscuro oil painting. 1:1 square composition optimized for small screen viewing. One dominant focal subject filling most of the frame. Strong silhouettes, high contrast. Sennacherib's Jerwan Aqueduct — Assyrian king Sennacherib finished a stone aqueduct at Jerwan, among the oldest aqueducts known, to water Nineveh's gardens. Masons fitting massive dressed limestone blocks into an aqueduct's arched channel bed high above a valley floor. No text, no dates, no numbers, no labels, no borders, no watermarks.",,
ashurbanipal-library-founded,"Search the web for reference artworks and historical records of ""Library of Ashurbanipal Founded"" (668 BCE). Study the Neo-Assyrian palace interiors, scribal dress and cuneiform tablet storage at Nineveh of this period.","A dramatic chiaroscuro oil painting. 1:1 square composition optimized for small screen viewing. One dominant focal subject filling most of the frame. Strong silhouettes, high contrast. Library of Ashurbanipal Founded — Assyrian king Ashurbanipal assembled a vast collection of cuneiform tablets at Nineveh, the earliest known systematically organized library. A scribe's hands sorting stacked clay cuneiform tablets into wall niches inside a torch-lit palace room. No text, no dates, no numbers, no labels, no borders, no watermarks.",,
psamtik-i-reunifies-egypt,"Search the web for reference artworks and historical records of ""Psamtik I Reunifies Egypt"" (664 BCE). Study the Twenty sixth Dynasty Saite Egyptian soldiers, delta marshland and river fortresses of this period.","A dramatic chiaroscuro oil painting. 1:1 square composition optimized for small screen viewing. One dominant focal subject filling most of the frame. Strong silhouettes, high contrast. Psamtik I Reunifies Egypt — Pharaoh Psamtik I expelled Assyrian backed rivals from the Nile Delta and reunited Egypt under native rule once more. A pharaoh's fleet of river boats approaching a delta fortress at dawn, soldiers gathering along the muddy bank. No text, no dates, no numbers, no labels, no borders, no watermarks.",,
necho-ii-defeats-josiah,"Search the web for reference artworks and historical records of ""Necho II Defeats Josiah"" (609 BCE). Study the Late period Egyptian infantry and chariots, and the hill terrain near ancient Megiddo of this period.","A dramatic chiaroscuro oil painting. 1:1 square composition optimized for small screen viewing. One dominant focal subject filling most of the frame. Strong silhouettes, high contrast. Necho II Defeats Josiah — Pharaoh Necho II's army killed King Josiah of Judah in battle while marching north to reinforce a crumbling Assyrian ally. Egyptian chariots and spearmen advancing across a dusty hill pass, a fortified town visible in the distance. No text, no dates, no numbers, no labels, no borders, no watermarks.",,
walls-of-babylon-rebuilt,"Search the web for reference artworks and historical records of ""Walls of Babylon Rebuilt"" (575 BCE). Study the Neo-Babylonian brickwork, glazed blue tiles, and construction dress of Nebuchadnezzar's era of this period.","A dramatic chiaroscuro oil painting. 1:1 square composition optimized for small screen viewing. One dominant focal subject filling most of the frame. Strong silhouettes, high contrast. Walls of Babylon Rebuilt — A Babylonian king rebuilt and strengthened the city's massive double walls, later ranked among the ancient wonders. Workers setting glazed blue brick reliefs into a thick double wall, a scribe with a tablet checking measurements nearby. No text, no dates, no numbers, no labels, no borders, no watermarks.",,
fall-of-babylon-cyrus,"Search the web for reference artworks and historical records of ""Fall of Babylon to Cyrus"" (539 BCE). Study the Neo-Babylonian city walls, riverbed engineering, and Achaemenid Persian soldiers of this period.","A dramatic chiaroscuro oil painting. 1:1 square composition optimized for small screen viewing. One dominant focal subject filling most of the frame. Strong silhouettes, high contrast. Fall of Babylon to Cyrus — Persian forces under Cyrus the Great took the heavily fortified capital, reportedly diverting a river to slip beneath its walls. Soldiers wading through a shallow, diverted riverbed beneath a massive gate at night, torches reflecting off the water. No text, no dates, no numbers, no labels, no borders, no watermarks.",,
thespis-first-actor,"Search the web for reference artworks and historical records of ""Thespis Steps From the Chorus"" (534 BCE). Study the archaic Greek chorus dress, wooden masks and the open-air Dionysia theater at Athens of this period.","A dramatic chiaroscuro oil painting. 1:1 square composition optimized for small screen viewing. One dominant focal subject filling most of the frame. Strong silhouettes, high contrast. Thespis Steps From the Chorus — A performer named Thespis reportedly stepped from the chorus to speak lines alone at a festival in Athens, later credited as the first actor. A masked performer stepping forward from a line of robed chorus members in an open-air Athenian theater, wooden masks catching afternoon light. No text, no dates, no numbers, no labels, no borders, no watermarks.",,
cambyses-conquers-egypt,"Search the web for reference artworks and historical records of ""Cambyses Conquers Egypt"" (525 BCE). Study the Achaemenid Persian soldiers, Egyptian defenders and the fortress town of Pelusium of this period.","A dramatic chiaroscuro oil painting. 1:1 square composition optimized for small screen viewing. One dominant focal subject filling most of the frame. Strong silhouettes, high contrast. Cambyses Conquers Egypt — Persian king Cambyses II defeated the Egyptian pharaoh at Pelusium, ending native rule and folding Egypt into his empire. Persian infantry with wicker shields advancing against Egyptian defenders along a sandy fortress wall. No text, no dates, no numbers, no labels, no borders, no watermarks.",,
greek-trireme,"Search the web for reference artworks and historical records of ""The Greek Trireme"" (525 BCE). Study the Classical Greek trireme construction, oar banks and bronze ramming bows of this period.","A dramatic chiaroscuro oil painting. 1:1 square composition optimized for small screen viewing. One dominant focal subject filling most of the frame. Strong silhouettes, high contrast. The Greek Trireme — Greek and Phoenician navies built the trireme, a fast three tiered oared warship whose bronze ram dominated Mediterranean sea power for centuries. A trireme's bronze ram slicing the waterline, three stacked rows of oars driving the hull forward in unison. No text, no dates, no numbers, no labels, no borders, no watermarks.",,
persians-burn-athens,"Search the web for reference artworks and historical records of ""Persians Burn Athens"" (480 BCE). Study the 5th century BCE Athenian Acropolis architecture and Achaemenid Persian soldiers' dress and weapons of this period.","A dramatic chiaroscuro oil painting. 1:1 square composition optimized for small screen viewing. One dominant focal subject filling most of the frame. Strong silhouettes, high contrast. Persians Burn Athens — Xerxes's invading army torched the evacuated city of Athens, destroying the temples atop the Acropolis. A Persian soldier holding a torch to a wooden temple roof beam atop the empty Acropolis, columns silhouetted against rising smoke. No text, no dates, no numbers, no labels, no borders, no watermarks.",,
long-walls-of-athens-built,"Search the web for reference artworks and historical records of ""Long Walls of Athens Built"" (461 BCE). Study the classical Athenian stonemasonry, dress and tools of the 5th century BCE of this period.","A dramatic chiaroscuro oil painting. 1:1 square composition optimized for small screen viewing. One dominant focal subject filling most of the frame. Strong silhouettes, high contrast. Long Walls of Athens Built — Athens built parallel fortified walls linking the city to its port, securing supply lines against any siege. Masons fitting large stone blocks into a long fortified wall stretching toward a distant harbor. No text, no dates, no numbers, no labels, no borders, no watermarks.",,
oresteia-trilogy-premieres,"Search the web for reference artworks and historical records of ""The Oresteia Trilogy Premieres"" (458 BCE). Study the classical Greek tragic masks, robes and the stone tiered seating of the Theatre of Dionysus of this period.","A dramatic chiaroscuro oil painting. 1:1 square composition optimized for small screen viewing. One dominant focal subject filling most of the frame. Strong silhouettes, high contrast. The Oresteia Trilogy Premieres — Aeschylus's trilogy the Oresteia won first prize at a dramatic festival in Athens, the only complete Greek tragic trilogy to survive. Robed actors in tragic masks performing before tiered stone seating at a Greek festival, judges seated below with laurel wreaths ready. No text, no dates, no numbers, no labels, no borders, no watermarks.",,
peace-of-callias,"Search the web for reference artworks and historical records of ""Peace of Callias"" (449 BCE). Study the classical Athenian and Achaemenid Persian diplomatic dress, seals and formal reception halls of this period.","A dramatic chiaroscuro oil painting. 1:1 square composition optimized for small screen viewing. One dominant focal subject filling most of the frame. Strong silhouettes, high contrast. Peace of Callias — Athens and Persia reportedly agreed terms closing decades of fighting, though scholars still dispute whether the treaty existed. An Athenian envoy and a Persian official clasping hands over a low table bearing a sealed document, guards standing at either side of a columned hall. No text, no dates, no numbers, no labels, no borders, no watermarks.",,
peace-of-nicias,"Search the web for reference artworks and historical records of ""Peace of Nicias"" (421 BCE). Study the classical Greek hoplite dress, oath-taking rituals and sacrificial altars of the period of this period.","A dramatic chiaroscuro oil painting. 1:1 square composition optimized for small screen viewing. One dominant focal subject filling most of the frame. Strong silhouettes, high contrast. Peace of Nicias — Athens and Sparta signed a fifty year truce meant to close the first stage of their long war, though fighting later resumed. Athenian and Spartan delegates pouring libations over a stone altar as a herald holds up an inscribed tablet of terms. No text, no dates, no numbers, no labels, no borders, no watermarks.",,
athenian-siege-syracuse,"Search the web for reference artworks and historical records of ""Athenian Siege of Syracuse"" (415 BCE). Study the classical Greek trireme warfare and the fortifications of ancient Syracuse's Great Harbour of this period.","A dramatic chiaroscuro oil painting. 1:1 square composition optimized for small screen viewing. One dominant focal subject filling most of the frame. Strong silhouettes, high contrast. Athenian Siege of Syracuse — Athenian forces blockaded the Sicilian city for two years during a war with Sparta, ending in disastrous defeat for the invaders. Rowers straining at the oars of a trireme hemmed in against a rocky harbour shoreline lined with defensive walls. No text, no dates, no numbers, no labels, no borders, no watermarks.",,
lysistrata-premieres,"Search the web for reference artworks and historical records of ""Lysistrata Premieres in Athens"" (411 BCE). Study the Greek Old Comedy costume, exaggerated comic masks and padded costumes of Aristophanes-era Athens of this period.","A dramatic chiaroscuro oil painting. 1:1 square composition optimized for small screen viewing. One dominant focal subject filling most of the frame. Strong silhouettes, high contrast. Lysistrata Premieres in Athens — Aristophanes's comedy about women withholding intimacy to end a war was staged in Athens, establishing satirical stage comedy as a form. Comic actors in exaggerated masks and padded costumes performing a confrontation before a painted backdrop at an open-air Athenian theater. No text, no dates, no numbers, no labels, no borders, no watermarks.",,
long-walls-of-athens-torn-down,"Search the web for reference artworks and historical records of ""Long Walls of Athens Demolished"" (404 BCE). Study the classical Greek dress and demolition tools, the fall of a fortification wall of this period.","A dramatic chiaroscuro oil painting. 1:1 square composition optimized for small screen viewing. One dominant focal subject filling most of the frame. Strong silhouettes, high contrast. Long Walls of Athens Demolished — After its defeat in a long war with Sparta, Athens was forced to tear down the Long Walls as a peace condition. Laborers with picks and levers pulling down stone blocks from a long wall as flute music plays in the background. No text, no dates, no numbers, no labels, no borders, no watermarks.",,
hippocratic-surgical-texts,"Search the web for reference artworks and historical records of ""Hippocratic Surgical Texts"" (400 BCE). Study the ancient Greek medical dress, bronze instruments and treatment settings of this period.","A dramatic chiaroscuro oil painting. 1:1 square composition optimized for small screen viewing. One dominant focal subject filling most of the frame. Strong silhouettes, high contrast. Hippocratic Surgical Texts — Greek physicians circulated treatises on fractures and head wounds that set out systematic surgical technique, including reducing dislocated joints. A physician's hands binding a splinted limb with linen strips, bronze probes and hooks laid across a low wooden table. No text, no dates, no numbers, no labels, no borders, no watermarks.",,
gauls-sack-rome,"Search the web for reference artworks and historical records of ""Gauls Sack Rome"" (390 BCE). Study the early Iron Age Gallic warrior dress and weapons, and the Roman Forum/Capitoline Hill in the early Republic of this period.","A dramatic chiaroscuro oil painting. 1:1 square composition optimized for small screen viewing. One dominant focal subject filling most of the frame. Strong silhouettes, high contrast. Gauls Sack Rome — Gallic warriors under Brennus routed Roman defenders and occupied much of the city before withdrawing with a ransom in gold. Gallic warriors with long shields and spears moving through a smoke-hazed Roman forum past overturned market stalls, the Capitoline hill visible behind them. No text, no dates, no numbers, no labels, no borders, no watermarks.",,
rome-sacred-geese-alarm,"Search the web for reference artworks and historical records of ""Rome's Sacred Geese Sound Alarm"" (390 BCE). Study the early Roman Republic dress, torchlight and Capitoline Hill temple architecture of this period.","A dramatic chiaroscuro oil painting. 1:1 square composition optimized for small screen viewing. One dominant focal subject filling most of the frame. Strong silhouettes, high contrast. Rome's Sacred Geese Sound Alarm — Geese kept on Rome's Capitoline Hill cried out and woke the garrison during a night assault on the city. Startled geese flapping and honking on a torchlit hilltop as armored sentries turn toward the sound. No text, no dates, no numbers, no labels, no borders, no watermarks.",,
nectanebo-i-founds-dynasty,"Search the web for reference artworks and historical records of ""Nectanebo I Founds Dynasty 30"" (380 BCE). Study the Thirtieth Dynasty temple building, Egyptian coastal defenses and Persian invasion fleets of this period.","A dramatic chiaroscuro oil painting. 1:1 square composition optimized for small screen viewing. One dominant focal subject filling most of the frame. Strong silhouettes, high contrast. Nectanebo I Founds Dynasty 30 — Nectanebo I seized the Egyptian throne, founded the country's last native dynasty, and repelled an invading Persian army. A pharaoh directing soldiers as they reinforce a Nile mouth fortification, ships anchored offshore behind them. No text, no dates, no numbers, no labels, no borders, no watermarks.",,
servian-wall-of-rome-built,"Search the web for reference artworks and historical records of ""Servian Wall of Rome Built"" (378 BCE). Study the early Republican Roman construction, tufa stone masonry and dress of this period.","A dramatic chiaroscuro oil painting. 1:1 square composition optimized for small screen viewing. One dominant focal subject filling most of the frame. Strong silhouettes, high contrast. Servian Wall of Rome Built — Rome raised a defensive stone wall around the city following a Gallic sack, enclosing its seven hills. Roman workers stacking large tufa stone blocks into a defensive wall on a hillside above the city. No text, no dates, no numbers, no labels, no borders, no watermarks.",,
last-native-pharaoh-flees,"Search the web for reference artworks and historical records of ""Last Native Pharaoh Flees"" (343 BCE). Study the final native Egyptian dynasty court dress, riverboats and a hurried royal departure of this period.","A dramatic chiaroscuro oil painting. 1:1 square composition optimized for small screen viewing. One dominant focal subject filling most of the frame. Strong silhouettes, high contrast. Last Native Pharaoh Flees — Pharaoh Nectanebo II, defeated by a renewed Persian invasion, abandoned Egypt and ended native pharaonic rule for good. A pharaoh boarding a laden riverboat at night, servants passing chests and bundles up the gangplank behind him. No text, no dates, no numbers, no labels, no borders, no watermarks.",,
theatre-of-epidaurus-built,"Search the web for reference artworks and historical records of ""Theatre of Epidaurus Built"" (335 BCE). Study the ancient Greek stonemasonry and the construction of the Epidaurus theater's curved limestone seating of this period.","A dramatic chiaroscuro oil painting. 1:1 square composition optimized for small screen viewing. One dominant focal subject filling most of the frame. Strong silhouettes, high contrast. Theatre of Epidaurus Built — A stone theatre built at Epidaurus in Greece became famed for its acoustics and still hosts performances, a model for later playhouses. Stonemasons fitting curved rows of limestone seats into a hillside theater, the circular orchestra floor taking shape below. No text, no dates, no numbers, no labels, no borders, no watermarks.",,
alexander-crowned-pharaoh,"Search the web for reference artworks and historical records of ""Alexander Crowned Pharaoh"" (332 BCE). Study the Memphis temple architecture, Macedonian royal dress and Egyptian priestly coronation regalia of this period.","A dramatic chiaroscuro oil painting. 1:1 square composition optimized for small screen viewing. One dominant focal subject filling most of the frame. Strong silhouettes, high contrast. Alexander Crowned Pharaoh — Alexander the Great entered Egypt without resistance and was crowned pharaoh at Memphis by the local priesthood. A young conqueror kneeling before Egyptian priests inside a columned temple as a crown is lowered onto his head. No text, no dates, no numbers, no labels, no borders, no watermarks.",,
alexanders-siege-tyre,"Search the web for reference artworks and historical records of ""Alexander's Siege of Tyre"" (332 BCE). Study the Hellenistic siege engineering and the construction of the Tyre causeway of this period.","A dramatic chiaroscuro oil painting. 1:1 square composition optimized for small screen viewing. One dominant focal subject filling most of the frame. Strong silhouettes, high contrast. Alexander's Siege of Tyre — Alexander the Great besieged the island stronghold for seven months, building a stone causeway to bring his army to its walls. Laborers and soldiers hauling stone blocks onto a half built causeway reaching toward a walled island city. No text, no dates, no numbers, no labels, no borders, no watermarks.",,
burning-of-persepolis,"Search the web for reference artworks and historical records of ""Burning of Persepolis"" (330 BCE). Study the Achaemenid Persepolis palace architecture, Macedonian soldiers' dress and torches of this period.","A dramatic chiaroscuro oil painting. 1:1 square composition optimized for small screen viewing. One dominant focal subject filling most of the frame. Strong silhouettes, high contrast. Burning of Persepolis — Alexander the Great's army set fire to the palace complex of the Persian ceremonial capital after looting it. Soldiers with torches setting fire to the carved wooden ceiling beams of a grand columned palace hall, painted reliefs visible on the walls. No text, no dates, no numbers, no labels, no borders, no watermarks.",,
hydaspes-war-elephants,"Search the web for reference artworks and historical records of ""War Elephants Clash at Hydaspes"" (326 BCE). Study the Macedonian and Indian Hydaspes-era armor, war elephant harness and battlefield terrain of this period.","A dramatic chiaroscuro oil painting. 1:1 square composition optimized for small screen viewing. One dominant focal subject filling most of the frame. Strong silhouettes, high contrast. War Elephants Clash at Hydaspes — Alexander the Great overcame King Porus and his war elephant corps in a hard fought battle in India. An armored war elephant with a mahout astride its neck advancing through a chaotic river-plain battle line. No text, no dates, no numbers, no labels, no borders, no watermarks.",,
pyrrhus-invades-italy,"Search the web for reference artworks and historical records of ""Pyrrhus Invades Italy"" (280 BCE). Study the Hellenistic Epirote army equipment and war elephants used by Pyrrhus in southern Italy of this period.","A dramatic chiaroscuro oil painting. 1:1 square composition optimized for small screen viewing. One dominant focal subject filling most of the frame. Strong silhouettes, high contrast. Pyrrhus Invades Italy — King Pyrrhus of Epirus landed an army with war elephants in southern Italy to defend Tarentum against Roman expansion. A war elephant with an armored howdah wading ashore from landing boats onto an Italian beach, spearmen forming up in the surf behind it. No text, no dates, no numbers, no labels, no borders, no watermarks.",,
dujiangyan-irrigation-system,"Search the web for reference artworks and historical records of ""Dujiangyan Irrigation Built"" (256 BCE). Study the Warring States era Chinese engineering dress and river weir construction of this period.","A dramatic chiaroscuro oil painting. 1:1 square composition optimized for small screen viewing. One dominant focal subject filling most of the frame. Strong silhouettes, high contrast. Dujiangyan Irrigation Built — Engineer Li Bing built Dujiangyan on the Min River, splitting its flow without a dam to irrigate the Sichuan plain below. Workers lowering long bamboo cages packed with stones into a river to form a dividing weir, rapids churning around them. No text, no dates, no numbers, no labels, no borders, no watermarks.",,
paris-parisii-settlement,"Search the web for reference artworks and historical records of ""Parisii Settle the Seine"" (250 BCE). Study the Iron Age Celtic Gaul, Parisii tribal dress and river-camp construction on the Seine of this period.","A dramatic chiaroscuro oil painting. 1:1 square composition optimized for small screen viewing. One dominant focal subject filling most of the frame. Strong silhouettes, high contrast. Parisii Settle the Seine — A Celtic tribe called the Parisii built a fortified river camp on the Seine that grew into the city of Paris. Celtic tribesmen driving wooden posts into a riverbank to raise a palisade, reed boats moored along the Seine behind them. No text, no dates, no numbers, no labels, no borders, no watermarks.",,
rome-war-on-queen-teuta,"Search the web for reference artworks and historical records of ""Rome Makes War on Queen Teuta"" (229 BCE). Study the Illyrian and Republican Roman ships, dress and the Adriatic coastline of the era of this period.","A dramatic chiaroscuro oil painting. 1:1 square composition optimized for small screen viewing. One dominant focal subject filling most of the frame. Strong silhouettes, high contrast. Rome Makes War on Queen Teuta — Rome sent a fleet and army against Illyrian queen Teuta after her state sponsored raiders preyed on Adriatic shipping, forcing her surrender. A Roman war galley closing on a lighter Illyrian lembos in choppy coastal water, marines braced at the rail. No text, no dates, no numbers, no labels, no borders, no watermarks.",,
caesar-captured-cilician-pirates,"Search the web for reference artworks and historical records of ""Pirates Capture Young Caesar"" (75 BCE). Study the Cilician pirate ships, Roman senatorial dress, and the Aegean of the late Republic of this period.","A dramatic chiaroscuro oil painting. 1:1 square composition optimized for small screen viewing. One dominant focal subject filling most of the frame. Strong silhouettes, high contrast. Pirates Capture Young Caesar — Julius Caesar was seized by Cilician pirates in the Aegean, held for ransom for weeks, and later hunted down and executed his captors as promised. A young toga clad Julius Caesar standing composed on a pirate galley's deck, armed raiders around him and the Aegean coast behind. No text, no dates, no numbers, no labels, no borders, no watermarks.",,
trial-verres-plunder,"Search the web for reference artworks and historical records of ""Trial of Verres for Plunder"" (70 BCE). Study the Roman senate and courtroom architecture, togas, and Sicilian art objects of the late Republic of this period.","A dramatic chiaroscuro oil painting. 1:1 square composition optimized for small screen viewing. One dominant focal subject filling most of the frame. Strong silhouettes, high contrast. Trial of Verres for Plunder — Cicero prosecuted Roman governor Gaius Verres for systematically looting art, statues and treasure from Sicily. A toga-clad orator gesturing toward a table of confiscated statues and silver vessels before seated senators. No text, no dates, no numbers, no labels, no borders, no watermarks.",,
pompey-sweeps-mediterranean-pirates,"Search the web for reference artworks and historical records of ""Pompey Sweeps Away the Pirates"" (67 BCE). Study the Roman Republican war fleets and the wider Mediterranean theater of Pompey's command of this period.","A dramatic chiaroscuro oil painting. 1:1 square composition optimized for small screen viewing. One dominant focal subject filling most of the frame. Strong silhouettes, high contrast. Pompey Sweeps Away the Pirates — Given sweeping emergency powers, Pompey cleared the Mediterranean of the pirate fleets that had strangled Rome's grain supply in a single season. A commander on a flagship's stern surveying a vast fleet of Roman galleys fanned out across open sea at dawn. No text, no dates, no numbers, no labels, no borders, no watermarks.",,
theatre-of-pompey-opens,"Search the web for reference artworks and historical records of ""Theatre of Pompey Opens"" (55 BCE). Study the late Republican Roman dress, marble theater architecture and Pompey's stone theater complex of this period.","A dramatic chiaroscuro oil painting. 1:1 square composition optimized for small screen viewing. One dominant focal subject filling most of the frame. Strong silhouettes, high contrast. Theatre of Pompey Opens — A Roman general dedicated Rome's first permanent stone theatre, a vast complex able to seat tens of thousands of spectators. A toga-clad crowd filling tiered marble seating of a vast new stone theater, statues and columns framing the stage below. No text, no dates, no numbers, no labels, no borders, no watermarks.",,
alexandria-library-caesar-fire,"Search the web for reference artworks and historical records of ""Alexandria's Library Burns"" (48 BCE). Study the Ptolemaic Alexandria's harbor district, papyrus scroll storage and Roman-era dress of this period.","A dramatic chiaroscuro oil painting. 1:1 square composition optimized for small screen viewing. One dominant focal subject filling most of the frame. Strong silhouettes, high contrast. Alexandria's Library Burns — Fires set during Julius Caesar's siege of Alexandria spread into the harbor district and damaged the great library's collection of scrolls. Smoke rising over dockside warehouses as a robed librarian's hands pull scroll cases from a burning shelf. No text, no dates, no numbers, no labels, no borders, no watermarks.",,
mutina-pigeon-messengers,"Search the web for reference artworks and historical records of ""Pigeons Break the Siege of Mutina"" (43 BCE). Study the late Roman Republic siege camps, dress and pigeon-messenger equipment of this period.","A dramatic chiaroscuro oil painting. 1:1 square composition optimized for small screen viewing. One dominant focal subject filling most of the frame. Strong silhouettes, high contrast. Pigeons Break the Siege of Mutina — Trapped inside besieged Mutina, Decimus Brutus sent messages out by pigeon to reach his allied consuls. A soldier's hands tying a small message capsule to a pigeon's leg by torchlight inside a besieged camp. No text, no dates, no numbers, no labels, no borders, no watermarks.",,
herod-builds-masada-fortress,"Search the web for reference artworks and historical records of ""Herod Builds Masada Fortress"" (35 BCE). Study the Herodian architecture, Judean desert construction methods and dress of this period.","A dramatic chiaroscuro oil painting. 1:1 square composition optimized for small screen viewing. One dominant focal subject filling most of the frame. Strong silhouettes, high contrast. Herod Builds Masada Fortress — A Judean king built a lavish mountaintop fortress and palace complex overlooking the Dead Sea. Builders raising a palace wall on a sheer desert clifftop, water jars and cut stone staged nearby. No text, no dates, no numbers, no labels, no borders, no watermarks.",,
petra-nabataean-water-system,"Search the web for reference artworks and historical records of ""Petra's Water Channels Carved"" (30 BCE). Study the Nabataean dress and rock-cut water channels at Petra of this period.","A dramatic chiaroscuro oil painting. 1:1 square composition optimized for small screen viewing. One dominant focal subject filling most of the frame. Strong silhouettes, high contrast. Petra's Water Channels Carved — The Nabataeans carved channels, cisterns and small dams into Petra's cliffs to capture flash floods for their desert city. A craftsman chiseling a narrow channel into a sandstone cliff face, a small carved basin catching runoff below. No text, no dates, no numbers, no labels, no borders, no watermarks.",,
rome-founds-vigiles,"Search the web for reference artworks and historical records of ""Rome Founds the Vigiles"" (6). Study the early Roman Imperial dress, leather buckets and hand pumps, Roman street architecture of this period.","A dramatic chiaroscuro oil painting. 1:1 square composition optimized for small screen viewing. One dominant focal subject filling most of the frame. Strong silhouettes, high contrast. Rome Founds the Vigiles — Emperor Augustus created the Vigiles, a corps of thousands of night watchmen who doubled as the city's firefighters. A line of tunic-clad watchmen passing leather buckets hand to hand up a ladder toward a smoking rooftop at night. No text, no dates, no numbers, no labels, no borders, no watermarks.",,
wang-mang-usurps-han,"Search the web for reference artworks and historical records of ""Wang Mang Usurps the Han Throne"" (9). Study the Western Han court dress, imperial seals and regalia, Chang'an palace audience halls of this period.","A dramatic chiaroscuro oil painting. 1:1 square composition optimized for small screen viewing. One dominant focal subject filling most of the frame. Strong silhouettes, high contrast. Wang Mang Usurps the Han Throne — A Han regent deposed the child emperor and proclaimed his own short-lived dynasty, ending Western Han rule. A court official's hands lifting an imperial seal from its stand while armed guards look on in a formal audience hall. No text, no dates, no numbers, no labels, no borders, no watermarks.",,
romans-found-londinium,"Search the web for reference artworks and historical records of ""Romans Found Londinium"" (47). Study the Roman Britain in the mid-1st century, military dress and timber quay construction on the Thames of this period.","A dramatic chiaroscuro oil painting. 1:1 square composition optimized for small screen viewing. One dominant focal subject filling most of the frame. Strong silhouettes, high contrast. Romans Found Londinium — Roman settlers established a trading post on the Thames that grew into the city of London. Roman soldiers and laborers driving timber piles into the muddy bank of the Thames to build a new quay. No text, no dates, no numbers, no labels, no borders, no watermarks.",,
antonine-wall-built,"Search the web for reference artworks and historical records of ""Antonine Wall Built"" (142). Study the Roman legionary construction methods on turf and timber frontier walls in Britain of this period.","A dramatic chiaroscuro oil painting. 1:1 square composition optimized for small screen viewing. One dominant focal subject filling most of the frame. Strong silhouettes, high contrast. Antonine Wall Built — Rome pushed its British frontier north and built a turf wall across the narrow waist of Scotland. Roman soldiers cutting turf blocks and stacking them into a rampart across a grassy isthmus. No text, no dates, no numbers, no labels, no borders, no watermarks.",,
battle-red-cliffs,"Search the web for reference artworks and historical records of ""Battle of Red Cliffs"" (208). Study the Han-era river warships, fire-ship tactics, the Yangtze River at Chibi of this period.","A dramatic chiaroscuro oil painting. 1:1 square composition optimized for small screen viewing. One dominant focal subject filling most of the frame. Strong silhouettes, high contrast. Battle of Red Cliffs — Allied southern warlords burned a rival fleet on the Yangtze, blocking reunification and setting up rival kingdoms. Blazing warships drifting into an anchored fleet on a wide river at night, sailors scrambling along the decks. No text, no dates, no numbers, no labels, no borders, no watermarks.",,
aurelian-walls-encircle-rome,"Search the web for reference artworks and historical records of ""Aurelian Walls Encircle Rome"" (273). Study the late Roman brick and concrete wall construction, imperial-era tools and dress of this period.","A dramatic chiaroscuro oil painting. 1:1 square composition optimized for small screen viewing. One dominant focal subject filling most of the frame. Strong silhouettes, high contrast. Aurelian Walls Encircle Rome — An emperor built a massive brick wall circuit around Rome itself in response to barbarian incursions. Workers laying courses of brick-faced concrete on a tall city wall, scaffolding rising beside a gate tower. No text, no dates, no numbers, no labels, no borders, no watermarks.",,
lateen-sail-spreads,"Search the web for reference artworks and historical records of ""Lateen Sail Spreads"" (400). Study the early medieval Mediterranean rigging and triangular lateen sail construction of this period.","A dramatic chiaroscuro oil painting. 1:1 square composition optimized for small screen viewing. One dominant focal subject filling most of the frame. Strong silhouettes, high contrast. Lateen Sail Spreads — Mediterranean sailors adopted the triangular lateen sail, letting ships point much closer into the wind than a square rig ever could. Sailors hauling a long slanted yard aloft, a triangular sail bellying out as the hull heels close to the wind. No text, no dates, no numbers, no labels, no borders, no watermarks.",,
theodosian-walls-completed,"Search the web for reference artworks and historical records of ""Theodosian Walls Completed"" (413). Study the Byzantine Constantinople fortification masonry, triple wall construction and dress of this period.","A dramatic chiaroscuro oil painting. 1:1 square composition optimized for small screen viewing. One dominant focal subject filling most of the frame. Strong silhouettes, high contrast. Theodosian Walls Completed — Constantinople's triple land walls were finished, making the city nearly impregnable for many centuries. Masons finishing a crenellated tower on a triple line of walls, a moat visible below the outermost line. No text, no dates, no numbers, no labels, no borders, no watermarks.",,
sigiriya-water-gardens,"Search the web for reference artworks and historical records of ""Sigiriya's Water Gardens Built"" (480). Study the ancient Sri Lankan royal dress and Sigiriya's garden waterworks of this period.","A dramatic chiaroscuro oil painting. 1:1 square composition optimized for small screen viewing. One dominant focal subject filling most of the frame. Strong silhouettes, high contrast. Sigiriya's Water Gardens Built — A Sri Lankan king's builders laid out gravity fed channels, pools and fountains at Sigiriya that still function to this day. Gardeners kneeling beside a shallow stone pool, adjusting a sluice gate that feeds water along a terraced channel. No text, no dates, no numbers, no labels, no borders, no watermarks.",,
sigiriya-rock-fortress-raised,"Search the web for reference artworks and historical records of ""Sigiriya Rock Fortress Raised"" (483). Study the ancient Sri Lankan rock architecture, palace terraces and period dress of this period.","A dramatic chiaroscuro oil painting. 1:1 square composition optimized for small screen viewing. One dominant focal subject filling most of the frame. Strong silhouettes, high contrast. Sigiriya Rock Fortress Raised — A king built a palace fortress atop a sheer granite rock in Sri Lanka as a defensible new capital. Workers hauling carved stone up wooden scaffolding on a sheer rock face, a palace terrace taking shape above. No text, no dates, no numbers, no labels, no borders, no watermarks.",,
justinian-becomes-emperor,"Search the web for reference artworks and historical records of ""Justinian Becomes Emperor"" (527). Study the early Byzantine imperial coronation dress, regalia, and the interior of the Great Palace of Constantinople of this period.","A dramatic chiaroscuro oil painting. 1:1 square composition optimized for small screen viewing. One dominant focal subject filling most of the frame. Strong silhouettes, high contrast. Justinian Becomes Emperor — Justinian I ascended the Byzantine throne and launched sweeping legal reform alongside campaigns to reclaim lost Roman territory. A robed figure receiving an imperial diadem and orb from a court official beneath a domed ceiling, courtiers bowing along a mosaic-floored hall. No text, no dates, no numbers, no labels, no borders, no watermarks.",,
basilica-cistern-built,"Search the web for reference artworks and historical records of ""Basilica Cistern Built"" (532). Study the Byzantine construction dress and the columned interior of the Basilica Cistern of this period.","A dramatic chiaroscuro oil painting. 1:1 square composition optimized for small screen viewing. One dominant focal subject filling most of the frame. Strong silhouettes, high contrast. Basilica Cistern Built — Byzantine builders raised a vast underground cistern in Constantinople to store aqueduct water for the imperial capital. Workers guiding a carved stone column upright by rope and pulley inside a vast dim underground vault. No text, no dates, no numbers, no labels, no borders, no watermarks.",,
marib-dam-collapses,"Search the web for reference artworks and historical records of ""The Marib Dam Finally Bursts"" (570). Study the late antique South Arabian dress and the breach of an aging earthen dam of this period.","A dramatic chiaroscuro oil painting. 1:1 square composition optimized for small screen viewing. One dominant focal subject filling most of the frame. Strong silhouettes, high contrast. The Marib Dam Finally Bursts — Yemen's aging Marib Dam burst after centuries of patched repairs, scattering local tribes and ending its oasis's irrigation. Villagers fleeing along a path above a valley as a torrent of water pours through a fresh breach in an old dam wall. No text, no dates, no numbers, no labels, no borders, no watermarks.",,
faroe-islands-settled-monks,"Search the web for reference artworks and historical records of ""Irish Monks Settle the Faroes"" (625). Study the early medieval Irish monastic dress and currach-style boats used on North Atlantic crossings of this period.","A dramatic chiaroscuro oil painting. 1:1 square composition optimized for small screen viewing. One dominant focal subject filling most of the frame. Strong silhouettes, high contrast. Irish Monks Settle the Faroes — Irish hermit monks became the first people known to settle the remote, windswept Faroe Islands in the North Atlantic. A tonsured monk in a rough wool robe steps from a small hide-hulled currach onto a wind-scoured green cliff, sheep already grazing above. No text, no dates, no numbers, no labels, no borders, no watermarks.",,
hohokam-canal-network,"Search the web for reference artworks and historical records of ""Hohokam Canals Spread"" (700). Study the Hohokam dress and desert canal digging along the Salt River of this period.","A dramatic chiaroscuro oil painting. 1:1 square composition optimized for small screen viewing. One dominant focal subject filling most of the frame. Strong silhouettes, high contrast. Hohokam Canals Spread — The Hohokam people expanded a major canal network off a desert river, irrigating land in the Sonoran Desert near modern Phoenix. People using wooden digging sticks and woven carrying baskets to widen an earthen canal through desert scrubland. No text, no dates, no numbers, no labels, no borders, no watermarks.",,
vikings-sack-paris,"Search the web for reference artworks and historical records of ""Vikings Sack Paris"" (845). Study the Carolingian Paris on the Seine and Viking longship raiding parties of this period.","A dramatic chiaroscuro oil painting. 1:1 square composition optimized for small screen viewing. One dominant focal subject filling most of the frame. Strong silhouettes, high contrast. Vikings Sack Paris — A Norse fleet under Ragnar sailed up the Seine and besieged Paris, extracting a huge ransom of silver from the Frankish king for withdrawing. Norse longships crowded along a river bank beneath a walled island city, warriors unloading chests of silver onto the deck. No text, no dates, no numbers, no labels, no borders, no watermarks.",,
muhammad-i-founds-madrid-fortress,"Search the web for reference artworks and historical records of ""Muhammad I Founds Madrid"" (865). Study the 9th-century Emirate of Cordoba, Moorish military dress and fortress masonry of this period.","A dramatic chiaroscuro oil painting. 1:1 square composition optimized for small screen viewing. One dominant focal subject filling most of the frame. Strong silhouettes, high contrast. Muhammad I Founds Madrid — Emir Muhammad I of Cordoba ordered a fortress built beside the Manzanares river, the seed of the city of Madrid. Moorish masons hoisting a stone block onto a rising fortress wall above a small river. No text, no dates, no numbers, no labels, no borders, no watermarks.",,
viking-siege-of-paris,"Search the web for reference artworks and historical records of ""Viking Siege of Paris"" (886). Study the Viking Age longships, siege towers, and the fortified island of early medieval Paris of this period.","A dramatic chiaroscuro oil painting. 1:1 square composition optimized for small screen viewing. One dominant focal subject filling most of the frame. Strong silhouettes, high contrast. Viking Siege of Paris — A massive Viking fleet blockaded the fortified island city on the Seine for months, unable to break through its defenses. Longships crowding a river bend below a walled island bridge, warriors raising a wooden siege tower on the bank. No text, no dates, no numbers, no labels, no borders, no watermarks.",,
junk-watertight-bulkheads,"Search the web for reference artworks and historical records of ""Junk Watertight Bulkheads"" (1000). Study the Song era Chinese junk construction and internal hull compartments of this period.","A dramatic chiaroscuro oil painting. 1:1 square composition optimized for small screen viewing. One dominant focal subject filling most of the frame. Strong silhouettes, high contrast. Junk Watertight Bulkheads — Chinese junk builders divided their hulls into sealed compartments with internal bulkheads, so a single breach no longer sank the ship. Shipwrights fitting a heavy wooden partition into an open junk hull, dividing it into separate sealed compartments. No text, no dates, no numbers, no labels, no borders, no watermarks.",,
eilmer-flying-monk,"Search the web for reference artworks and historical records of ""Eilmer of Malmesbury Glides"" (1010). Study the 11th-century English Benedictine monastic dress and a Norman abbey tower exterior of this period.","A dramatic chiaroscuro oil painting. 1:1 square composition optimized for small screen viewing. One dominant focal subject filling most of the frame. Strong silhouettes, high contrast. Eilmer of Malmesbury Glides — An English monk fitted wings to his arms and legs and glided from an abbey tower, breaking both legs on landing. A robed monk launching from a tower parapet with cloth-and-wood wings strapped to his outstretched arms, the abbey roofline below. No text, no dates, no numbers, no labels, no borders, no watermarks.",,
ly-thai-to-founds-thang-long,"Search the web for reference artworks and historical records of ""Ly Thai To Founds Thang Long"" (1010). Study the 11th-century Dai Viet royal court, Vietnamese court dress and citadel architecture of this period.","A dramatic chiaroscuro oil painting. 1:1 square composition optimized for small screen viewing. One dominant focal subject filling most of the frame. Strong silhouettes, high contrast. Ly Thai To Founds Thang Long — Emperor Ly Thai To moved the Dai Viet capital to a citadel he named Thang Long, the city that became Hanoi. Vietnamese courtiers and royal guards processing through a newly raised citadel gate carved with a dragon. No text, no dates, no numbers, no labels, no borders, no watermarks.",,
venice-founds-arsenal,"Search the web for reference artworks and historical records of ""Venice Founds the Arsenal"" (1104). Study the the Venetian Arsenal shipyard, medieval galley assembly and standardized parts of this period.","A dramatic chiaroscuro oil painting. 1:1 square composition optimized for small screen viewing. One dominant focal subject filling most of the frame. Strong silhouettes, high contrast. Venice Founds the Arsenal — The Republic of Venice opened its Arsenal shipyard, where standardized war galleys were assembled from pre made parts on a production line. Workers along a covered canal fitting pre made timber frames onto a row of galley hulls under construction. No text, no dates, no numbers, no labels, no borders, no watermarks.",,
jin-forces-sack-kaifeng,"Search the web for reference artworks and historical records of ""Jin Forces Sack Kaifeng"" (1127). Study the Jurchen Jin cavalry and armor, Northern Song Kaifeng palace architecture of this period.","A dramatic chiaroscuro oil painting. 1:1 square composition optimized for small screen viewing. One dominant focal subject filling most of the frame. Strong silhouettes, high contrast. Jin Forces Sack Kaifeng — Jurchen Jin armies stormed the Song capital and carried off two emperors, ending Song rule over northern China. Armored horsemen breaching a palace gate while officials in Song court robes are led away under guard. No text, no dates, no numbers, no labels, no borders, no watermarks.",,
krak-des-chevaliers-rebuilt,"Search the web for reference artworks and historical records of ""Krak des Chevaliers Rebuilt"" (1142). Study the Crusader military architecture, Hospitaller knight dress and stonework in the Levant of this period.","A dramatic chiaroscuro oil painting. 1:1 square composition optimized for small screen viewing. One dominant focal subject filling most of the frame. Strong silhouettes, high contrast. Krak des Chevaliers Rebuilt — A crusading military order rebuilt this Syrian castle into one of the most formidable fortresses of its era. Masons fitting a heavy stone block into a thick concentric castle wall on a rocky hilltop. No text, no dates, no numbers, no labels, no borders, no watermarks.",,
moscow-first-chronicled,"Search the web for reference artworks and historical records of ""Moscow First Chronicled"" (1147). Study the 12th-century Kievan Rus princely court, dress and timber hall interiors of this period.","A dramatic chiaroscuro oil painting. 1:1 square composition optimized for small screen viewing. One dominant focal subject filling most of the frame. Strong silhouettes, high contrast. Moscow First Chronicled — Prince Yuri Dolgoruky hosted a banquet at Moscow in the earliest surviving mention of the city by name. Two princes clasping hands over a laden feast table inside a timber hall, furs and firelight around them. No text, no dates, no numbers, no labels, no borders, no watermarks.",,
peace-of-constance,"Search the web for reference artworks and historical records of ""Peace of Constance"" (1183). Study the 12th-century Holy Roman Imperial and north Italian civic dress, seals, banners and city charters of this period.","A dramatic chiaroscuro oil painting. 1:1 square composition optimized for small screen viewing. One dominant focal subject filling most of the frame. Strong silhouettes, high contrast. Peace of Constance — Emperor Frederick Barbarossa recognized the self government of the Lombard League's cities, closing their long revolt. Emperor Frederick Barbarossa handing a sealed charter to kneeling city envoys beneath the banners of Lombard League towns. No text, no dates, no numbers, no labels, no borders, no watermarks.",,
third-crusade-siege-acre,"Search the web for reference artworks and historical records of ""Third Crusade Siege of Acre"" (1189). Study the Crusader and Ayyubid siege equipment, and the fortified coastal walls of Acre of this period.","A dramatic chiaroscuro oil painting. 1:1 square composition optimized for small screen viewing. One dominant focal subject filling most of the frame. Strong silhouettes, high contrast. Third Crusade Siege of Acre — Crusader forces besieged the fortified port for two years before its garrison finally surrendered during the Third Crusade. Crusader knights and engineers working a mangonel opposite the towered sea walls of a Levantine port city. No text, no dates, no numbers, no labels, no borders, no watermarks.",,
berthold-v-founds-bern,"Search the web for reference artworks and historical records of ""Berthold V Founds Bern"" (1191). Study the 12th-century Zahringen dynasty, medieval Swiss dress and town-founding masonry of this period.","A dramatic chiaroscuro oil painting. 1:1 square composition optimized for small screen viewing. One dominant focal subject filling most of the frame. Strong silhouettes, high contrast. Berthold V Founds Bern — Duke Berthold V of Zahringen founded a fortified town on a hairpin bend of the Aare river, naming it Bern. A duke and his surveyor pointing across a hairpin river bend while masons lay the first foundation stones behind them. No text, no dates, no numbers, no labels, no borders, no watermarks.",,
nalanda-destroyed,"Search the web for reference artworks and historical records of ""Nalanda University Destroyed"" (1193). Study the 12th-century Nalanda monastic architecture, Buddhist monk robes and manuscript rooms of this period.","A dramatic chiaroscuro oil painting. 1:1 square composition optimized for small screen viewing. One dominant focal subject filling most of the frame. Strong silhouettes, high contrast. Nalanda University Destroyed — A Turkic general's forces sacked and burned the Buddhist university at Nalanda, ending its long run as a center of learning. A monk's hands clutching a bundle of palm-leaf manuscripts as flames spread through a monastery courtyard behind him. No text, no dates, no numbers, no labels, no borders, no watermarks.",,
great-famine-cairo,"Search the web for reference artworks and historical records of ""Great Famine of Cairo"" (1200). Study the Ayyubid-era Cairo dress, architecture and Nile riverbank scenes of this period.","A dramatic chiaroscuro oil painting. 1:1 square composition optimized for small screen viewing. One dominant focal subject filling most of the frame. Strong silhouettes, high contrast. Great Famine of Cairo — Two failed floods of the Nile triggered a catastrophic famine and reported cannibalism across Ayyubid Egypt. A robed official standing on the cracked mud bed of a shrunken Nile, its water far from the stone quay steps behind him. No text, no dates, no numbers, no labels, no borders, no watermarks.",,
hanseatic-cog,"Search the web for reference artworks and historical records of ""The Hanseatic Cog"" (1200). Study the medieval Hanseatic cog construction, North Sea and Baltic trade dress of this period.","A dramatic chiaroscuro oil painting. 1:1 square composition optimized for small screen viewing. One dominant focal subject filling most of the frame. Strong silhouettes, high contrast. The Hanseatic Cog — The flat bottomed, single masted cog, fitted with a stern rudder and high sides, became the workhorse cargo ship of North Sea trade. Dockworkers loading barrels and bales up a plank onto a flat bottomed, high sided cargo ship at a busy quay. No text, no dates, no numbers, no labels, no borders, no watermarks.",,
house-of-wisdom-destroyed,"Search the web for reference artworks and historical records of ""House of Wisdom Destroyed"" (1258). Study the 13th-century Abbasid Baghdad architecture, Mongol-era dress and riverside scenes of this period.","A dramatic chiaroscuro oil painting. 1:1 square composition optimized for small screen viewing. One dominant focal subject filling most of the frame. Strong silhouettes, high contrast. House of Wisdom Destroyed — Mongol forces sacked Baghdad and destroyed its great library, throwing so many books into the river that witnesses said the water turned black. Hands tipping a cart of bound manuscripts into a river, ink-darkened water swirling beneath a smoking city skyline. No text, no dates, no numbers, no labels, no borders, no watermarks.",,
kublai-khan-builds-dadu,"Search the web for reference artworks and historical records of ""Kublai Khan Builds Dadu"" (1267). Study the 13th-century Yuan dynasty court dress and city-wall construction of this period.","A dramatic chiaroscuro oil painting. 1:1 square composition optimized for small screen viewing. One dominant focal subject filling most of the frame. Strong silhouettes, high contrast. Kublai Khan Builds Dadu — Kublai Khan ordered a walled capital called Dadu built for his Yuan dynasty on the site of modern Beijing. Mongol officials unrolling a city plan before laborers laying the first course of a new city wall. No text, no dates, no numbers, no labels, no borders, no watermarks.",,
malbork-castle-built,"Search the web for reference artworks and historical records of ""Malbork Castle Built"" (1280). Study the Teutonic Order brick Gothic architecture, medieval Baltic construction dress of this period.","A dramatic chiaroscuro oil painting. 1:1 square composition optimized for small screen viewing. One dominant focal subject filling most of the frame. Strong silhouettes, high contrast. Malbork Castle Built — A crusading military order raised what became the largest brick castle in the world beside a northern river. Masons laying red brick courses on a towering riverside castle wall, a barge unloading brick nearby. No text, no dates, no numbers, no labels, no borders, no watermarks.",,
westminster-crown-jewels-heist,"Search the web for reference artworks and historical records of ""Westminster Crown Jewels Heist"" (1303). Study the medieval Westminster Abbey undercroft, monastic dress, and 14th-century treasury chests of this period.","A dramatic chiaroscuro oil painting. 1:1 square composition optimized for small screen viewing. One dominant focal subject filling most of the frame. Strong silhouettes, high contrast. Westminster Crown Jewels Heist — Merchant Richard Puddlicott tunneled into the royal treasury beneath Westminster Abbey and stole a vast store of the king's gold and jewels. A hooded figure's hands prying open a heavy iron-bound chest in a candlelit stone undercroft, coins and plate spilling out. No text, no dates, no numbers, no labels, no borders, no watermarks.",,
lincoln-cathedral-spire,"Search the web for reference artworks and historical records of ""Lincoln Cathedral Spire"" (1311). Study the medieval English cathedral construction, timber scaffolding and masons' tools at Lincoln of this period.","A dramatic chiaroscuro oil painting. 1:1 square composition optimized for small screen viewing. One dominant focal subject filling most of the frame. Strong silhouettes, high contrast. Lincoln Cathedral Spire — The central spire of Lincoln Cathedral in England was finished, ending the Great Pyramid's long reign as the tallest structure on Earth. A mason fitting the final stone at the base of a soaring timber-braced spire, the cathedral roofline and English countryside spread below. No text, no dates, no numbers, no labels, no borders, no watermarks.",,
charles-university-prague,"Search the web for reference artworks and historical records of ""Charles University Founded"" (1348). Study the 14th-century Prague court dress, Holy Roman Emperor regalia and founding charter scenes of this period.","A dramatic chiaroscuro oil painting. 1:1 square composition optimized for small screen viewing. One dominant focal subject filling most of the frame. Strong silhouettes, high contrast. Charles University Founded — Holy Roman Emperor Charles IV founded a university at Prague, the oldest degree granting institution in Central Europe. An emperor's hand pressing a wax seal onto a founding charter held open on a table by a kneeling scholar. No text, no dates, no numbers, no labels, no borders, no watermarks.",,
carrack-emerges,"Search the web for reference artworks and historical records of ""The Carrack Emerges"" (1350). Study the late medieval carrack construction, multiple masts and mixed rigging of this period.","A dramatic chiaroscuro oil painting. 1:1 square composition optimized for small screen viewing. One dominant focal subject filling most of the frame. Strong silhouettes, high contrast. The Carrack Emerges — Mediterranean and Atlantic shipwrights combined a high sided hull with several masts of square and lateen sail, producing the carrack. A high sided ship with several masts riding at anchor, sailors working square and triangular sails from the rigging. No text, no dates, no numbers, no labels, no borders, no watermarks.",,
red-turban-rebellion-begins,"Search the web for reference artworks and historical records of ""Red Turban Rebellion Begins"" (1351). Study the Yuan dynasty peasant dress, red turban rebel iconography, a Chinese village setting of this period.","A dramatic chiaroscuro oil painting. 1:1 square composition optimized for small screen viewing. One dominant focal subject filling most of the frame. Strong silhouettes, high contrast. Red Turban Rebellion Begins — Millenarian rebels rose against Mongol rule across China, starting the uprisings that toppled the Yuan dynasty. A crowd of rebels tying red cloth turbans around their heads and raising farm tools and banners in a village square. No text, no dates, no numbers, no labels, no borders, no watermarks.",,
carcassonne-refortified,"Search the web for reference artworks and historical records of ""Carcassonne Refortified"" (1355). Study the medieval French fortified city masonry, 14th century construction dress of this period.","A dramatic chiaroscuro oil painting. 1:1 square composition optimized for small screen viewing. One dominant focal subject filling most of the frame. Strong silhouettes, high contrast. Carcassonne Refortified — The French crown had the double walled fortress city of Carcassonne reinforced against English raids. Stonemasons repairing a crenellated tower on a double city wall, a wooden crane hoisting a stone block. No text, no dates, no numbers, no labels, no borders, no watermarks.",,
taejo-founds-hanseong,"Search the web for reference artworks and historical records of ""Taejo Founds Hanseong"" (1394). Study the 14th-century Joseon royal court dress and site-selection ritual of this period.","A dramatic chiaroscuro oil painting. 1:1 square composition optimized for small screen viewing. One dominant focal subject filling most of the frame. Strong silhouettes, high contrast. Taejo Founds Hanseong — King Taejo moved the Joseon capital to a new walled city called Hanseong, laying the ground plan for Seoul. A Korean king and his geomancer standing at the foot of a mountain, pointing to a site marked for a new palace. No text, no dates, no numbers, no labels, no borders, no watermarks.",,
walls-of-benin-city-built,"Search the web for reference artworks and historical records of ""Walls of Benin City Built"" (1400). Study the West African Edo earthwork construction, dress and tools of the Benin Kingdom of this period.","A dramatic chiaroscuro oil painting. 1:1 square composition optimized for small screen viewing. One dominant focal subject filling most of the frame. Strong silhouettes, high contrast. Walls of Benin City Built — Over generations the Edo people raised an enormous system of earthen walls and moats around Benin City. Laborers packing and tamping layers of red earth into a tall rampart, a deep ditch dug alongside. No text, no dates, no numbers, no labels, no borders, no watermarks.",,
stortebeker-executed-hamburg,"Search the web for reference artworks and historical records of ""Baltic Pirate Stortebeker Beheaded"" (1401). Study the Late medieval Hamburg harbor, Hanseatic ships and Baltic pirate dress of this period.","A dramatic chiaroscuro oil painting. 1:1 square composition optimized for small screen viewing. One dominant focal subject filling most of the frame. Strong silhouettes, high contrast. Baltic Pirate Stortebeker Beheaded — Baltic pirate captain Klaus Stortebeker, leader of the Victual Brothers, was captured at sea by Hamburg's fleet and beheaded with dozens of his crew. A captured pirate captain led in chains along a harbor quay past a moored Hanseatic fleet, a crowd gathered at the wall. No text, no dates, no numbers, no labels, no borders, no watermarks.",,
siege-of-orleans,"Search the web for reference artworks and historical records of ""Siege of Orleans"" (1429). Study the fifteenth century French and English siege equipment, and the fortified walls of Orleans of this period.","A dramatic chiaroscuro oil painting. 1:1 square composition optimized for small screen viewing. One dominant focal subject filling most of the frame. Strong silhouettes, high contrast. Siege of Orleans — English forces besieged the city until Joan of Arc's relief army broke through, turning the fortunes of a long war in France. Armored figures crossing a makeshift bridge under a banner toward a breach in a stone city wall, cannon smoke drifting. No text, no dates, no numbers, no labels, no borders, no watermarks.",,
eton-college-founded,"Search the web for reference artworks and historical records of ""Eton College Founded"" (1440). Study the 15th-century English royal dress, Eton College's earliest buildings near Windsor of this period.","A dramatic chiaroscuro oil painting. 1:1 square composition optimized for small screen viewing. One dominant focal subject filling most of the frame. Strong silhouettes, high contrast. Eton College Founded — King Henry VI founded a school near Windsor meant to educate a set number of poor scholars free of charge. A young king's hand laying a foundation stone beside a half-built chapel, scholars in simple gowns looking on. No text, no dates, no numbers, no labels, no borders, no watermarks.",,
ming-emperor-captured-tumu,"Search the web for reference artworks and historical records of ""Ming Emperor Captured at Tumu"" (1449). Study the Ming dynasty military dress and banners, Mongol cavalry, the Tumu fortress frontier of this period.","A dramatic chiaroscuro oil painting. 1:1 square composition optimized for small screen viewing. One dominant focal subject filling most of the frame. Strong silhouettes, high contrast. Ming Emperor Captured at Tumu — Mongol forces routed a Ming army and seized the reigning emperor at a frontier fortress, a rare blow to imperial prestige. Mongol horsemen closing around an abandoned imperial palanquin and scattered banners on a dusty frontier plain. No text, no dates, no numbers, no labels, no borders, no watermarks.",,
peace-of-lodi,"Search the web for reference artworks and historical records of ""Peace of Lodi"" (1454). Study the 15th-century Italian city-state diplomacy, chancellery interiors and Renaissance civic dress of this period.","A dramatic chiaroscuro oil painting. 1:1 square composition optimized for small screen viewing. One dominant focal subject filling most of the frame. Strong silhouettes, high contrast. Peace of Lodi — Milan, Venice and Naples ended their long fighting over Lombardy, opening decades of relative peace among Italian states. Ambassadors from Milan, Venice and Naples signing a shared document at a long table in a candlelit council chamber. No text, no dates, no numbers, no labels, no borders, no watermarks.",,
machu-picchu-water-channels,"Search the web for reference artworks and historical records of ""Machu Picchu Water Channels"" (1455). Study the Inca stonemasonry dress and the carved water channels of Machu Picchu of this period.","A dramatic chiaroscuro oil painting. 1:1 square composition optimized for small screen viewing. One dominant focal subject filling most of the frame. Strong silhouettes, high contrast. Machu Picchu Water Channels — Inca builders carved a network of stone channels and fountains carrying spring water through the mountaintop citadel. A stonemason fitting a carved stone channel section into a fountain, spring water already trickling through the line above. No text, no dates, no numbers, no labels, no borders, no watermarks.",,
ota-dokan-builds-edo-castle,"Search the web for reference artworks and historical records of ""Ota Dokan Builds Edo Castle"" (1457). Study the 15th-century Japanese samurai dress and early castle construction of this period.","A dramatic chiaroscuro oil painting. 1:1 square composition optimized for small screen viewing. One dominant focal subject filling most of the frame. Strong silhouettes, high contrast. Ota Dokan Builds Edo Castle — Samurai retainer Ota Dokan built a fortified castle at the fishing village of Edo, later renamed Tokyo. A samurai retainer overseeing laborers raising timber palisades above a small fishing village on the shore. No text, no dates, no numbers, no labels, no borders, no watermarks.",,
kumbhalgarh-fort-built,"Search the web for reference artworks and historical records of ""Kumbhalgarh Fort Built"" (1458). Study the Rajasthani hill fort architecture, medieval Indian construction tools and dress of this period.","A dramatic chiaroscuro oil painting. 1:1 square composition optimized for small screen viewing. One dominant focal subject filling most of the frame. Strong silhouettes, high contrast. Kumbhalgarh Fort Built — A Rajasthani ruler built this hill fort, ringed by one of the longest continuous walls anywhere in the world. Workers hauling stone blocks up a hillside path toward a long fortified wall snaking along the ridge. No text, no dates, no numbers, no labels, no borders, no watermarks.",,
chapultepec-aqueduct,"Search the web for reference artworks and historical records of ""Chapultepec Aqueduct Built"" (1466). Study the Aztec engineering dress and double-channel aqueduct construction over water of this period.","A dramatic chiaroscuro oil painting. 1:1 square composition optimized for small screen viewing. One dominant focal subject filling most of the frame. Strong silhouettes, high contrast. Chapultepec Aqueduct Built — Aztec engineers built a double aqueduct from Chapultepec's springs to carry fresh water across the lake to their capital. Workers on a wooden causeway lowering a hollowed log pipe into a twin-channel aqueduct trough crossing open water. No text, no dates, no numbers, no labels, no borders, no watermarks.",,
treaty-of-picquigny,"Search the web for reference artworks and historical records of ""Treaty of Picquigny"" (1475). Study the 15th-century English and French royal dress, river crossings and fortified bridge meetings of this period.","A dramatic chiaroscuro oil painting. 1:1 square composition optimized for small screen viewing. One dominant focal subject filling most of the frame. Strong silhouettes, high contrast. Treaty of Picquigny — The kings of England and France agreed a truce that finally closed out their long running conflict over the French crown. Edward IV and Louis XI clasping hands through the bars of a wooden barrier built across a bridge, retinues watching from both banks. No text, no dates, no numbers, no labels, no borders, no watermarks.",,
barbarossa-brothers-seize-algiers,"Search the web for reference artworks and historical records of ""Barbarossa Brothers Seize Algiers"" (1516). Study the 16th century Algiers harbor, Ottoman corsair galleys and North African dress of this period.","A dramatic chiaroscuro oil painting. 1:1 square composition optimized for small screen viewing. One dominant focal subject filling most of the frame. Strong silhouettes, high contrast. Barbarossa Brothers Seize Algiers — Corsair brothers Aruj and Hayreddin Barbarossa seized control of Algiers, turning it into the base of Ottoman aligned piracy in the western sea. Corsair galleys crowding into a fortified North African harbor at dawn, armed men scaling the harbor walls. No text, no dates, no numbers, no labels, no borders, no watermarks.",,
ottoman-siege-rhodes,"Search the web for reference artworks and historical records of ""Ottoman Siege of Rhodes"" (1522). Study the Knights Hospitaller fortifications and Ottoman cannon of the sixteenth century of this period.","A dramatic chiaroscuro oil painting. 1:1 square composition optimized for small screen viewing. One dominant focal subject filling most of the frame. Strong silhouettes, high contrast. Ottoman Siege of Rhodes — Ottoman forces besieged the Knights Hospitaller until the defenders surrendered the island's heavily fortified capital. Cannon crews loading a massive bombard aimed at the star shaped stone bastions of a Mediterranean fortress town. No text, no dates, no numbers, no labels, no borders, no watermarks.",,
pizarro-founds-lima,"Search the web for reference artworks and historical records of ""Pizarro Founds Lima"" (1535). Study the 16th-century Spanish conquistador dress and colonial founding ceremonies in coastal Peru of this period.","A dramatic chiaroscuro oil painting. 1:1 square composition optimized for small screen viewing. One dominant focal subject filling most of the frame. Strong silhouettes, high contrast. Pizarro Founds Lima — Francisco Pizarro founded a colonial capital he called the City of Kings on the Rimac river, later named Lima. Spanish conquistadors planting a wooden cross and banner in a fertile river valley near the coast. No text, no dates, no numbers, no labels, no borders, no watermarks.",,
quesada-founds-bogota,"Search the web for reference artworks and historical records of ""Quesada Founds Bogota"" (1538). Study the 16th-century Spanish conquistador expeditions into the Andean highlands of this period.","A dramatic chiaroscuro oil painting. 1:1 square composition optimized for small screen viewing. One dominant focal subject filling most of the frame. Strong silhouettes, high contrast. Quesada Founds Bogota — Conquistador Gonzalo Jimenez de Quesada founded a highland settlement he named Santa Fe, later renamed Bogota. A conquistador expedition pausing on a high Andean plateau as soldiers drive a marker post into the ground. No text, no dates, no numbers, no labels, no borders, no watermarks.",,
battle-of-preveza,"Search the web for reference artworks and historical records of ""Battle of Preveza"" (1538). Study the Ottoman and Holy League galley fleets of the 1530s Mediterranean of this period.","A dramatic chiaroscuro oil painting. 1:1 square composition optimized for small screen viewing. One dominant focal subject filling most of the frame. Strong silhouettes, high contrast. Battle of Preveza — Corsair admiral Barbarossa's Ottoman fleet routed a Holy League armada off western Greece, securing corsair dominance of the sea for decades. Oared war galleys locked in close combat off a rocky coastline, banners snapping and smoke drifting across the water. No text, no dates, no numbers, no labels, no borders, no watermarks.",,
suleiman-rebuilds-jerusalem-walls,"Search the web for reference artworks and historical records of ""Suleiman Rebuilds Jerusalem Walls"" (1538). Study the Ottoman-era Jerusalem masonry, 16th century construction dress and tools of this period.","A dramatic chiaroscuro oil painting. 1:1 square composition optimized for small screen viewing. One dominant focal subject filling most of the frame. Strong silhouettes, high contrast. Suleiman Rebuilds Jerusalem Walls — An Ottoman sultan had the walls around Jerusalem's Old City torn down and reconstructed during his long reign. Masons setting large limestone blocks into a city wall beneath an arched gate under construction. No text, no dates, no numbers, no labels, no borders, no watermarks.",,
valdivia-founds-santiago,"Search the web for reference artworks and historical records of ""Valdivia Founds Santiago"" (1541). Study the 16th-century Spanish colonial town-founding practice in Chile of this period.","A dramatic chiaroscuro oil painting. 1:1 square composition optimized for small screen viewing. One dominant focal subject filling most of the frame. Strong silhouettes, high contrast. Valdivia Founds Santiago — Conquistador Pedro de Valdivia founded Santiago at the foot of a hill called Huelen, sheltered by a river bend. Spanish settlers laying out a grid of streets with stakes and cord at the foot of a solitary hill. No text, no dates, no numbers, no labels, no borders, no watermarks.",,
lincoln-spire-collapses,"Search the web for reference artworks and historical records of ""Lincoln Spire Collapses"" (1548). Study the medieval storm damage to Gothic cathedrals, fallen masonry and timber wreckage of this period.","A dramatic chiaroscuro oil painting. 1:1 square composition optimized for small screen viewing. One dominant focal subject filling most of the frame. Strong silhouettes, high contrast. Lincoln Spire Collapses — A storm toppled the central spire of Lincoln Cathedral, ending its long run as the tallest structure in the world. Splintered timber and broken stonework scattered across a cathedral roof after a storm, townspeople gathered below pointing upward. No text, no dates, no numbers, no labels, no borders, no watermarks.",,
st-olafs-tallinn-spire,"Search the web for reference artworks and historical records of ""St. Olaf's Spire, Tallinn"" (1549). Study the 16th-century Tallinn architecture, Hanseatic townscape and Baltic church spires of this period.","A dramatic chiaroscuro oil painting. 1:1 square composition optimized for small screen viewing. One dominant focal subject filling most of the frame. Strong silhouettes, high contrast. St. Olaf's Spire, Tallinn — The newly finished spire of St. Olaf's Church in Tallinn became the tallest structure anywhere in the world. A carpenter securing the final timber section of a tall church spire above a red-roofed Baltic old town. No text, no dates, no numbers, no labels, no borders, no watermarks.",,
gustav-vasa-founds-helsinki,"Search the web for reference artworks and historical records of ""Gustav Vasa Founds Helsinki"" (1550). Study the 16th-century Swedish royal administration and a new trading town at a river mouth of this period.","A dramatic chiaroscuro oil painting. 1:1 square composition optimized for small screen viewing. One dominant focal subject filling most of the frame. Strong silhouettes, high contrast. Gustav Vasa Founds Helsinki — King Gustav Vasa of Sweden ordered a new trading town built at the mouth of a river, founding Helsinki. A Swedish official directing newly arrived townsfolk unloading carts at the muddy mouth of a river. No text, no dates, no numbers, no labels, no borders, no watermarks.",,
wokou-raiders-besiege-nanjing,"Search the web for reference artworks and historical records of ""Wokou Raiders Besiege Nanjing"" (1555). Study the Ming dynasty coastal fortifications and wokou pirate ships and dress of this period.","A dramatic chiaroscuro oil painting. 1:1 square composition optimized for small screen viewing. One dominant focal subject filling most of the frame. Strong silhouettes, high contrast. Wokou Raiders Besiege Nanjing — At the peak of the wokou crisis, Japanese led pirate bands raided deep into China and briefly besieged the great walled city of Nanjing. Armed raiders scaling a tall stone city wall on ladders while defenders push back from the ramparts above. No text, no dates, no numbers, no labels, no borders, no watermarks.",,
qi-jiguang-crushes-wokou,"Search the web for reference artworks and historical records of ""Qi Jiguang Crushes the Wokou"" (1559). Study the Ming militia armor, spears and coastal battle terrain of Zhejiang province of this period.","A dramatic chiaroscuro oil painting. 1:1 square composition optimized for small screen viewing. One dominant focal subject filling most of the frame. Strong silhouettes, high contrast. Qi Jiguang Crushes the Wokou — Ming general Qi Jiguang's newly trained militia routed wokou pirate bands in a string of battles, breaking the raiders' hold on the Zhejiang coast. Disciplined Ming militia in ranked spear formation advancing on scattered raiders along a coastal riverbank. No text, no dates, no numbers, no labels, no borders, no watermarks.",,
great-siege-of-malta,"Search the web for reference artworks and historical records of ""Great Siege of Malta"" (1565). Study the Knights Hospitaller armor and the star fortresses of sixteenth century Malta of this period.","A dramatic chiaroscuro oil painting. 1:1 square composition optimized for small screen viewing. One dominant focal subject filling most of the frame. Strong silhouettes, high contrast. Great Siege of Malta — A massive Ottoman fleet besieged the Knights Hospitaller on the island for months before withdrawing in costly defeat. Armored knights defending a breached bastion wall as an Ottoman fleet crowds the harbour beyond. No text, no dates, no numbers, no labels, no borders, no watermarks.",,
legazpi-founds-manila,"Search the web for reference artworks and historical records of ""Legazpi Founds Manila"" (1571). Study the 16th-century Spanish colonial dress and fortified harbor settlements in the Philippines of this period.","A dramatic chiaroscuro oil painting. 1:1 square composition optimized for small screen viewing. One dominant focal subject filling most of the frame. Strong silhouettes, high contrast. Legazpi Founds Manila — Miguel Lopez de Legazpi established a walled Spanish colonial capital on Manila Bay in the Philippines. Spanish soldiers and laborers raising the first stone wall of a fortified settlement beside a bustling bay. No text, no dates, no numbers, no labels, no borders, no watermarks.",,
tatars-burn-moscow,"Search the web for reference artworks and historical records of ""Tatars Burn Moscow"" (1571). Study the 16th century Muscovite wooden architecture and Crimean Tatar cavalry dress of this period.","A dramatic chiaroscuro oil painting. 1:1 square composition optimized for small screen viewing. One dominant focal subject filling most of the frame. Strong silhouettes, high contrast. Tatars Burn Moscow — A Crimean Tatar raid set fire to Moscow, destroying nearly the entire wooden city within a few hours. Mounted raiders with torches beside a wall of blazing log houses, smoke rolling low over a wooden city skyline. No text, no dates, no numbers, no labels, no borders, no watermarks.",,
drake-raids-nombre-de-dios,"Search the web for reference artworks and historical records of ""Drake Raids Nombre de Dios"" (1572). Study the 16th century Panamanian treasure port architecture and English privateer dress and ships of this period.","A dramatic chiaroscuro oil painting. 1:1 square composition optimized for small screen viewing. One dominant focal subject filling most of the frame. Strong silhouettes, high contrast. Drake Raids Nombre de Dios — English privateer Francis Drake attacked the Spanish treasure port of Nombre de Dios in Panama, opening his campaign against Spain's silver route. English raiders wading ashore from longboats at night toward a torch lit stone warehouse stacked with silver bars. No text, no dates, no numbers, no labels, no borders, no watermarks.",,
beauvais-cathedral-collapse,"Search the web for reference artworks and historical records of ""Beauvais Tower Collapses"" (1573). Study the French Gothic cathedral engineering and the structural failure of overreaching vaults of this period.","A dramatic chiaroscuro oil painting. 1:1 square composition optimized for small screen viewing. One dominant focal subject filling most of the frame. Strong silhouettes, high contrast. Beauvais Tower Collapses — The unfinished central tower of Beauvais Cathedral in France, briefly the tallest spire in Europe, collapsed only years after completion. Stonemasons and townsfolk staring up at cracked stone ribs and dust settling around a partially collapsed cathedral tower. No text, no dates, no numbers, no labels, no borders, no watermarks.",,
leiden-university-founded,"Search the web for reference artworks and historical records of ""Leiden University Founded"" (1575). Study the 16th-century Dutch Leiden, siege-worn city dress and William of Orange's court of this period.","A dramatic chiaroscuro oil painting. 1:1 square composition optimized for small screen viewing. One dominant focal subject filling most of the frame. Strong silhouettes, high contrast. Leiden University Founded — William of Orange founded a university at Leiden as a reward for the city's endurance through a long Spanish siege. William of Orange's hand presenting a charter scroll to weary city elders beside a battle-scarred town gate. No text, no dates, no numbers, no labels, no borders, no watermarks.",,
garay-refounds-buenos-aires,"Search the web for reference artworks and historical records of ""Garay Refounds Buenos Aires"" (1580). Study the 16th-century Spanish River Plate colonization and resettlement of this period.","A dramatic chiaroscuro oil painting. 1:1 square composition optimized for small screen viewing. One dominant focal subject filling most of the frame. Strong silhouettes, high contrast. Garay Refounds Buenos Aires — Juan de Garay led settlers back to an abandoned river mouth and permanently refounded Buenos Aires. Settlers disembarking from river boats onto a grassy bank, driving a boundary stake into the earth. No text, no dates, no numbers, no labels, no borders, no watermarks.",,
drake-knighted-golden-hind,"Search the web for reference artworks and historical records of ""Drake Knighted Aboard His Ship"" (1581). Study the Elizabethan royal dress, ceremonial swords and the deck of a 16th century English galleon of this period.","A dramatic chiaroscuro oil painting. 1:1 square composition optimized for small screen viewing. One dominant focal subject filling most of the frame. Strong silhouettes, high contrast. Drake Knighted Aboard His Ship — Queen Elizabeth I knighted Francis Drake aboard the Golden Hind, publicly rewarding a career of privateering raids against Spanish shipping. A queen touching a sword to the shoulder of a kneeling captain on a ship's deck, courtiers and rigging crowding around. No text, no dates, no numbers, no labels, no borders, no watermarks.",,
edinburgh-university-founded,"Search the web for reference artworks and historical records of ""Edinburgh University Founded"" (1583). Study the 16th-century Edinburgh civic dress, town council chambers and royal charter documents of this period.","A dramatic chiaroscuro oil painting. 1:1 square composition optimized for small screen viewing. One dominant focal subject filling most of the frame. Strong silhouettes, high contrast. Edinburgh University Founded — Edinburgh's town council established a university under royal charter, the first in Britain founded by a municipal government. Town councilors' hands unrolling a royal charter across a wooden council table lit by tall windows. No text, no dates, no numbers, no labels, no borders, no watermarks.",,
cartagena-walls-begun,"Search the web for reference artworks and historical records of ""Cartagena's Walls Begun"" (1586). Study the Spanish colonial coastal fortification, 16th century Caribbean construction dress of this period.","A dramatic chiaroscuro oil painting. 1:1 square composition optimized for small screen viewing. One dominant focal subject filling most of the frame. Strong silhouettes, high contrast. Cartagena's Walls Begun — Spain began fortifying its Caribbean port of Cartagena with massive stone walls to guard against pirate raids. Laborers mixing coral stone and mortar to raise a thick harbor wall against the sea. No text, no dates, no numbers, no labels, no borders, no watermarks.",,
sweet-potato-reaches-china,"Search the web for reference artworks and historical records of ""Sweet Potato Reaches China"" (1593). Study the Ming dynasty Fujian coastal dress, sailing junks and farming tools of this period.","A dramatic chiaroscuro oil painting. 1:1 square composition optimized for small screen viewing. One dominant focal subject filling most of the frame. Strong silhouettes, high contrast. Sweet Potato Reaches China — A merchant smuggled sweet potato vines out of the Philippines into Fujian province, a hardy crop soon credited with easing famine. A merchant's hands coiling sweet potato vines into a hollow bamboo tube aboard a junk, the Fujian coastline visible beyond the rail. No text, no dates, no numbers, no labels, no borders, no watermarks.",,
grace-omalley-meets-elizabeth,"Search the web for reference artworks and historical records of ""Grace O'Malley Meets the Queen"" (1593). Study the Elizabethan court dress and Irish Gaelic chieftain dress of the 1590s of this period.","A dramatic chiaroscuro oil painting. 1:1 square composition optimized for small screen viewing. One dominant focal subject filling most of the frame. Strong silhouettes, high contrast. Grace O'Malley Meets the Queen — Irish pirate chieftain Grace O'Malley sailed to London and negotiated directly with Elizabeth I over her clan's maritime raiding and captured sons. A weathered Irish noblewoman standing before a seated queen in a grand paneled hall, both in period court dress. No text, no dates, no numbers, no labels, no borders, no watermarks.",,
dutch-fluyt,"Search the web for reference artworks and historical records of ""The Dutch Fluyt"" (1595). Study the Dutch Golden Age shipbuilding, the fluyt's bulging hull and small crew rigging of this period.","A dramatic chiaroscuro oil painting. 1:1 square composition optimized for small screen viewing. One dominant focal subject filling most of the frame. Strong silhouettes, high contrast. The Dutch Fluyt — Dutch builders launched the fluyt, a cheap, bulky cargo hull needing only a small crew, giving the Dutch Republic an edge in bulk trade. A handful of sailors working simple block and tackle rigging on a bulky, round hulled cargo ship at a Dutch harbor. No text, no dates, no numbers, no labels, no borders, no watermarks.",,
english-poor-law-relief,"Search the web for reference artworks and historical records of ""England's Poor Law"" (1601). Study the Elizabethan parish life, dress and almshouse architecture of this period.","A dramatic chiaroscuro oil painting. 1:1 square composition optimized for small screen viewing. One dominant focal subject filling most of the frame. Strong silhouettes, high contrast. England's Poor Law — Elizabeth I's government codified parish funded relief for the destitute, a model later used to answer subsistence crises. A parish overseer's hands distributing bread and coins to a line of villagers at a stone almshouse doorway. No text, no dates, no numbers, no labels, no borders, no watermarks.",,
beemster-polder-drained,"Search the web for reference artworks and historical records of ""Beemster Becomes First Polder"" (1612). Study the Dutch Golden Age dress and windmill drainage engineering of this period.","A dramatic chiaroscuro oil painting. 1:1 square composition optimized for small screen viewing. One dominant focal subject filling most of the frame. Strong silhouettes, high contrast. Beemster Becomes First Polder — Dutch investors drained a large lake using windmill pumps and a ring canal, creating the first large reclaimed polder. A miller adjusting the sails of a drainage windmill beside a ring canal, a stretch of newly exposed lakebed beyond. No text, no dates, no numbers, no labels, no borders, no watermarks.",,
gentileschi-joins-accademia,"Search the web for reference artworks and historical records of ""Gentileschi Joins the Accademia"" (1616). Study the 17th century Florentine painter's studio, oil paints and Baroque academy interiors of this period.","A dramatic chiaroscuro oil painting. 1:1 square composition optimized for small screen viewing. One dominant focal subject filling most of the frame. Strong silhouettes, high contrast. Gentileschi Joins the Accademia — Painter Artemisia Gentileschi was admitted to Florence's Accademia delle Arti del Disegno, the first woman the academy accepted. A painter's hand steadying a brush against a canvas on an easel, palette and pigment jars crowding a studio table. No text, no dates, no numbers, no labels, no borders, no watermarks.",,
st-olafs-spire-burns,"Search the web for reference artworks and historical records of ""St. Olaf's Spire Burns"" (1625). Study the 17th-century Baltic firefighting, wooden church spires and lightning damage of this period.","A dramatic chiaroscuro oil painting. 1:1 square composition optimized for small screen viewing. One dominant focal subject filling most of the frame. Strong silhouettes, high contrast. St. Olaf's Spire Burns — A lightning strike set fire to St. Olaf's Church in Tallinn, destroying the spire that had made it the world's tallest structure. Flames licking up a tall wooden spire against a night sky as townspeople below haul buckets of water. No text, no dates, no numbers, no labels, no borders, no watermarks.",,
piet-heyn-captures-treasure-fleet,"Search the web for reference artworks and historical records of ""Piet Heyn Seizes Treasure Fleet"" (1628). Study the Dutch West India Company ships and Spanish treasure galleons off Cuba of this period.","A dramatic chiaroscuro oil painting. 1:1 square composition optimized for small screen viewing. One dominant focal subject filling most of the frame. Strong silhouettes, high contrast. Piet Heyn Seizes Treasure Fleet — Dutch privateer admiral Piet Heyn captured an entire Spanish silver fleet intact off Cuba, the richest prize ever taken from Spain at sea. A Dutch warship crew hauling chests of silver up from the hold of a grounded Spanish galleon in a shallow bay. No text, no dates, no numbers, no labels, no borders, no watermarks.",,
deccan-famine-mughal-india,"Search the web for reference artworks and historical records of ""Deccan Famine"" (1630). Study the 17th-century Deccan plateau dress, dry-season landscape and Mughal-era village architecture of this period.","A dramatic chiaroscuro oil painting. 1:1 square composition optimized for small screen viewing. One dominant focal subject filling most of the frame. Strong silhouettes, high contrast. Deccan Famine — Failed monsoons and war devastated the Deccan plateau, killing millions of people under Mughal rule. A family walking past cracked farmland and a dry well toward a distant walled town under a harsh sun. No text, no dates, no numbers, no labels, no borders, no watermarks.",,
sack-of-magdeburg,"Search the web for reference artworks and historical records of ""Sack and Burning of Magdeburg"" (1631). Study the Thirty Years' War era German town architecture, Catholic League soldiers' dress and pikes of this period.","A dramatic chiaroscuro oil painting. 1:1 square composition optimized for small screen viewing. One dominant focal subject filling most of the frame. Strong silhouettes, high contrast. Sack and Burning of Magdeburg — Catholic League troops stormed the German city of Magdeburg and burned it to the ground, killing most of its people. Soldiers with pikes and torches moving between burning half-timbered townhouses, flames climbing a church spire in the background. No text, no dates, no numbers, no labels, no borders, no watermarks.",,
corsairs-sack-baltimore-ireland,"Search the web for reference artworks and historical records of ""Corsairs Sack Baltimore Ireland"" (1631). Study the 17th century Irish fishing village architecture and Barbary corsair ships and dress of this period.","A dramatic chiaroscuro oil painting. 1:1 square composition optimized for small screen viewing. One dominant focal subject filling most of the frame. Strong silhouettes, high contrast. Corsairs Sack Baltimore Ireland — Barbary corsairs raided the Irish village of Baltimore, capturing most of its inhabitants to sell into slavery in North Africa. Robed raiders herding villagers from thatched cottages down a moonlit lane toward waiting rowboats on the shore. No text, no dates, no numbers, no labels, no borders, no watermarks.",,
harvard-college-founded,"Search the web for reference artworks and historical records of ""Harvard College Founded"" (1636). Study the 1630s Massachusetts Bay colonial dress, timber-framed meetinghouse construction of this period.","A dramatic chiaroscuro oil painting. 1:1 square composition optimized for small screen viewing. One dominant focal subject filling most of the frame. Strong silhouettes, high contrast. Harvard College Founded — The Massachusetts Bay colony founded a college that became the first institution of higher learning in what is now the United States. Puritan colonists' hands raising a timber frame for a small college building beside a cleared New England field. No text, no dates, no numbers, no labels, no borders, no watermarks.",,
san-cassiano-opera-house,"Search the web for reference artworks and historical records of ""Teatro San Cassiano Opens"" (1637). Study the 17th-century Venetian opera house interiors, tiered box seating and candlelit stagecraft of this period.","A dramatic chiaroscuro oil painting. 1:1 square composition optimized for small screen viewing. One dominant focal subject filling most of the frame. Strong silhouettes, high contrast. Teatro San Cassiano Opens — Teatro San Cassiano opened in Venice as the first opera house built for a paying public, turning opera into a commercial art. Candlelit tiers of ornate boxes rising around a Venetian stage, cloaked patrons settling in as musicians tune below. No text, no dates, no numbers, no labels, no borders, no watermarks.",,
hms-sovereign-of-the-seas,"Search the web for reference artworks and historical records of ""Sovereign of the Seas"" (1637). Study the 17th century English warship construction, gun decks and ornate carving of this period.","A dramatic chiaroscuro oil painting. 1:1 square composition optimized for small screen viewing. One dominant focal subject filling most of the frame. Strong silhouettes, high contrast. Sovereign of the Seas — The Royal Navy launched Sovereign of the Seas, the first three decked warship carrying over a hundred guns, setting a pattern for centuries. Shipwrights and carvers finishing an elaborately gilded stern on a towering three decked warship in dry dock. No text, no dates, no numbers, no labels, no borders, no watermarks.",,
strasbourg-cathedral-tallest,"Search the web for reference artworks and historical records of ""Strasbourg Becomes Tallest"" (1647). Study the 17th-century Strasbourg cityscape and Gothic sandstone cathedral architecture of this period.","A dramatic chiaroscuro oil painting. 1:1 square composition optimized for small screen viewing. One dominant focal subject filling most of the frame. Strong silhouettes, high contrast. Strasbourg Becomes Tallest — With St. Olaf's spire gone, Strasbourg Cathedral was recognized as the tallest structure on Earth, a title it kept for two centuries. A lone rose-colored sandstone spire towering over the rooftops of Strasbourg at dawn, dwarfing every building around it. No text, no dates, no numbers, no labels, no borders, no watermarks.",,
great-level-fens-drained,"Search the web for reference artworks and historical records of ""England's Great Level Drained"" (1652). Study the 17th century English fenland dress and drainage channel digging of this period.","A dramatic chiaroscuro oil painting. 1:1 square composition optimized for small screen viewing. One dominant focal subject filling most of the frame. Strong silhouettes, high contrast. England's Great Level Drained — An engineer finished draining a vast stretch of eastern English marshland into new channels, turning fen into farmland. Laborers with spades cutting a straight new drainage channel through reed-choked fenland under a wide flat sky. No text, no dates, no numbers, no labels, no borders, no watermarks.",,
great-fire-of-meireki,"Search the web for reference artworks and historical records of ""Great Fire of Meireki"" (1657). Study the Edo period Japanese wooden townhouse architecture and firefighting equipment of this period.","A dramatic chiaroscuro oil painting. 1:1 square composition optimized for small screen viewing. One dominant focal subject filling most of the frame. Strong silhouettes, high contrast. Great Fire of Meireki — A three day blaze destroyed most of Edo, killing well over a hundred thousand people in one of history's deadliest fires. Wind driving flames across tightly packed wooden rooftops of Edo, a fleeing family carrying bundled belongings past a burning storefront. No text, no dates, no numbers, no labels, no borders, no watermarks.",,
blood-crown-jewels-heist,"Search the web for reference artworks and historical records of ""Blood's Crown Jewels Heist"" (1671). Study the 17th-century Tower of London jewel house, clergyman's dress, and Stuart-era crown regalia of this period.","A dramatic chiaroscuro oil painting. 1:1 square composition optimized for small screen viewing. One dominant focal subject filling most of the frame. Strong silhouettes, high contrast. Blood's Crown Jewels Heist — Colonel Thomas Blood disguised himself as a clergyman and nearly escaped the Tower of London with the Crown Jewels. A man in clerical dress concealing a flattened crown beneath his cloak beside an open jewel case in a stone chamber. No text, no dates, no numbers, no labels, no borders, no watermarks.",,
morgan-sacks-panama-city,"Search the web for reference artworks and historical records of ""Morgan Sacks Panama City"" (1671). Study the 17th century buccaneer dress and colonial Spanish Panama City architecture of this period.","A dramatic chiaroscuro oil painting. 1:1 square composition optimized for small screen viewing. One dominant focal subject filling most of the frame. Strong silhouettes, high contrast. Morgan Sacks Panama City — Buccaneer Henry Morgan led a force across the isthmus and burned Panama City, one of the largest raids of the whole buccaneering era. A ragged column of armed buccaneers marching through a burning tiled rooftop city street toward a church square. No text, no dates, no numbers, no labels, no borders, no watermarks.",,
great-famine-france-louis-xiv,"Search the web for reference artworks and historical records of ""Great Famine of France"" (1693). Study the late 17th-century French peasant dress, village architecture and market scenes of this period.","A dramatic chiaroscuro oil painting. 1:1 square composition optimized for small screen viewing. One dominant focal subject filling most of the frame. Strong silhouettes, high contrast. Great Famine of France — Two catastrophic harvests late in Louis XIV's reign left roughly two million French subjects to starve. A baker's empty shelves and bare counter inside a shuttered village bakery, a small crowd gathering at the doorway. No text, no dates, no numbers, no labels, no borders, no watermarks.",,
great-baltic-famine,"Search the web for reference artworks and historical records of ""Great Baltic Famine"" (1695). Study the 17th-century Swedish and Baltic farming dress, timber architecture and cold-climate harvest scenes of this period.","A dramatic chiaroscuro oil painting. 1:1 square composition optimized for small screen viewing. One dominant focal subject filling most of the frame. Strong silhouettes, high contrast. Great Baltic Famine — A run of cold, wet summers ruined grain harvests across Sweden, Finland and Estonia, killing a fifth of the region's people. A farmer standing in a rain-flattened rye field beside a timber barn, gray storm clouds massed over the coastline. No text, no dates, no numbers, no labels, no borders, no watermarks.",,
every-raids-ganj-i-sawai,"Search the web for reference artworks and historical records of ""Every Raids the Ganj-i-Sawai"" (1695). Study the Mughal treasure ships and English pirate vessels of the Indian Ocean trade routes of this period.","A dramatic chiaroscuro oil painting. 1:1 square composition optimized for small screen viewing. One dominant focal subject filling most of the frame. Strong silhouettes, high contrast. Every Raids the Ganj-i-Sawai — Pirate Henry Every captured the Mughal treasure ship Ganj-i-Sawai in the Indian Ocean, the richest single pirate haul on record. A pirate crew grappling and boarding a towering Mughal merchant ship, cannon smoke drifting across the deck. No text, no dates, no numbers, no labels, no borders, no watermarks.",,
captain-kidd-hanged-london,"Search the web for reference artworks and historical records of ""Captain Kidd Hanged in London"" (1701). Study the Georgian era London riverside dress, Execution Dock and Thames wharves of this period.","A dramatic chiaroscuro oil painting. 1:1 square composition optimized for small screen viewing. One dominant focal subject filling most of the frame. Strong silhouettes, high contrast. Captain Kidd Hanged in London — William Kidd, commissioned as a privateer but tried as a pirate, was hanged at Execution Dock after a trial that became a public sensation. A crowd gathered on a foggy riverside dock watching a solemn procession beneath a wooden gallows structure. No text, no dates, no numbers, no labels, no borders, no watermarks.",,
yale-founded,"Search the web for reference artworks and historical records of ""Yale Founded"" (1701). Study the Early 18th-century Connecticut clergy dress, colonial meetinghouse interiors of this period.","A dramatic chiaroscuro oil painting. 1:1 square composition optimized for small screen viewing. One dominant focal subject filling most of the frame. Strong silhouettes, high contrast. Yale Founded — A group of Congregationalist ministers chartered a Collegiate School in Connecticut, later renamed for a generous benefactor. Ministers' hands signing a founding charter on a candlelit table inside a plain colonial meetinghouse. No text, no dates, no numbers, no labels, no borders, no watermarks.",,
passarola-balloon-demonstration,"Search the web for reference artworks and historical records of ""Gusmão Floats a Model Balloon"" (1709). Study the early 18th-century Portuguese court dress and a small tethered hot air balloon model of this period.","A dramatic chiaroscuro oil painting. 1:1 square composition optimized for small screen viewing. One dominant focal subject filling most of the frame. Strong silhouettes, high contrast. Gusmão Floats a Model Balloon — A Brazilian-born priest demonstrated a small hot air balloon model before the Portuguese royal court in Lisbon. A priest holding a small paper balloon aloft over a lit brazier before seated courtiers in a candlelit hall. No text, no dates, no numbers, no labels, no borders, no watermarks.",,
blackbeard-killed-ocracoke,"Search the web for reference artworks and historical records of ""Blackbeard Killed at Ocracoke"" (1718). Study the Early 18th century sloop rigging, cutlasses and the Outer Banks coastline of this period.","A dramatic chiaroscuro oil painting. 1:1 square composition optimized for small screen viewing. One dominant focal subject filling most of the frame. Strong silhouettes, high contrast. Blackbeard Killed at Ocracoke — Royal Navy lieutenant Robert Maynard cornered and killed the pirate Blackbeard off the Carolina coast after a fierce shipboard fight. Sailors clashing with cutlasses and pistols across a smoke wreathed sloop deck grounded in shallow coastal water. No text, no dates, no numbers, no labels, no borders, no watermarks.",,
bonny-read-convicted-piracy,"Search the web for reference artworks and historical records of ""Anne Bonny and Mary Read Convicted"" (1720). Study the Early 18th century Caribbean courtroom dress and Jamaican colonial architecture of this period.","A dramatic chiaroscuro oil painting. 1:1 square composition optimized for small screen viewing. One dominant focal subject filling most of the frame. Strong silhouettes, high contrast. Anne Bonny and Mary Read Convicted — The two women pirates, captured aboard Calico Jack Rackham's sloop off Jamaica, were tried and convicted of piracy but escaped hanging. Two women in sailor's clothing standing before a wooden colonial courtroom bench, a magistrate seated above them. No text, no dates, no numbers, no labels, no borders, no watermarks.",,
bartholomew-roberts-killed,"Search the web for reference artworks and historical records of ""Bartholomew Roberts Killed"" (1722). Study the Early 18th century pirate ships and West African coastal waters of this period.","A dramatic chiaroscuro oil painting. 1:1 square composition optimized for small screen viewing. One dominant focal subject filling most of the frame. Strong silhouettes, high contrast. Bartholomew Roberts Killed — Black Bart Roberts, the most successful pirate of his age with hundreds of ships taken, was killed by cannon fire off West Africa in a naval battle. A pirate ship's deck struck by cannon fire in heavy sea smoke, rigging collapsing amid scattered crew. No text, no dates, no numbers, no labels, no borders, no watermarks.",,
great-fire-of-copenhagen,"Search the web for reference artworks and historical records of ""Great Fire of Copenhagen"" (1728). Study the Early Georgian-era Copenhagen timber townhouses, Danish civilian dress and hand-pumped fire engines of this period.","A dramatic chiaroscuro oil painting. 1:1 square composition optimized for small screen viewing. One dominant focal subject filling most of the frame. Strong silhouettes, high contrast. Great Fire of Copenhagen — A blaze burned for three days through the Danish capital, destroying about a quarter of the city and most of the university library. Citizens passing leather buckets along a narrow street as flames leap between gabled timber houses at night. No text, no dates, no numbers, no labels, no borders, no watermarks.",,
beggars-opera-premieres,"Search the web for reference artworks and historical records of ""The Beggar's Opera Premieres"" (1728). Study the early 18th-century London stage costume and the ballad-opera style of Gay's production of this period.","A dramatic chiaroscuro oil painting. 1:1 square composition optimized for small screen viewing. One dominant focal subject filling most of the frame. Strong silhouettes, high contrast. The Beggar's Opera Premieres — A London stage show set satirical lyrics to popular tunes instead of composed arias, founding the ballad opera as a new form. Actors in ragged highwayman costumes performing before oil lamps on a London stage, musicians with fiddles at the pit's edge. No text, no dates, no numbers, no labels, no borders, no watermarks.",,
first-appendectomy,"Search the web for reference artworks and historical records of ""First Successful Appendectomy"" (1735). Study the early Georgian London surgical instruments, dress and candlelit interiors of this period.","A dramatic chiaroscuro oil painting. 1:1 square composition optimized for small screen viewing. One dominant focal subject filling most of the frame. Strong silhouettes, high contrast. First Successful Appendectomy — A London surgeon removed a boy's perforated appendix in the middle of a routine hernia operation, the earliest recorded case to succeed. A surgeon's hands lifting a folding steel scalpel from a velvet-lined case, an assistant holding a lantern close over the table. No text, no dates, no numbers, no labels, no borders, no watermarks.",,
franklin-founds-fire-company,"Search the web for reference artworks and historical records of ""Franklin Founds Fire Company"" (1736). Study the colonial Philadelphia dress, hand-pumped fire engines and leather buckets of this period.","A dramatic chiaroscuro oil painting. 1:1 square composition optimized for small screen viewing. One dominant focal subject filling most of the frame. Strong silhouettes, high contrast. Franklin Founds Fire Company — Benjamin Franklin helped organize Philadelphia's Union Fire Company, the American colonies' first volunteer firefighting brigade. Volunteers in colonial dress working a hand-pumped fire engine's brake bars, a bucket brigade stretching toward a smoking rowhouse. No text, no dates, no numbers, no labels, no borders, no watermarks.",,
chatelet-fire-essay-published,"Search the web for reference artworks and historical records of ""Du Chatelet's Essay Published"" (1738). Study the 18th century French salon science, glassware experiments and Enlightenment writing desks of this period.","A dramatic chiaroscuro oil painting. 1:1 square composition optimized for small screen viewing. One dominant focal subject filling most of the frame. Strong silhouettes, high contrast. Du Chatelet's Essay Published — The Paris Academy of Sciences printed Emilie du Chatelet's essay on the nature of fire, the first paper it published by a woman. A hand holding a candle flame near a sealed glass vessel on a study table, a manuscript and quill beside it. No text, no dates, no numbers, no labels, no borders, no watermarks.",,
princeton-founded,"Search the web for reference artworks and historical records of ""Princeton Founded"" (1746). Study the 1740s colonial New Jersey Presbyterian dress and early college building construction of this period.","A dramatic chiaroscuro oil painting. 1:1 square composition optimized for small screen viewing. One dominant focal subject filling most of the frame. Strong silhouettes, high contrast. Princeton Founded — Evangelical Presbyterians chartered the College of New Jersey, which grew over time into Princeton University. Clergymen's hands reviewing an architect's plan for a college hall beside a cornerstone half set into the ground. No text, no dates, no numbers, no labels, no borders, no watermarks.",,
fort-ticonderoga-built,"Search the web for reference artworks and historical records of ""Fort Ticonderoga Built"" (1755). Study the 18th century French colonial military architecture, star fort construction dress of this period.","A dramatic chiaroscuro oil painting. 1:1 square composition optimized for small screen viewing. One dominant focal subject filling most of the frame. Strong silhouettes, high contrast. Fort Ticonderoga Built — France built this star shaped fort at a strategic chokepoint between two lakes in its northern colonies. Soldiers and laborers digging earthworks and stacking timber into a star shaped fort wall between two lakes. No text, no dates, no numbers, no labels, no borders, no watermarks.",,
vijaydurg-falls-to-british,"Search the web for reference artworks and historical records of ""Vijaydurg Falls to the British"" (1756). Study the 18th century Maratha coastal fortress architecture and British East India Company ships of this period.","A dramatic chiaroscuro oil painting. 1:1 square composition optimized for small screen viewing. One dominant focal subject filling most of the frame. Strong silhouettes, high contrast. Vijaydurg Falls to the British — A combined British and Maratha fleet stormed Tulaji Angre's fortress at Vijaydurg, ending the Angre family's decades of raiding on India's coast. Warships bombarding a stone sea fortress from close offshore, smoke rising from the ramparts above crashing waves. No text, no dates, no numbers, no labels, no borders, no watermarks.",,
bengal-famine-company-rule,"Search the web for reference artworks and historical records of ""Bengal Famine Under Company Rule"" (1770). Study the 18th-century Bengali dress, riverine villages and East India Company trading posts of this period.","A dramatic chiaroscuro oil painting. 1:1 square composition optimized for small screen viewing. One dominant focal subject filling most of the frame. Strong silhouettes, high contrast. Bengal Famine Under Company Rule — Drought and East India Company tax policy combined to kill roughly a third of Bengal's population. A family carrying empty clay water jars past a dry rice paddy toward a distant riverside trading post. No text, no dates, no numbers, no labels, no borders, no watermarks.",,
baret-completes-world-circuit,"Search the web for reference artworks and historical records of ""Baret Completes World Circuit"" (1775). Study the 18th century sailing ships, botanical specimen cases and harbor scenes of the period of this period.","A dramatic chiaroscuro oil painting. 1:1 square composition optimized for small screen viewing. One dominant focal subject filling most of the frame. Strong silhouettes, high contrast. Baret Completes World Circuit — Botanist Jeanne Baret, who had sailed disguised as a man, returned home and became the first woman known to circle the globe. A botanist's hands sorting pressed plant specimens into a wooden case on a ship's deck, a harbor visible beyond the rail. No text, no dates, no numbers, no labels, no borders, no watermarks.",,
la-scala-opens,"Search the web for reference artworks and historical records of ""La Scala Opens in Milan"" (1778). Study the 18th-century Milanese opera house architecture, gilded box tiers and opening-night dress of this period.","A dramatic chiaroscuro oil painting. 1:1 square composition optimized for small screen viewing. One dominant focal subject filling most of the frame. Strong silhouettes, high contrast. La Scala Opens in Milan — Teatro alla Scala opened in Milan and grew into one of the world's most influential opera houses. Elegantly dressed patrons filing into a grand new opera house beneath crystal chandeliers, gilded tiers of boxes rising above the stalls. No text, no dates, no numbers, no labels, no borders, no watermarks.",,
rama-i-founds-bangkok,"Search the web for reference artworks and historical records of ""Rama I Founds Bangkok"" (1782). Study the 18th-century Siamese royal court dress and river-crossing ceremony of this period.","A dramatic chiaroscuro oil painting. 1:1 square composition optimized for small screen viewing. One dominant focal subject filling most of the frame. Strong silhouettes, high contrast. Rama I Founds Bangkok — King Rama I moved the Siamese capital across the Chao Phraya river and founded the city of Bangkok. A Siamese king crossing a river by royal barge toward a newly built palace on the opposite bank. No text, no dates, no numbers, no labels, no borders, no watermarks.",,
blanchard-jeffries-channel-crossing,"Search the web for reference artworks and historical records of ""Balloon Crosses the Channel"" (1785). Study the 1780s hydrogen balloon construction, wicker gondolas and Channel coastline of this period.","A dramatic chiaroscuro oil painting. 1:1 square composition optimized for small screen viewing. One dominant focal subject filling most of the frame. Strong silhouettes, high contrast. Balloon Crosses the Channel — Jean-Pierre Blanchard and John Jeffries crossed the English Channel by hydrogen balloon, the first aerial crossing. Two aeronauts in a wicker gondola beneath a striped gas balloon, tossing ballast overboard above open water. No text, no dates, no numbers, no labels, no borders, no watermarks.",,
first-ascent-mont-blanc,"Search the web for reference artworks and historical records of ""First Ascent of Mont Blanc"" (1786). Study the 18th-century alpine climbing dress and equipment, and the granite and snow terrain of Mont Blanc's summit ridge of this period.","A dramatic chiaroscuro oil painting. 1:1 square composition optimized for small screen viewing. One dominant focal subject filling most of the frame. Strong silhouettes, high contrast. First Ascent of Mont Blanc — Jacques Balmat and Michel Paccard became the first climbers to reach the summit of the highest peak in the Alps. Two climbers in woolen coats and long alpenstocks stand at a snowy summit ridge, a sea of lower peaks spread out below them. No text, no dates, no numbers, no labels, no borders, no watermarks.",,
herschel-discovers-comet,"Search the web for reference artworks and historical records of ""Herschel Discovers a Comet"" (1786). Study the 18th century English astronomy, brass telescopes and observatory interiors of this period.","A dramatic chiaroscuro oil painting. 1:1 square composition optimized for small screen viewing. One dominant focal subject filling most of the frame. Strong silhouettes, high contrast. Herschel Discovers a Comet — Astronomer Caroline Herschel spotted a comet through her telescope, becoming the first woman credited with discovering one. A hand adjusting the eyepiece of a brass telescope aimed at a night sky, an open star chart lit by a lantern nearby. No text, no dates, no numbers, no labels, no borders, no watermarks.",,
rachel-wall-hanged-piracy,"Search the web for reference artworks and historical records of ""Rachel Wall Hanged for Piracy"" (1789). Study the Late 18th century Boston harbor architecture and colonial American dress of this period.","A dramatic chiaroscuro oil painting. 1:1 square composition optimized for small screen viewing. One dominant focal subject filling most of the frame. Strong silhouettes, high contrast. Rachel Wall Hanged for Piracy — American pirate Rachel Wall, who lured ships with fake distress signals off the New England coast, was hanged in Boston for robbery at sea. A lone figure standing on a wooden scaffold above a hushed harborside crowd beneath a cloudy New England sky. No text, no dates, no numbers, no labels, no borders, no watermarks.",,
magic-flute-premieres,"Search the web for reference artworks and historical records of ""The Magic Flute Premieres"" (1791). Study the Viennese singspiel costume and stagecraft, Papageno's feathered birdcatcher outfit and painted temple sets of this period.","A dramatic chiaroscuro oil painting. 1:1 square composition optimized for small screen viewing. One dominant focal subject filling most of the frame. Strong silhouettes, high contrast. The Magic Flute Premieres — Mozart's singspiel about a prince's magical trial by fire and water premiered in Vienna, blending fairy tale and Masonic symbolism. A performer in a feathered birdcatcher costume standing beside an ornate painted temple backdrop on a Vienna stage. No text, no dates, no numbers, no labels, no borders, no watermarks.",,
general-stud-book-published,"Search the web for reference artworks and historical records of ""The General Stud Book Debuts"" (1791). Study the Georgian-era English racing stable dress, ledgers and Thoroughbred horses of this period.","A dramatic chiaroscuro oil painting. 1:1 square composition optimized for small screen viewing. One dominant focal subject filling most of the frame. Strong silhouettes, high contrast. The General Stud Book Debuts — James Weatherby published a registry tracing every listed racehorse back to a handful of founding sires. A clerk's hand entering a horse's pedigree into a leather-bound ledger, a groom holding a Thoroughbred outside the stable door. No text, no dates, no numbers, no labels, no borders, no watermarks.",,
french-crown-jewels-theft,"Search the web for reference artworks and historical records of ""Theft of the French Crown Jewels"" (1792). Study the 1790s Parisian royal storehouse interiors and revolutionary-era dress of this period.","A dramatic chiaroscuro oil painting. 1:1 square composition optimized for small screen viewing. One dominant focal subject filling most of the frame. Strong silhouettes, high contrast. Theft of the French Crown Jewels — Thieves looted the royal storehouse in Paris over several nights of revolutionary chaos, stealing thousands of gems. Hands sweeping loose gems and pearls from a shattered display case into a sack inside a darkened storeroom. No text, no dates, no numbers, no labels, no borders, no watermarks.",,
macartney-mission-rebuffed,"Search the web for reference artworks and historical records of ""Macartney Mission Rebuffed"" (1793). Study the Qing court audience dress, Georgian British diplomatic dress, imperial gift objects of this period.","A dramatic chiaroscuro oil painting. 1:1 square composition optimized for small screen viewing. One dominant focal subject filling most of the frame. Strong silhouettes, high contrast. Macartney Mission Rebuffed — A British envoy sought open trade with the Qing court but was turned away, an assertion of imperial self-sufficiency. A British envoy presenting an ornate mechanical clock to seated Qing officials in a grand audience hall. No text, no dates, no numbers, no labels, no borders, no watermarks.",,
jardin-des-plantes-zoo-opens,"Search the web for reference artworks and historical records of ""Paris Opens a Public Zoo"" (1793). Study the Revolutionary-era Parisian dress and the animal enclosures of the early Jardin des Plantes of this period.","A dramatic chiaroscuro oil painting. 1:1 square composition optimized for small screen viewing. One dominant focal subject filling most of the frame. Strong silhouettes, high contrast. Paris Opens a Public Zoo — Revolutionary France turned former royal animal collections into the Jardin des Plantes, an early public zoo. Parisians in Revolutionary-era dress gathered at an iron enclosure fence to watch an animal keeper feed a big cat. No text, no dates, no numbers, no labels, no borders, no watermarks.",,
garnerin-parachute-descent,"Search the web for reference artworks and historical records of ""First Parachute Descent"" (1797). Study the late 18th-century balloon baskets and early frameless silk parachute design of this period.","A dramatic chiaroscuro oil painting. 1:1 square composition optimized for small screen viewing. One dominant focal subject filling most of the frame. Strong silhouettes, high contrast. First Parachute Descent — Andre-Jacques Garnerin leaped from a hydrogen balloon over Paris and floated safely down under a silk parachute. A man drifting beneath a billowing round parachute canopy after cutting free from a balloon basket high above Paris rooftops. No text, no dates, no numbers, no labels, no borders, no watermarks.",,
surcouf-captures-kent,"Search the web for reference artworks and historical records of ""Surcouf Captures the Kent"" (1800). Study the Napoleonic era French corsair ships and British East Indiamen in the Bay of Bengal of this period.","A dramatic chiaroscuro oil painting. 1:1 square composition optimized for small screen viewing. One dominant focal subject filling most of the frame. Strong silhouettes, high contrast. Surcouf Captures the Kent — French corsair Robert Surcouf boarded and captured the much larger British merchant ship Kent in the Bay of Bengal with a small, outgunned crew. A small outgunned corsair ship's crew swarming up the towering side of a much larger merchant vessel with cutlasses drawn. No text, no dates, no numbers, no labels, no borders, no watermarks.",,
graff-post-fire-hydrant,"Search the web for reference artworks and historical records of ""The Post Fire Hydrant"" (1801). Study the early 19th century Philadelphia street engineering, cast-iron hydrant design and firefighter dress of this period.","A dramatic chiaroscuro oil painting. 1:1 square composition optimized for small screen viewing. One dominant focal subject filling most of the frame. Strong silhouettes, high contrast. The Post Fire Hydrant — Philadelphia engineer Frederick Graff devised the post type fire hydrant, letting brigades tap water mains directly from the street. A workman's hands bolting a cast-iron post hydrant onto a street water main, a coil of canvas hose lying ready beside him. No text, no dates, no numbers, no labels, no borders, no watermarks.",,
west-point-founded,"Search the web for reference artworks and historical records of ""West Point Founded"" (1802). Study the Early 1800s US Army uniforms and West Point's Hudson River fortifications of this period.","A dramatic chiaroscuro oil painting. 1:1 square composition optimized for small screen viewing. One dominant focal subject filling most of the frame. Strong silhouettes, high contrast. West Point Founded — Congress established a military academy on the Hudson River to train officers for the United States Army. Officers' hands unrolling engineering plans on a table overlooking cadets drilling below a river bluff. No text, no dates, no numbers, no labels, no borders, no watermarks.",,
cayley-glider-model,"Search the web for reference artworks and historical records of ""Cayley Flies a Glider Model"" (1804). Study the early 19th-century fixed-wing glider models and English countryside test fields of this period.","A dramatic chiaroscuro oil painting. 1:1 square composition optimized for small screen viewing. One dominant focal subject filling most of the frame. Strong silhouettes, high contrast. Cayley Flies a Glider Model — George Cayley flew a small fixed-wing glider, the first device shown to fly on aerodynamic rather than buoyant lift. A gentleman's hands launching a small fixed-wing glider model across an open meadow, its wings catching the air. No text, no dates, no numbers, no labels, no borders, no watermarks.",,
decatur-burns-philadelphia,"Search the web for reference artworks and historical records of ""Decatur Burns the Philadelphia"" (1804). Study the Early 19th century Tripoli harbor, US Navy ketch rigging and Barbary corsair defenses of this period.","A dramatic chiaroscuro oil painting. 1:1 square composition optimized for small screen viewing. One dominant focal subject filling most of the frame. Strong silhouettes, high contrast. Decatur Burns the Philadelphia — Stephen Decatur led a raid into Tripoli harbor to burn the captured USS Philadelphia, denying Barbary corsairs its use during the war against them. Sailors dropping torches into the hold of a captured frigate at night as small boats pull away across a moonlit harbor. No text, no dates, no numbers, no labels, no borders, no watermarks.",,
mcdowell-first-ovariotomy,"Search the web for reference artworks and historical records of ""McDowell Performs First Ovariotomy"" (1809). Study the early American frontier kitchen interiors, period surgical tools and dress of this period.","A dramatic chiaroscuro oil painting. 1:1 square composition optimized for small screen viewing. One dominant focal subject filling most of the frame. Strong silhouettes, high contrast. McDowell Performs First Ovariotomy — A Kentucky surgeon removed a massive ovarian tumor from a fully conscious patient on her own kitchen table, the first such operation to succeed. A surgeon's hands laying out instruments on a scrubbed kitchen table, a basin of water and folded cloths beside a lit oil lamp. No text, no dates, no numbers, no labels, no borders, no watermarks.",,
zheng-yi-sao-fleet-surrenders,"Search the web for reference artworks and historical records of ""Zheng Yi Sao's Fleet Surrenders"" (1810). Study the Early 19th century Chinese junk fleets and Qing dynasty coastal negotiation settings of this period.","A dramatic chiaroscuro oil painting. 1:1 square composition optimized for small screen viewing. One dominant focal subject filling most of the frame. Strong silhouettes, high contrast. Zheng Yi Sao's Fleet Surrenders — Pirate queen Zheng Yi Sao negotiated a mass amnesty for her tens of thousands of followers, ending the largest pirate confederation in history. A commanding woman in fine robes standing on a junk's deck before a vast fleet of anchored pirate ships at anchor. No text, no dates, no numbers, no labels, no borders, no watermarks.",,
university-berlin-founded,"Search the web for reference artworks and historical records of ""University of Berlin Founded"" (1810). Study the 1810s Prussian academic dress, Berlin's neoclassical university building of this period.","A dramatic chiaroscuro oil painting. 1:1 square composition optimized for small screen viewing. One dominant focal subject filling most of the frame. Strong silhouettes, high contrast. University of Berlin Founded — Wilhelm von Humboldt founded a university in Berlin built around a new ideal linking scholarly research with teaching. Wilhelm von Humboldt's hand gesturing across a table of open books toward a grand neoclassical facade through a window. No text, no dates, no numbers, no labels, no borders, no watermarks.",,
british-burn-washington,"Search the web for reference artworks and historical records of ""British Burn Washington"" (1814). Study the early 19th century Washington architecture, British Army dress of the War of 1812 of this period.","A dramatic chiaroscuro oil painting. 1:1 square composition optimized for small screen viewing. One dominant focal subject filling most of the frame. Strong silhouettes, high contrast. British Burn Washington — British troops set fire to the Capitol, the President's House and other public buildings during a wartime raid on the capital. Redcoat soldiers setting torches to the columned facade of a grand public building at night, flames already visible through its windows. No text, no dates, no numbers, no labels, no borders, no watermarks.",,
barry-rescue-dog-legend,"Search the web for reference artworks and historical records of ""Barry the Rescue Dog Dies"" (1814). Study the early 19th-century Alpine monk and traveler dress, Great St Bernard Pass terrain and Saint Bernard dogs of this period.","A dramatic chiaroscuro oil painting. 1:1 square composition optimized for small screen viewing. One dominant focal subject filling most of the frame. Strong silhouettes, high contrast. Barry the Rescue Dog Dies — The St Bernard credited with saving dozens of Alpine travelers died peacefully in retirement in Bern. A weathered Saint Bernard resting by a hospice doorway in the snow, a monk's hand resting on its head. No text, no dates, no numbers, no labels, no borders, no watermarks.",,
second-treaty-of-paris,"Search the web for reference artworks and historical records of ""Second Treaty of Paris"" (1815). Study the 1815 Parisian diplomatic interiors, allied military and diplomatic dress of Britain, Austria, Prussia and Russia of this period.","A dramatic chiaroscuro oil painting. 1:1 square composition optimized for small screen viewing. One dominant focal subject filling most of the frame. Strong silhouettes, high contrast. Second Treaty of Paris — Following the defeat at Waterloo, the allied powers imposed final peace terms on France, closing a long era of continental war. Allied ministers in formal dress bent over a document at a long table, a folded French tricolor set aside on a side chair. No text, no dates, no numbers, no labels, no borders, no watermarks.",,
barber-of-seville-premieres,"Search the web for reference artworks and historical records of ""The Barber of Seville Premieres"" (1816). Study the early 19th-century Italian comic opera costume and painted Spanish-set backdrops of this period.","A dramatic chiaroscuro oil painting. 1:1 square composition optimized for small screen viewing. One dominant focal subject filling most of the frame. Strong silhouettes, high contrast. The Barber of Seville Premieres — Rossini's comic opera about a resourceful barber premiered in Rome to a famously disastrous reception before becoming a beloved favorite. A singer in a barber's apron gesturing with scissors and a razor strop before a painted Spanish balcony backdrop, an orchestra tuning below. No text, no dates, no numbers, no labels, no borders, no watermarks.",,
bombardment-algiers-slaves-freed,"Search the web for reference artworks and historical records of ""Bombardment of Algiers"" (1816). Study the Early 19th century Royal Navy ships of the line and the fortified harbor of Algiers of this period.","A dramatic chiaroscuro oil painting. 1:1 square composition optimized for small screen viewing. One dominant focal subject filling most of the frame. Strong silhouettes, high contrast. Bombardment of Algiers — A British and Dutch fleet bombarded Algiers to force the release of Christian slaves and end Barbary corsair attacks on European shipping. Warships anchored close offshore firing broadsides at stone harbor fortifications wreathed in cannon smoke. No text, no dates, no numbers, no labels, no borders, no watermarks.",,
edinburgh-municipal-fire-brigade,"Search the web for reference artworks and historical records of ""Edinburgh's Municipal Fire Brigade"" (1824). Study the Late Regency Edinburgh, early uniformed firemen, leather helmets and horse-drawn manual pumps of this period.","A dramatic chiaroscuro oil painting. 1:1 square composition optimized for small screen viewing. One dominant focal subject filling most of the frame. Strong silhouettes, high contrast. Edinburgh's Municipal Fire Brigade — Edinburgh formed a trained, uniformed fire service under James Braidwood, the model for professional city brigades that followed. A line of uniformed firemen in leather helmets drilling beside a manual pump in a cobbled Old Town close. No text, no dates, no numbers, no labels, no borders, no watermarks.",,
john-by-founds-bytown,"Search the web for reference artworks and historical records of ""John By Founds Bytown"" (1826). Study the 1820s British military engineering dress and Rideau Canal construction camps of this period.","A dramatic chiaroscuro oil painting. 1:1 square composition optimized for small screen viewing. One dominant focal subject filling most of the frame. Strong silhouettes, high contrast. John By Founds Bytown — Lieutenant Colonel John By founded a canal workers settlement called Bytown, which was later renamed Ottawa. A uniformed engineer surveying a canal cutting through the forest as workers haul timber for a new settlement. No text, no dates, no numbers, no labels, no borders, no watermarks.",,
london-zoo-opens-regents-park,"Search the web for reference artworks and historical records of ""London Zoo Opens"" (1828). Study the 1820s London dress and the early Regent's Park zoological gardens' enclosures of this period.","A dramatic chiaroscuro oil painting. 1:1 square composition optimized for small screen viewing. One dominant focal subject filling most of the frame. Strong silhouettes, high contrast. London Zoo Opens — The Zoological Society of London opened its gardens in Regent's Park to the paying public. Fashionably dressed visitors gathered before an iron-railed enclosure watching a keeper tend an exotic animal. No text, no dates, no numbers, no labels, no borders, no watermarks.",,
france-conquers-algiers,"Search the web for reference artworks and historical records of ""France Conquers Algiers"" (1830). Study the 1830s French invasion fleet and the walled Ottoman era city of Algiers of this period.","A dramatic chiaroscuro oil painting. 1:1 square composition optimized for small screen viewing. One dominant focal subject filling most of the frame. Strong silhouettes, high contrast. France Conquers Algiers — A French invasion force captured Algiers, toppling the Ottoman backed regency and ending three centuries of Barbary corsair power in North Africa. French troops massing on a beach below a hilltop walled city as landing boats continue arriving through the surf. No text, no dates, no numbers, no labels, no borders, no watermarks.",,
ross-reaches-north-magnetic-pole,"Search the web for reference artworks and historical records of ""Ross Reaches North Magnetic Pole"" (1831). Study the 1830s Arctic expedition clothing and instruments used to locate magnetic dip of this period.","A dramatic chiaroscuro oil painting. 1:1 square composition optimized for small screen viewing. One dominant focal subject filling most of the frame. Strong silhouettes, high contrast. Ross Reaches North Magnetic Pole — James Clark Ross located and reached the North Magnetic Pole on the Boothia Peninsula, a first for any expedition. A fur-clad explorer kneels on flat Arctic tundra beside a dipping compass needle standing near vertical, sledges and a Union flag planted nearby. No text, no dates, no numbers, no labels, no borders, no watermarks.",,
la-sylphide-premieres,"Search the web for reference artworks and historical records of ""La Sylphide Premieres"" (1832). Study the Romantic ballet costume, the white tulle Romantic tutu and Taglioni-era pointe technique of this period.","A dramatic chiaroscuro oil painting. 1:1 square composition optimized for small screen viewing. One dominant focal subject filling most of the frame. Strong silhouettes, high contrast. La Sylphide Premieres — A ballet about a doomed love between a man and an ethereal spirit opened in Paris, popularizing dancing en pointe and launching Romantic ballet. A ballerina in a white tulle skirt rising onto pointed toes in a moonlit forest set, gauzy wings attached at her shoulders. No text, no dates, no numbers, no labels, no borders, no watermarks.",,
guano-boom-fertilizer-trade,"Search the web for reference artworks and historical records of ""Guano Boom Begins"" (1840). Study the 19th-century Peruvian guano islands, sailing ships and mining tools of this period.","A dramatic chiaroscuro oil painting. 1:1 square composition optimized for small screen viewing. One dominant focal subject filling most of the frame. Strong silhouettes, high contrast. Guano Boom Begins — Britain began importing nitrogen rich Peruvian guano by the shipload, launching an industrial fertilizer trade that lifted European yields. Laborers' hands shoveling pale guano into sacks on a coastal cliff, tall ships anchored offshore waiting to load. No text, no dates, no numbers, no labels, no borders, no watermarks.",,
settlers-found-wellington,"Search the web for reference artworks and historical records of ""Settlers Found Wellington"" (1840). Study the 1840s New Zealand Company colonial settlement and harbor landing of this period.","A dramatic chiaroscuro oil painting. 1:1 square composition optimized for small screen viewing. One dominant focal subject filling most of the frame. Strong silhouettes, high contrast. Settlers Found Wellington — New Zealand Company colonists landed at Port Nicholson and founded a settlement that became Wellington. Colonists rowing ashore from a tall ship into a forested harbor, crates and tools piled on the beach. No text, no dates, no numbers, no labels, no borders, no watermarks.",,
giselle-premieres,"Search the web for reference artworks and historical records of ""Giselle Premieres in Paris"" (1841). Study the Romantic ballet corps costume, veiled tutus and moonlit forest stage sets at the Paris Opera of this period.","A dramatic chiaroscuro oil painting. 1:1 square composition optimized for small screen viewing. One dominant focal subject filling most of the frame. Strong silhouettes, high contrast. Giselle Premieres in Paris — A ballet about a peasant girl who dies of heartbreak and returns as a spirit opened at the Paris Opera, becoming a Romantic ballet cornerstone. A line of ballerinas in white Romantic tutus and veils gliding across a moonlit stage set of a forest clearing. No text, no dates, no numbers, no labels, no borders, no watermarks.",,
great-fire-of-hamburg,"Search the web for reference artworks and historical records of ""Great Fire of Hamburg"" (1842). Study the Early Victorian-era Hamburg merchant district, canals, church spires and period dress of this period.","A dramatic chiaroscuro oil painting. 1:1 square composition optimized for small screen viewing. One dominant focal subject filling most of the frame. Strong silhouettes, high contrast. Great Fire of Hamburg — A fire raged for four days through the old centre of the German port, leaving about 20,000 people homeless and prompting a modern rebuild. Flames reflected in a canal as smoke engulfs tall merchant houses and a church spire, boats crowded with rescued goods. No text, no dates, no numbers, no labels, no borders, no watermarks.",,
croton-aqueduct-opens,"Search the web for reference artworks and historical records of ""Croton Aqueduct Opens"" (1842). Study the 19th century American masonry work and aqueduct construction dress of this period.","A dramatic chiaroscuro oil painting. 1:1 square composition optimized for small screen viewing. One dominant focal subject filling most of the frame. Strong silhouettes, high contrast. Croton Aqueduct Opens — New York City opened a long masonry aqueduct carrying river water dozens of kilometers south into Manhattan. Workmen setting brick into a curved masonry aqueduct tunnel, a survey lantern hanging from the arched ceiling. No text, no dates, no numbers, no labels, no borders, no watermarks.",,
lovelace-publishes-algorithm,"Search the web for reference artworks and historical records of ""Lovelace Publishes an Algorithm"" (1843). Study the 19th century English writing desks, mechanical calculating engines and mathematical notation of this period.","A dramatic chiaroscuro oil painting. 1:1 square composition optimized for small screen viewing. One dominant focal subject filling most of the frame. Strong silhouettes, high contrast. Lovelace Publishes an Algorithm — Ada Lovelace published notes describing steps for Babbage's Analytical Engine, seen as the first published computer program. A hand annotating a page of numbered steps beside a diagram of a large geared calculating machine on a desk. No text, no dates, no numbers, no labels, no borders, no watermarks.",,
rattler-beats-alecto,"Search the web for reference artworks and historical records of ""Rattler Beats Alecto"" (1845). Study the 1840s Royal Navy steamships, screw propellers and paddle wheel engineering of this period.","A dramatic chiaroscuro oil painting. 1:1 square composition optimized for small screen viewing. One dominant focal subject filling most of the frame. Strong silhouettes, high contrast. Rattler Beats Alecto — The Royal Navy tied screw driven HMS Rattler stern to stern with paddle steamer Alecto, and Rattler towed her rival backward with ease. Two steamships lashed stern to stern in open water, one with a paddle wheel churning uselessly as the other pulls ahead. No text, no dates, no numbers, no labels, no borders, no watermarks.",,
corn-laws-repealed-britain,"Search the web for reference artworks and historical records of ""Corn Laws Repealed"" (1846). Study the 1840s British Parliament interior, dress and dockside grain imports of this period.","A dramatic chiaroscuro oil painting. 1:1 square composition optimized for small screen viewing. One dominant focal subject filling most of the frame. Strong silhouettes, high contrast. Corn Laws Repealed — Britain scrapped tariffs on imported grain, a free trade response to famine that reshaped food policy for a century. Dockworkers unloading sacks of imported grain from a ship's hold onto a busy London quay. No text, no dates, no numbers, no labels, no borders, no watermarks.",,
treaty-of-guadalupe-hidalgo,"Search the web for reference artworks and historical records of ""Treaty of Guadalupe Hidalgo"" (1848). Study the 1840s Mexican and American diplomatic dress and the mission building interior where the treaty was signed of this period.","A dramatic chiaroscuro oil painting. 1:1 square composition optimized for small screen viewing. One dominant focal subject filling most of the frame. Strong silhouettes, high contrast. Treaty of Guadalupe Hidalgo — Mexico ceded vast northern territories to the United States, closing a war fought over the disputed Texas border. American and Mexican commissioners signing papers at a plain wooden table inside a mission's stone-walled room, a map of the border unrolled nearby. No text, no dates, no numbers, no labels, no borders, no watermarks.",,
spain-storms-balanguingui,"Search the web for reference artworks and historical records of ""Spain Storms Balanguingui"" (1848). Study the 1840s Spanish colonial naval vessels and Sulu Sea fortified island stockades of this period.","A dramatic chiaroscuro oil painting. 1:1 square composition optimized for small screen viewing. One dominant focal subject filling most of the frame. Strong silhouettes, high contrast. Spain Storms Balanguingui — A Spanish naval expedition stormed the fortified island of Balanguingui in the Sulu Sea, destroying a stronghold used by raiders to prey on shipping. Steam powered gunboats shelling a low wooden island stockade while landing parties row toward the beach. No text, no dates, no numbers, no labels, no borders, no watermarks.",,
blackwell-earns-medical-degree,"Search the web for reference artworks and historical records of ""Blackwell Earns a Medical Degree"" (1849). Study the mid 19th century American medical college interiors, graduation dress and diplomas of this period.","A dramatic chiaroscuro oil painting. 1:1 square composition optimized for small screen viewing. One dominant focal subject filling most of the frame. Strong silhouettes, high contrast. Blackwell Earns a Medical Degree — Elizabeth Blackwell graduated from Geneva Medical College, becoming the first woman to earn a medical degree in the country. A hand receiving a rolled diploma tied with ribbon in a wood paneled lecture hall, gowned graduates seated behind. No text, no dates, no numbers, no labels, no borders, no watermarks.",,
flying-cloud-record-run,"Search the web for reference artworks and historical records of ""Flying Cloud's Record Run"" (1851). Study the 1850s American clipper ship construction and Cape Horn sailing conditions of this period.","A dramatic chiaroscuro oil painting. 1:1 square composition optimized for small screen viewing. One dominant focal subject filling most of the frame. Strong silhouettes, high contrast. Flying Cloud's Record Run — The clipper Flying Cloud sailed from New York to San Francisco around Cape Horn in under ninety days, a speed record that stood for a century. A sleek clipper ship under full sail heeling hard through rough seas, spray bursting over its sharp bow. No text, no dates, no numbers, no labels, no borders, no watermarks.",,
cayley-coachman-flight,"Search the web for reference artworks and historical records of ""Cayley's Glider Carries a Man"" (1853). Study the 1850s English glider design, period coachman's dress and a Yorkshire valley of this period.","A dramatic chiaroscuro oil painting. 1:1 square composition optimized for small screen viewing. One dominant focal subject filling most of the frame. Strong silhouettes, high contrast. Cayley's Glider Carries a Man — George Cayley's coachman was carried across a Yorkshire valley in Cayley's glider, the first adult flown in such a craft. A liveried coachman gripping the frame of a fixed-wing glider as it glides low across a grassy valley. No text, no dates, no numbers, no labels, no borders, no watermarks.",,
la-traviata-premieres,"Search the web for reference artworks and historical records of ""La Traviata Premieres"" (1853). Study the mid-19th-century Parisian salon interiors and courtesan fashion of the Verdi opera's setting of this period.","A dramatic chiaroscuro oil painting. 1:1 square composition optimized for small screen viewing. One dominant focal subject filling most of the frame. Strong silhouettes, high contrast. La Traviata Premieres — Verdi's opera about a courtesan's doomed love premiered in Venice, an initial flop that grew into one of the most performed operas ever staged. A soprano in an elegant gown reclining on a chaise in a candlelit Parisian salon set, a glass of wine on a side table. No text, no dates, no numbers, no labels, no borders, no watermarks.",,
great-gold-robbery,"Search the web for reference artworks and historical records of ""The Great Gold Robbery"" (1855). Study the 1850s railway mail carriages, Victorian dress, and iron strongboxes of this period.","A dramatic chiaroscuro oil painting. 1:1 square composition optimized for small screen viewing. One dominant focal subject filling most of the frame. Strong silhouettes, high contrast. The Great Gold Robbery — Thieves used copied keys to swap gold bullion for lead shot aboard a cross-Channel mail train running between London and Paris. A gloved hand swapping a gold bar for a lead bar inside an open iron safe aboard a swaying railway carriage. No text, no dates, no numbers, no labels, no borders, no watermarks.",,
siege-of-sevastopol,"Search the web for reference artworks and historical records of ""Siege of Sevastopol"" (1855). Study the Crimean War trench warfare, naval bombardment, and the fortifications of Sevastopol of this period.","A dramatic chiaroscuro oil painting. 1:1 square composition optimized for small screen viewing. One dominant focal subject filling most of the frame. Strong silhouettes, high contrast. Siege of Sevastopol — Allied forces besieged the fortified Russian naval base for nearly a year, marked by grinding trench warfare and heavy losses. Soldiers hunched in a muddy trench line facing an entrenched fortress town under naval bombardment smoke. No text, no dates, no numbers, no labels, no borders, no watermarks.",,
treaty-of-paris-crimean-war,"Search the web for reference artworks and historical records of ""Treaty of Paris (Crimean War)"" (1856). Study the 1850s Russian, French, British and Ottoman diplomatic dress and mid-century Parisian congress halls of this period.","A dramatic chiaroscuro oil painting. 1:1 square composition optimized for small screen viewing. One dominant focal subject filling most of the frame. Strong silhouettes, high contrast. Treaty of Paris (Crimean War) — Russia and the allied powers signed terms closing their war over the Black Sea, which the treaty declared neutral waters. Delegations in dark formal coats seated around an oval table in a gilded Parisian hall, a large chart of the Black Sea coastline on an easel. No text, no dates, no numbers, no labels, no borders, no watermarks.",,
miners-found-kuala-lumpur,"Search the web for reference artworks and historical records of ""Miners Found Kuala Lumpur"" (1857). Study the 1850s Chinese tin-mining prospectors in the Malay jungle of this period.","A dramatic chiaroscuro oil painting. 1:1 square composition optimized for small screen viewing. One dominant focal subject filling most of the frame. Strong silhouettes, high contrast. Miners Found Kuala Lumpur — Tin prospectors established a trading post at a muddy river confluence they named Kuala Lumpur. Prospectors panning for tin ore at a muddy river confluence, jungle crowding the banks. No text, no dates, no numbers, no labels, no borders, no watermarks.",,
french-ironclad-gloire,"Search the web for reference artworks and historical records of ""French Ironclad Gloire"" (1859). Study the 1850s French naval shipyards, iron plating fixed over wooden hulls of this period.","A dramatic chiaroscuro oil painting. 1:1 square composition optimized for small screen viewing. One dominant focal subject filling most of the frame. Strong silhouettes, high contrast. French Ironclad Gloire — France launched Gloire, an iron armored wooden warship that instantly made every unarmored wooden battle fleet in the world obsolete. Workers bolting thick iron plates onto the wooden side of a warship hull in a busy dockyard. No text, no dates, no numbers, no labels, no borders, no watermarks.",,
first-formal-dog-show,"Search the web for reference artworks and historical records of ""First Formal Dog Show Held"" (1859). Study the mid-Victorian dress and dog-show conformation judging setups of this period.","A dramatic chiaroscuro oil painting. 1:1 square composition optimized for small screen viewing. One dominant focal subject filling most of the frame. Strong silhouettes, high contrast. First Formal Dog Show Held — Newcastle upon Tyne hosted what is regarded as the first organized conformation show for dogs. A judge in Victorian dress running a hand along a standing dog's back while handlers wait with their own dogs nearby. No text, no dates, no numbers, no labels, no borders, no watermarks.",,
hms-warrior-launches,"Search the web for reference artworks and historical records of ""HMS Warrior Launches"" (1860). Study the 1860s British ironclad construction, riveted iron hull plating of this period.","A dramatic chiaroscuro oil painting. 1:1 square composition optimized for small screen viewing. One dominant focal subject filling most of the frame. Strong silhouettes, high contrast. HMS Warrior Launches — Britain answered Gloire with Warrior, the first warship built entirely of iron rather than iron clad wood, starting a naval arms race. Riveters hammering iron hull plates into place along the flank of a long black warship in a dry dock. No text, no dates, no numbers, no labels, no borders, no watermarks.",,
vassar-college-founded,"Search the web for reference artworks and historical records of ""Vassar College Founded"" (1861). Study the 1860s upstate New York dress, founding of a women's college campus of this period.","A dramatic chiaroscuro oil painting. 1:1 square composition optimized for small screen viewing. One dominant focal subject filling most of the frame. Strong silhouettes, high contrast. Vassar College Founded — Brewer Matthew Vassar chartered a college in New York dedicated to educating women to the same standard as men. Matthew Vassar's hand pointing at architectural drawings of a college building spread across a desk. No text, no dates, no numbers, no labels, no borders, no watermarks.",,
siege-of-vicksburg,"Search the web for reference artworks and historical records of ""Siege of Vicksburg"" (1863). Study the American Civil War siege lines and the bluffs overlooking the Mississippi River at Vicksburg of this period.","A dramatic chiaroscuro oil painting. 1:1 square composition optimized for small screen viewing. One dominant focal subject filling most of the frame. Strong silhouettes, high contrast. Siege of Vicksburg — Union forces besieged the fortified river city for weeks, forcing its surrender and giving the North control of the river. Soldiers dug into a hillside trench above a wide river, cannon smoke rising over a distant fortified river town. No text, no dates, no numbers, no labels, no borders, no watermarks.",,
burning-of-atlanta,"Search the web for reference artworks and historical records of ""Burning of Atlanta"" (1864). Study the American Civil War era Atlanta rail depot architecture and Union Army dress of this period.","A dramatic chiaroscuro oil painting. 1:1 square composition optimized for small screen viewing. One dominant focal subject filling most of the frame. Strong silhouettes, high contrast. Burning of Atlanta — Retreating Confederate forces and then advancing Union troops set fires that destroyed much of Atlanta's rail yards and industry. Soldiers setting fire to a rail depot's wooden freight cars and warehouses, smoke rising over a skyline of damaged brick buildings. No text, no dates, no numbers, no labels, no borders, no watermarks.",,
first-ascent-matterhorn,"Search the web for reference artworks and historical records of ""First Ascent of the Matterhorn"" (1865). Study the Victorian-era mountaineering dress and the distinctive pyramidal rock and ice of the Matterhorn of this period.","A dramatic chiaroscuro oil painting. 1:1 square composition optimized for small screen viewing. One dominant focal subject filling most of the frame. Strong silhouettes, high contrast. First Ascent of the Matterhorn — Edward Whymper led the first successful climb of the Matterhorn, one of the last great Alpine peaks to fall. Roped climbers in tweed jackets pick their way along a narrow, ice-glazed rock arete with the Matterhorn's sheer face falling away beside them. No text, no dates, no numbers, no labels, no borders, no watermarks.",,
cornell-university-founded,"Search the web for reference artworks and historical records of ""Cornell University Founded"" (1865). Study the 1860s Ithaca, New York landscape and founders' dress of this period.","A dramatic chiaroscuro oil painting. 1:1 square composition optimized for small screen viewing. One dominant focal subject filling most of the frame. Strong silhouettes, high contrast. Cornell University Founded — Ezra Cornell and Andrew Dickson White founded a university in Ithaca open to any student regardless of background. Two founders' hands shaking over a survey map of a hillside campus above a gorge. No text, no dates, no numbers, no labels, no borders, no watermarks.",,
peace-of-prague,"Search the web for reference artworks and historical records of ""Peace of Prague"" (1866). Study the 1860s Austrian and Prussian military and diplomatic dress, Prague palace interiors of this period.","A dramatic chiaroscuro oil painting. 1:1 square composition optimized for small screen viewing. One dominant focal subject filling most of the frame. Strong silhouettes, high contrast. Peace of Prague — Austria and Prussia signed terms closing their brief war, with Prussia absorbing several German states into its orbit. An Austrian and a Prussian official exchanging signed papers across a desk in a high-ceilinged Prague palace room, a map of German states pinned behind them. No text, no dates, no numbers, no labels, no borders, no watermarks.",,
cutty-sark-launches,"Search the web for reference artworks and historical records of ""Cutty Sark Launches"" (1869). Study the 1860s Scottish clipper shipyards on the Clyde, tea trade rigging of this period.","A dramatic chiaroscuro oil painting. 1:1 square composition optimized for small screen viewing. One dominant focal subject filling most of the frame. Strong silhouettes, high contrast. Cutty Sark Launches — The tea clipper Cutty Sark launched on the Clyde, one of the fastest sailing ships ever built just as steam was making clippers obsolete. A newly launched clipper ship sliding down timber slipways into the river, its bare masts not yet rigged. No text, no dates, no numbers, no labels, no borders, no watermarks.",,
prussian-siege-of-paris,"Search the web for reference artworks and historical records of ""Prussian Siege of Paris"" (1871). Study the Franco-Prussian War siege guns and the fortifications ringing nineteenth century Paris of this period.","A dramatic chiaroscuro oil painting. 1:1 square composition optimized for small screen viewing. One dominant focal subject filling most of the frame. Strong silhouettes, high contrast. Prussian Siege of Paris — Prussian forces encircled and bombarded the French capital for months, starving its residents into surrender during a war with Germany. Prussian gun crews loading heavy siege artillery on a hillside overlooking a distant fog wrapped city skyline. No text, no dates, no numbers, no labels, no borders, no watermarks.",,
buda-pest-obuda-unite-budapest,"Search the web for reference artworks and historical records of ""Buda and Pest Unite"" (1873). Study the 1870s Austro-Hungarian civic administration and riverside city views of Buda and Pest of this period.","A dramatic chiaroscuro oil painting. 1:1 square composition optimized for small screen viewing. One dominant focal subject filling most of the frame. Strong silhouettes, high contrast. Buda and Pest Unite — Buda, Pest and Obuda formally merged under a single administration to form the city of Budapest. Officials shaking hands over a shared table with two riverside cityscapes visible through a window behind them. No text, no dates, no numbers, no labels, no borders, no watermarks.",,
kennel-club-founded-britain,"Search the web for reference artworks and historical records of ""The Kennel Club Is Founded"" (1873). Study the 1870s London gentlemen's club interiors and dress, dog breed standard documents of this period.","A dramatic chiaroscuro oil painting. 1:1 square composition optimized for small screen viewing. One dominant focal subject filling most of the frame. Strong silhouettes, high contrast. The Kennel Club Is Founded — Britain formed the world's first kennel club to standardize dog breeds and keep a breed registry. Gentlemen in Victorian dress gathered around a table comparing dogs against a posted breed standard chart. No text, no dates, no numbers, no labels, no borders, no watermarks.",,
parmelee-automatic-sprinkler,"Search the web for reference artworks and historical records of ""Automatic Fire Sprinkler"" (1874). Study the 1870s American factory interiors, early sprinkler head design and piping of this period.","A dramatic chiaroscuro oil painting. 1:1 square composition optimized for small screen viewing. One dominant focal subject filling most of the frame. Strong silhouettes, high contrast. Automatic Fire Sprinkler — Piano maker Henry Parmelee patented the first practical automatic sprinkler head, designed to protect his own factory. An inventor's hands fitting a perforated brass sprinkler head to an overhead pipe in a wood-floored factory workshop. No text, no dates, no numbers, no labels, no borders, no watermarks.",,
st-nicholas-church-hamburg,"Search the web for reference artworks and historical records of ""St. Nicholas Church, Hamburg"" (1874). Study the 19th-century Hamburg neo-Gothic architecture and the rebuilt St. Nicholas Church of this period.","A dramatic chiaroscuro oil painting. 1:1 square composition optimized for small screen viewing. One dominant focal subject filling most of the frame. Strong silhouettes, high contrast. St. Nicholas Church, Hamburg — A soaring new spire completed on St. Nicholas Church in Hamburg made it the tallest building anywhere in the world. Scaffolders working near the top of a slender brick and stone neo-Gothic spire, the Hamburg harbor visible in the distance. No text, no dates, no numbers, no labels, no borders, no watermarks.",,
great-famine-british-india,"Search the web for reference artworks and historical records of ""Great Famine of British India"" (1876). Study the 1870s South Indian rural dress, drought landscape and colonial-era relief camps of this period.","A dramatic chiaroscuro oil painting. 1:1 square composition optimized for small screen viewing. One dominant focal subject filling most of the frame. Strong silhouettes, high contrast. Great Famine of British India — A severe monsoon failure tied to a harsh El Nino triggered mass starvation across British ruled India, killing millions. A line of villagers with empty baskets waiting beside a dry irrigation channel under a punishing sun. No text, no dates, no numbers, no labels, no borders, no watermarks.",,
johns-hopkins-founded,"Search the web for reference artworks and historical records of ""Johns Hopkins Founded"" (1876). Study the 1870s Baltimore merchant dress and early research university interiors of this period.","A dramatic chiaroscuro oil painting. 1:1 square composition optimized for small screen viewing. One dominant focal subject filling most of the frame. Strong silhouettes, high contrast. Johns Hopkins Founded — A bequest from a Baltimore merchant founded a university modeled on German research institutions, reshaping American higher education. A lawyer's hands presenting a bound bequest document across a desk to university trustees. No text, no dates, no numbers, no labels, no borders, no watermarks.",,
rouen-cathedral-iron-spire,"Search the web for reference artworks and historical records of ""Rouen Cathedral's Iron Spire"" (1876). Study the 19th-century French ironwork and the cast iron spire raised over Rouen Cathedral of this period.","A dramatic chiaroscuro oil painting. 1:1 square composition optimized for small screen viewing. One dominant focal subject filling most of the frame. Strong silhouettes, high contrast. Rouen Cathedral's Iron Spire — A new cast iron spire completed atop Rouen Cathedral in France briefly made it the tallest building in the world. Ironworkers bolting the final lattice section of a slender cast iron spire above a Gothic cathedral roof. No text, no dates, no numbers, no labels, no borders, no watermarks.",,
dolls-house-premieres,"Search the web for reference artworks and historical records of ""A Doll's House Premieres"" (1879). Study the 1870s Scandinavian bourgeois interiors and dress for Ibsen's realist drawing-room drama of this period.","A dramatic chiaroscuro oil painting. 1:1 square composition optimized for small screen viewing. One dominant focal subject filling most of the frame. Strong silhouettes, high contrast. A Doll's House Premieres — Ibsen's play about a wife who walks out on her marriage and children premiered in Copenhagen, launching modern realist stage drama. A woman in a modest dress standing at an open front door of a drawing-room set, a small suitcase in hand and a Christmas tree visible behind her. No text, no dates, no numbers, no labels, no borders, no watermarks.",,
indian-famine-codes-adopted,"Search the web for reference artworks and historical records of ""Indian Famine Codes Adopted"" (1880). Study the British colonial administrative offices in 1880s India, dress and relief-works construction sites of this period.","A dramatic chiaroscuro oil painting. 1:1 square composition optimized for small screen viewing. One dominant focal subject filling most of the frame. Strong silhouettes, high contrast. Indian Famine Codes Adopted — Colonial administrators drafted the first systematic famine code, setting relief work obligations and early triggers for aid. A colonial clerk's hands stamping a ledger of relief-work rolls, laborers breaking stone on a road-building project outside the window. No text, no dates, no numbers, no labels, no borders, no watermarks.",,
cologne-cathedral-completed,"Search the web for reference artworks and historical records of ""Cologne Cathedral Finished"" (1880). Study the 19th-century completion of Cologne Cathedral, its twin spires and construction cranes of this period.","A dramatic chiaroscuro oil painting. 1:1 square composition optimized for small screen viewing. One dominant focal subject filling most of the frame. Strong silhouettes, high contrast. Cologne Cathedral Finished — After more than six centuries of work, Cologne Cathedral was finished and became the tallest building on Earth, the last church to hold the title. Workers removing the last wooden scaffolding from a towering twin spired cathedral as crowds gather in the square below. No text, no dates, no numbers, no labels, no borders, no watermarks.",,
washington-monument-completed,"Search the web for reference artworks and historical records of ""Washington Monument Finished"" (1884). Study the 19th-century Washington D.C. construction, the marble obelisk and its capstone ceremony of this period.","A dramatic chiaroscuro oil painting. 1:1 square composition optimized for small screen viewing. One dominant focal subject filling most of the frame. Strong silhouettes, high contrast. Washington Monument Finished — The obelisk honoring George Washington was completed in the capital, becoming the tallest structure on Earth and the first secular one to hold it. Workers guiding a small aluminum capstone into place atop a tall white marble obelisk against a clear sky. No text, no dates, no numbers, no labels, no borders, no watermarks.",,
stanford-university-founded,"Search the web for reference artworks and historical records of ""Stanford University Founded"" (1885). Study the 1880s California ranch architecture and the Stanford family's mourning dress of this period.","A dramatic chiaroscuro oil painting. 1:1 square composition optimized for small screen viewing. One dominant focal subject filling most of the frame. Strong silhouettes, high contrast. Stanford University Founded — A railroad magnate and his wife founded a university in California in memory of their son, who died young. A couple's hands holding a framed portrait of their son beside architectural plans for a sandstone quadrangle. No text, no dates, no numbers, no labels, no borders, no watermarks.",,
siege-of-khartoum,"Search the web for reference artworks and historical records of ""Siege of Khartoum"" (1885). Study the Mahdist and Anglo-Egyptian forces, and the riverside fortifications of nineteenth century Khartoum of this period.","A dramatic chiaroscuro oil painting. 1:1 square composition optimized for small screen viewing. One dominant focal subject filling most of the frame. Strong silhouettes, high contrast. Siege of Khartoum — Mahdist forces besieged the Sudanese capital for months, storming its defenses and killing the British general just before help arrived. Riders massing on a riverbank below a walled compound as smoke rises from a besieged colonial garrison. No text, no dates, no numbers, no labels, no borders, no watermarks.",,
menelik-founds-addis-ababa,"Search the web for reference artworks and historical records of ""Menelik Founds Addis Ababa"" (1886). Study the 1880s Ethiopian imperial court dress and the hot springs near Entoto of this period.","A dramatic chiaroscuro oil painting. 1:1 square composition optimized for small screen viewing. One dominant focal subject filling most of the frame. Strong silhouettes, high contrast. Menelik Founds Addis Ababa — Emperor Menelik II settled near hot springs he and Empress Taytu named Addis Ababa, meaning new flower. An Ethiopian empress standing at the door of a royal tent, gesturing toward steaming hot springs on a hillside. No text, no dates, no numbers, no labels, no borders, no watermarks.",,
nansen-crosses-greenland-icecap,"Search the web for reference artworks and historical records of ""Nansen Crosses Greenland's Icecap"" (1888). Study the 1880s polar ski expedition gear and the featureless white expanse of the Greenland ice sheet of this period.","A dramatic chiaroscuro oil painting. 1:1 square composition optimized for small screen viewing. One dominant focal subject filling most of the frame. Strong silhouettes, high contrast. Nansen Crosses Greenland's Icecap — Fridtjof Nansen led the first crossing of the Greenland ice sheet, skiing coast to coast through its unmapped interior. A skier in dark wool hauls a wooden sledge across a vast, featureless white icecap under a low sun, ski tracks trailing behind. No text, no dates, no numbers, no labels, no borders, no watermarks.",,
first-ascent-kilimanjaro,"Search the web for reference artworks and historical records of ""First Ascent of Kilimanjaro"" (1889). Study the 1880s East African expedition dress and the glaciated summit crater of Kilimanjaro of this period.","A dramatic chiaroscuro oil painting. 1:1 square composition optimized for small screen viewing. One dominant focal subject filling most of the frame. Strong silhouettes, high contrast. First Ascent of Kilimanjaro — Hans Meyer and Ludwig Purtscheller became the first climbers to reach the summit of Kilimanjaro, Africa's highest peak. Two climbers in canvas jackets stand at a snow-rimmed volcanic crater rim, dry savanna visible far below through thin cloud. No text, no dates, no numbers, no labels, no borders, no watermarks.",,
great-seattle-fire,"Search the web for reference artworks and historical records of ""Great Seattle Fire"" (1889). Study the 1880s Pacific Northwest frontier town architecture, cabinet workshop tools of this period.","A dramatic chiaroscuro oil painting. 1:1 square composition optimized for small screen viewing. One dominant focal subject filling most of the frame. Strong silhouettes, high contrast. Great Seattle Fire — An overturned glue pot in a cabinet shop ignited a blaze that destroyed Seattle's entire business district. A glue pot tipping over onto wood shavings in a cluttered cabinet shop, flames already catching on the workbench beside it. No text, no dates, no numbers, no labels, no borders, no watermarks.",,
ader-eole-liftoff,"Search the web for reference artworks and historical records of ""Ader's Eole Leaves the Ground"" (1890). Study the 1890s bat-winged steam aircraft design and rural French test grounds of this period.","A dramatic chiaroscuro oil painting. 1:1 square composition optimized for small screen viewing. One dominant focal subject filling most of the frame. Strong silhouettes, high contrast. Ader's Eole Leaves the Ground — Clement Ader's bat-winged, steam-powered Eole briefly lifted off the ground near Paris under its own power. A bat-winged steam-powered aircraft lifting just off a grass field, its pilot seated low in an open cockpit. No text, no dates, no numbers, no labels, no borders, no watermarks.",,
hms-havock-first-destroyer,"Search the web for reference artworks and historical records of ""HMS Havock, First Destroyer"" (1893). Study the 1890s Royal Navy torpedo boat destroyers, early steam turbine hulls of this period.","A dramatic chiaroscuro oil painting. 1:1 square composition optimized for small screen viewing. One dominant focal subject filling most of the frame. Strong silhouettes, high contrast. HMS Havock, First Destroyer — The Royal Navy commissioned Havock, a fast torpedo boat destroyer built to hunt down the small boats that threatened its capital ships. A low, narrow warship cutting a sharp white wake at speed, funnels trailing dark smoke astern. No text, no dates, no numbers, no labels, no borders, no watermarks.",,
old-hemp-border-collie-ancestor,"Search the web for reference artworks and historical records of ""Old Hemp Sires Border Collies"" (1893). Study the 1890s Northumberland shepherd dress, sheepfolds and working collie dogs of this period.","A dramatic chiaroscuro oil painting. 1:1 square composition optimized for small screen viewing. One dominant focal subject filling most of the frame. Strong silhouettes, high contrast. Old Hemp Sires Border Collies — A working sheepdog born in Northumberland became the ancestor of nearly every modern Border Collie. A shepherd whistling a low black and white collie around a huddled flock of sheep on a hillside. No text, no dates, no numbers, no labels, no borders, no watermarks.",,
first-landing-on-antarctica,"Search the web for reference artworks and historical records of ""First Landing on Antarctica"" (1895). Study the 1890s whaling-expedition dress and the rocky, ice-fringed shore of the Antarctic mainland of this period.","A dramatic chiaroscuro oil painting. 1:1 square composition optimized for small screen viewing. One dominant focal subject filling most of the frame. Strong silhouettes, high contrast. First Landing on Antarctica — A party from a Norwegian whaling ship, including Carsten Borchgrevink, made the first confirmed landing on the Antarctic mainland. A small rowing boat noses onto a black volcanic beach edged with ice, oilskin-clad men stepping ashore among penguins. No text, no dates, no numbers, no labels, no borders, no watermarks.",,
earnest-premieres-london,"Search the web for reference artworks and historical records of ""Earnest Premieres in London"" (1895). Study the 1890s Victorian drawing-room fashion and furnishings for a West End comedy of manners of this period.","A dramatic chiaroscuro oil painting. 1:1 square composition optimized for small screen viewing. One dominant focal subject filling most of the frame. Strong silhouettes, high contrast. Earnest Premieres in London — Oscar Wilde's comedy of mistaken identities and double lives opened in London to great acclaim just before his public disgrace began. Two actors in formal Victorian dress exchanging calling cards over tea in an ornate drawing-room set, sandwiches laid out on a tray. No text, no dates, no numbers, no labels, no borders, no watermarks.",,
nfpa-founded,"Search the web for reference artworks and historical records of ""NFPA Founded"" (1896). Study the late Victorian American insurance office interiors, engineering drawings of sprinkler standards of this period.","A dramatic chiaroscuro oil painting. 1:1 square composition optimized for small screen viewing. One dominant focal subject filling most of the frame. Strong silhouettes, high contrast. NFPA Founded — American insurers and engineers founded the National Fire Protection Association to standardize sprinklers and fire safety codes. Men in dark suits gathered around a table studying a sprinkler system diagram, ledgers and rolled blueprints stacked nearby. No text, no dates, no numbers, no labels, no borders, no watermarks.",,
rehn-sutures-heart-wound,"Search the web for reference artworks and historical records of ""Rehn Sutures a Heart Wound"" (1896). Study the 1890s German operating theatre, instruments and surgical dress of this period.","A dramatic chiaroscuro oil painting. 1:1 square composition optimized for small screen viewing. One dominant focal subject filling most of the frame. Strong silhouettes, high contrast. Rehn Sutures a Heart Wound — A Frankfurt surgeon closed a stab wound to a patient's heart with sutures, the first successful operation performed on the organ itself. Gloved hands threading a curved needle beside a tray of gleaming forceps and clamps under a hanging surgical lamp. No text, no dates, no numbers, no labels, no borders, no watermarks.",,
first-ascent-aconcagua,"Search the web for reference artworks and historical records of ""First Ascent of Aconcagua"" (1897). Study the 1890s Andean mountaineering dress and the arid, scree-covered slopes of Aconcagua of this period.","A dramatic chiaroscuro oil painting. 1:1 square composition optimized for small screen viewing. One dominant focal subject filling most of the frame. Strong silhouettes, high contrast. First Ascent of Aconcagua — Matthias Zurbriggen became the first person to reach the summit of Aconcagua, the highest peak in the Americas. A lone climber in a wide-brimmed hat and wool layers stands on a barren, rocky summit ridge under a deep blue sky. No text, no dates, no numbers, no labels, no borders, no watermarks.",,
turbinia-storms-spithead,"Search the web for reference artworks and historical records of ""Turbinia Storms Spithead"" (1897). Study the Charles Parsons' Turbinia and 1890s Royal Navy fleet reviews of this period.","A dramatic chiaroscuro oil painting. 1:1 square composition optimized for small screen viewing. One dominant focal subject filling most of the frame. Strong silhouettes, high contrast. Turbinia Storms Spithead — Charles Parsons raced his steam turbine yacht uninvited through a Royal Navy fleet review, outrunning every escort sent to stop him. A small, sleek steam yacht racing past a line of anchored warships, throwing up a long plume of spray behind it. No text, no dates, no numbers, no labels, no borders, no watermarks.",,
belgica-overwinters-antarctica,"Search the web for reference artworks and historical records of ""Belgica Overwinters in Antarctica"" (1898). Study the 1890s polar ship interiors and the pack ice that trapped the Belgica of this period.","A dramatic chiaroscuro oil painting. 1:1 square composition optimized for small screen viewing. One dominant focal subject filling most of the frame. Strong silhouettes, high contrast. Belgica Overwinters in Antarctica — Trapped in pack ice, the crew of the ship Belgica became the first people to survive a winter in Antarctic waters. A wooden ship sits frozen fast in a field of pack ice under a twilight sky, lantern light glowing from its portholes. No text, no dates, no numbers, no labels, no borders, no watermarks.",,
stanislavski-seagull-triumph,"Search the web for reference artworks and historical records of ""Stanislavski's Seagull Triumphs"" (1898). Study the Moscow Art Theatre naturalistic staging, plain rural Russian costume and lamplit interiors of this period.","A dramatic chiaroscuro oil painting. 1:1 square composition optimized for small screen viewing. One dominant focal subject filling most of the frame. Strong silhouettes, high contrast. Stanislavski's Seagull Triumphs — A Moscow production of Chekhov's play succeeded where an earlier staging had flopped, establishing a naturalistic method of stage acting. Actors in plain country clothes gathered on a naturalistic lakeside set built indoors, a hanging oil lamp lighting worn wooden furniture. No text, no dates, no numbers, no labels, no borders, no watermarks.",,
railway-depot-becomes-nairobi,"Search the web for reference artworks and historical records of ""Railway Depot Becomes Nairobi"" (1899). Study the 1890s Uganda Railway construction camps in British East Africa of this period.","A dramatic chiaroscuro oil painting. 1:1 square composition optimized for small screen viewing. One dominant focal subject filling most of the frame. Strong silhouettes, high contrast. Railway Depot Becomes Nairobi — Builders of the Uganda Railway established a supply depot at a swampy watering hole that became Nairobi. Railway workers driving a supply depot's first tent pegs into the ground beside a stretch of newly laid track. No text, no dates, no numbers, no labels, no borders, no watermarks.",,
uss-holland-commissioned,"Search the web for reference artworks and historical records of ""USS Holland Commissioned"" (1900). Study the early 1900s American submarine construction and control rooms of this period.","A dramatic chiaroscuro oil painting. 1:1 square composition optimized for small screen viewing. One dominant focal subject filling most of the frame. Strong silhouettes, high contrast. USS Holland Commissioned — The US Navy commissioned Holland, its first submarine, pairing an electric motor for running underwater with a gasoline engine on the surface. Sailors crouched inside a cramped submarine hull, hands on brass valves and gauges beside a periscope shaft. No text, no dates, no numbers, no labels, no borders, no watermarks.",,
siege-of-mafeking,"Search the web for reference artworks and historical records of ""Siege of Mafeking"" (1900). Study the Second Boer War trenches and the small garrison town defenses of Mafeking of this period.","A dramatic chiaroscuro oil painting. 1:1 square composition optimized for small screen viewing. One dominant focal subject filling most of the frame. Strong silhouettes, high contrast. Siege of Mafeking — Boer forces besieged the small British garrison town for over two hundred days until a relief column finally broke through. A small garrison manning a sandbagged trench line ringing a dusty frontier town under a wide veld sky. No text, no dates, no numbers, no labels, no borders, no watermarks.",,
chicago-river-reversal,"Search the web for reference artworks and historical records of ""Chicago Reverses Its River"" (1900). Study the 1900s American canal excavation dress and heavy earthmoving equipment of this period.","A dramatic chiaroscuro oil painting. 1:1 square composition optimized for small screen viewing. One dominant focal subject filling most of the frame. Strong silhouettes, high contrast. Chicago Reverses Its River — A new sanitary and ship canal reversed a city river's flow, sending Chicago's sewage away from its drinking water source. Steam shovels and laborers cutting through rock along a wide new canal channel, dredged earth piled high on the bank. No text, no dates, no numbers, no labels, no borders, no watermarks.",,
curie-wins-nobel-prize,"Search the web for reference artworks and historical records of ""Curie Wins a Nobel Prize"" (1903). Study the early 20th century physics laboratory glassware and Stockholm award ceremony dress of this period.","A dramatic chiaroscuro oil painting. 1:1 square composition optimized for small screen viewing. One dominant focal subject filling most of the frame. Strong silhouettes, high contrast. Curie Wins a Nobel Prize — Marie Curie shared the Nobel Prize in Physics for work on radioactivity, becoming the first woman awarded a Nobel Prize. A scientist's hands holding a glowing vial in a dim laboratory, notebooks and glass apparatus covering the bench. No text, no dates, no numbers, no labels, no borders, no watermarks.",,
iroquois-theatre-fire,"Search the web for reference artworks and historical records of ""Iroquois Theatre Fire"" (1903). Study the early 1900s American theater interior architecture, stage curtains and gas lighting of this period.","A dramatic chiaroscuro oil painting. 1:1 square composition optimized for small screen viewing. One dominant focal subject filling most of the frame. Strong silhouettes, high contrast. Iroquois Theatre Fire — A stage fire killed hundreds of people packed into a Chicago theater, prompting sweeping reforms to fire safety codes nationwide. Flames racing up a heavy stage curtain toward the fly gallery, ornate theater boxes and empty seats visible below. No text, no dates, no numbers, no labels, no borders, no watermarks.",,
santos-dumont-14-bis,"Search the web for reference artworks and historical records of ""Santos-Dumont Flies in Paris"" (1906). Study the early 1900s boxy box-kite biplane design and a Paris park crowd of this period.","A dramatic chiaroscuro oil painting. 1:1 square composition optimized for small screen viewing. One dominant focal subject filling most of the frame. Strong silhouettes, high contrast. Santos-Dumont Flies in Paris — Alberto Santos-Dumont flew his boxy 14-bis before a crowd in Paris, the first publicly witnessed powered flight in Europe. A boxy box-kite biplane climbing just above a park lawn as a crowd in period dress watches from below. No text, no dates, no numbers, no labels, no borders, no watermarks.",,
hms-dreadnought-launches,"Search the web for reference artworks and historical records of ""HMS Dreadnought Launches"" (1906). Study the 1900s British battleship construction, turret guns and turbine machinery of this period.","A dramatic chiaroscuro oil painting. 1:1 square composition optimized for small screen viewing. One dominant focal subject filling most of the frame. Strong silhouettes, high contrast. HMS Dreadnought Launches — Britain launched Dreadnought, an all big gun, turbine powered battleship so advanced it made every earlier battleship obsolete overnight. A vast gray battleship's turrets and gun barrels viewed along its deck, sailors small figures beside them. No text, no dates, no numbers, no labels, no borders, no watermarks.",,
cornu-helicopter-hop,"Search the web for reference artworks and historical records of ""Cornu's Helicopter Hovers"" (1907). Study the 1900s twin-rotor helicopter frames and rural Normandy test sites of this period.","A dramatic chiaroscuro oil painting. 1:1 square composition optimized for small screen viewing. One dominant focal subject filling most of the frame. Strong silhouettes, high contrast. Cornu's Helicopter Hovers — Paul Cornu's twin-rotor machine lifted him briefly off the ground near Lisieux, the first free flight by a rotorcraft. A pilot seated in a spindly twin-rotor frame as it lifts a short distance off a grass field, rotors blurred overhead. No text, no dates, no numbers, no labels, no borders, no watermarks.",,
irish-crown-jewels-theft,"Search the web for reference artworks and historical records of ""Irish Crown Jewels Theft"" (1907). Study the Edwardian Dublin Castle strongroom interiors and early 1900s formal dress of this period.","A dramatic chiaroscuro oil painting. 1:1 square composition optimized for small screen viewing. One dominant focal subject filling most of the frame. Strong silhouettes, high contrast. Irish Crown Jewels Theft — The jeweled insignia of the Order of St Patrick vanished from a locked strongroom in Dublin Castle and was never recovered. An empty velvet-lined case lying open on a desk in a locked strongroom, a key still in the door behind it. No text, no dates, no numbers, no labels, no borders, no watermarks.",,
bleriot-channel-crossing,"Search the web for reference artworks and historical records of ""Bleriot Crosses the Channel"" (1909). Study the 1900s monoplane design and the White Cliffs of Dover coastline of this period.","A dramatic chiaroscuro oil painting. 1:1 square composition optimized for small screen viewing. One dominant focal subject filling most of the frame. Strong silhouettes, high contrast. Bleriot Crosses the Channel — Louis Bleriot flew a monoplane of his own design across the English Channel, a sensation across Europe. A slender monoplane crossing above open water toward distant white cliffs, its pilot exposed in an open cockpit. No text, no dates, no numbers, no labels, no borders, no watermarks.",,
george-v-announces-new-delhi,"Search the web for reference artworks and historical records of ""George V Announces New Delhi"" (1911). Study the 1911 Delhi Durbar pageantry and British imperial ceremonial dress of this period.","A dramatic chiaroscuro oil painting. 1:1 square composition optimized for small screen viewing. One dominant focal subject filling most of the frame. Strong silhouettes, high contrast. George V Announces New Delhi — At a grand ceremony called the Delhi Durbar, King George V announced that the capital would move to a new city. A crowned monarch seated on a raised dais before massed troops and banners at a grand outdoor ceremony. No text, no dates, no numbers, no labels, no borders, no watermarks.",,
mona-lisa-theft,"Search the web for reference artworks and historical records of ""Theft of the Mona Lisa"" (1911). Study the 1910s Louvre gallery interiors, workman's smock, and early 20th-century museum fittings of this period.","A dramatic chiaroscuro oil painting. 1:1 square composition optimized for small screen viewing. One dominant focal subject filling most of the frame. Strong silhouettes, high contrast. Theft of the Mona Lisa — A Louvre employee hid inside the museum overnight and walked out the next morning with Leonardo da Vinci's painting under his coat. A man in a workman's smock tucking a small framed panel painting under his coat in an empty museum stairwell. No text, no dates, no numbers, no labels, no borders, no watermarks.",,
quimby-channel-flight,"Search the web for reference artworks and historical records of ""Quimby Flies the Channel Solo"" (1912). Study the 1910s women's aviator dress and monoplane cockpits over the Channel of this period.","A dramatic chiaroscuro oil painting. 1:1 square composition optimized for small screen viewing. One dominant focal subject filling most of the frame. Strong silhouettes, high contrast. Quimby Flies the Channel Solo — Harriet Quimby, the first American woman to hold a pilot's license, flew solo across the English Channel. A woman in a purple satin flight suit and goggles piloting a monoplane low over a foggy stretch of sea. No text, no dates, no numbers, no labels, no borders, no watermarks.",,
first-ascent-denali,"Search the web for reference artworks and historical records of ""First Ascent of Denali"" (1913). Study the 1910s Alaskan mountaineering dress and the snow-mantled granite of Denali's summit of this period.","A dramatic chiaroscuro oil painting. 1:1 square composition optimized for small screen viewing. One dominant focal subject filling most of the frame. Strong silhouettes, high contrast. First Ascent of Denali — An expedition led by Hudson Stuck and guided by Walter Harper made the first confirmed ascent of Denali, North America's tallest peak. Two climbers in fur-trimmed parkas plant a small flag on a narrow snow summit, jagged peaks stretching to the horizon. No text, no dates, no numbers, no labels, no borders, no watermarks.",,
foundation-stone-laid-canberra,"Search the web for reference artworks and historical records of ""Foundation Stone Laid for Canberra"" (1913). Study the 1913 Australian federal ceremonial dress and foundation-stone ritual of this period.","A dramatic chiaroscuro oil painting. 1:1 square composition optimized for small screen viewing. One dominant focal subject filling most of the frame. Strong silhouettes, high contrast. Foundation Stone Laid for Canberra — Officials laid the foundation stone for a purpose-built federal capital and formally gave it the name Canberra. Officials in formal dress lowering a large stone block into place before a crowd on an open plain. No text, no dates, no numbers, no labels, no borders, no watermarks.",,
woolworth-building-opens,"Search the web for reference artworks and historical records of ""Woolworth Building Opens"" (1913). Study the 1910s New York City, Gothic Revival skyscraper detailing and the Woolworth Building's opening of this period.","A dramatic chiaroscuro oil painting. 1:1 square composition optimized for small screen viewing. One dominant focal subject filling most of the frame. Strong silhouettes, high contrast. Woolworth Building Opens — Frank Woolworth's ornate Gothic tower opened in New York and became the tallest building on Earth, a title it held for the next seventeen years. Pedestrians in period dress craning their necks at the base of an ornate Gothic terracotta tower rising above a New York street. No text, no dates, no numbers, no labels, no borders, no watermarks.",,
la-aqueduct-owens-valley,"Search the web for reference artworks and historical records of ""Los Angeles Aqueduct Opens"" (1913). Study the early 1900s American surveying and aqueduct construction dress of this period.","A dramatic chiaroscuro oil painting. 1:1 square composition optimized for small screen viewing. One dominant focal subject filling most of the frame. Strong silhouettes, high contrast. Los Angeles Aqueduct Opens — A civil engineer's aqueduct began carrying distant valley water hundreds of kilometers to fuel a growing desert city. Engineers in wide-brimmed hats inspecting an open concrete aqueduct channel snaking across a dry desert valley. No text, no dates, no numbers, no labels, no borders, no watermarks.",,
louvain-library-burns,"Search the web for reference artworks and historical records of ""Louvain Library Burns"" (1914). Study the 1914 Belgian university library architecture and German army uniforms of this period.","A dramatic chiaroscuro oil painting. 1:1 square composition optimized for small screen viewing. One dominant focal subject filling most of the frame. Strong silhouettes, high contrast. Louvain Library Burns — German troops burned the library of a Belgian university, destroying hundreds of thousands of volumes and rare manuscripts. Flames engulfing tall arched library windows as soldiers' silhouettes pass in the smoke-lit street below. No text, no dates, no numbers, no labels, no borders, no watermarks.",,
citrate-blood-storage,"Search the web for reference artworks and historical records of ""Citrate Makes Blood Storable"" (1914). Study the early 20th century laboratory glassware and blood-handling equipment of this period.","A dramatic chiaroscuro oil painting. 1:1 square composition optimized for small screen viewing. One dominant focal subject filling most of the frame. Strong silhouettes, high contrast. Citrate Makes Blood Storable — Physicians found that adding sodium citrate stopped donated blood from clotting, letting it be stored ahead of need rather than given directly. A gloved hand pouring pale liquid into a glass storage bottle beside a wooden rack of labeled test tubes. No text, no dates, no numbers, no labels, no borders, no watermarks.",,
junkers-allmetal-aircraft,"Search the web for reference artworks and historical records of ""First All-Metal Plane Flies"" (1915). Study the 1910s corrugated sheet metal aircraft construction and German factory airfields of this period.","A dramatic chiaroscuro oil painting. 1:1 square composition optimized for small screen viewing. One dominant focal subject filling most of the frame. Strong silhouettes, high contrast. First All-Metal Plane Flies — The Junkers J1, nicknamed the Tin Donkey, made its debut flight in Germany as the world's first all-metal airplane. A riveted, corrugated-metal monoplane rolling out of a hangar onto a grass airfield, mechanics standing beside it. No text, no dates, no numbers, no labels, no borders, no watermarks.",,
rankin-elected-to-congress,"Search the web for reference artworks and historical records of ""Rankin Elected to Congress"" (1916). Study the early 20th century US House chamber interiors and period formal dress of this period.","A dramatic chiaroscuro oil painting. 1:1 square composition optimized for small screen viewing. One dominant focal subject filling most of the frame. Strong silhouettes, high contrast. Rankin Elected to Congress — Jeannette Rankin of Montana won a seat in the House of Representatives, becoming the first woman elected to Congress. A hand being shaken in a wood paneled legislative chamber, other lawmakers seated at desks in the background. No text, no dates, no numbers, no labels, no borders, no watermarks.",,
beersheba-cavalry-charge,"Search the web for reference artworks and historical records of ""Cavalry Charges at Beersheba"" (1917). Study the Australian Light Horse uniforms, tack and the arid terrain around Beersheba in 1917 of this period.","A dramatic chiaroscuro oil painting. 1:1 square composition optimized for small screen viewing. One dominant focal subject filling most of the frame. Strong silhouettes, high contrast. Cavalry Charges at Beersheba — Australian Light Horse troops made a mounted charge that broke Ottoman lines defending a town in Palestine. Mounted light horsemen with bayonets drawn charging at full gallop across open desert toward distant trenches. No text, no dates, no numbers, no labels, no borders, no watermarks.",,
astor-takes-commons-seat,"Search the web for reference artworks and historical records of ""Astor Takes Her Commons Seat"" (1919). Study the House of Commons chamber interior and 1919 formal dress of this period.","A dramatic chiaroscuro oil painting. 1:1 square composition optimized for small screen viewing. One dominant focal subject filling most of the frame. Strong silhouettes, high contrast. Astor Takes Her Commons Seat — Nancy Astor was sworn in as a member of Parliament, becoming the first woman to sit in the House of Commons. A hand resting on a green benched chamber's wooden rail as its owner takes a seat, other members seated nearby. No text, no dates, no numbers, no labels, no borders, no watermarks.",,
bells-hydrofoil-record,"Search the web for reference artworks and historical records of ""Bell's Hydrofoil Record"" (1919). Study the Alexander Graham Bell's HD-4 hydrofoil trials on a Nova Scotia lake of this period.","A dramatic chiaroscuro oil painting. 1:1 square composition optimized for small screen viewing. One dominant focal subject filling most of the frame. Strong silhouettes, high contrast. Bell's Hydrofoil Record — Alexander Graham Bell's hydrofoil boat set a world water speed record on a Nova Scotia lake, riding on foils that lifted it above the waves. A narrow boat hull rising clear of the water on slim underwater foils, spray fanning out on either side at speed. No text, no dates, no numbers, no labels, no borders, no watermarks.",,
ponzi-scheme-exposed,"Search the web for reference artworks and historical records of ""Charles Ponzi's Scheme Exposed"" (1920). Study the 1920s Boston office interiors, postal reply coupons, and period business dress of this period.","A dramatic chiaroscuro oil painting. 1:1 square composition optimized for small screen viewing. One dominant focal subject filling most of the frame. Strong silhouettes, high contrast. Charles Ponzi's Scheme Exposed — Charles Ponzi's investment scheme promising huge returns on postal reply coupons collapsed, exposed as paying old investors with new money. A clerk's hands stacking bundles of cash and postal coupons on a rolltop desk crowded with waiting depositors' letters. No text, no dates, no numbers, no labels, no borders, no watermarks.",,
magill-endotracheal-tube,"Search the web for reference artworks and historical records of ""Magill's Breathing Tube"" (1920). Study the WWI-era hospital ward interiors and early anesthesia apparatus of this period.","A dramatic chiaroscuro oil painting. 1:1 square composition optimized for small screen viewing. One dominant focal subject filling most of the frame. Strong silhouettes, high contrast. Magill's Breathing Tube — Treating disfigured war veterans, a surgeon devised a flexible tube placed in the windpipe to keep patients breathing safely under anesthesia. A doctor's hands coiling a slender rubber tube beside a metal breathing apparatus resting on an enamel hospital cart. No text, no dates, no numbers, no labels, no borders, no watermarks.",,
coleman-earns-pilot-license,"Search the web for reference artworks and historical records of ""Coleman Earns Her Pilot License"" (1921). Study the 1920s biplanes, French flying school interiors and period aviator dress of this period.","A dramatic chiaroscuro oil painting. 1:1 square composition optimized for small screen viewing. One dominant focal subject filling most of the frame. Strong silhouettes, high contrast. Coleman Earns Her Pilot License — Bessie Coleman earned an international pilot license in France, becoming the first Black woman to hold one anywhere. A pilot's gloved hand holding a newly issued license beside an open cockpit biplane on a grass airfield. No text, no dates, no numbers, no labels, no borders, no watermarks.",,
first-auto-crossing-sahara,"Search the web for reference artworks and historical records of ""First Auto Crossing of the Sahara"" (1922). Study the 1920s Citroen half-track vehicles and the dune terrain of the Sahara of this period.","A dramatic chiaroscuro oil painting. 1:1 square composition optimized for small screen viewing. One dominant focal subject filling most of the frame. Strong silhouettes, high contrast. First Auto Crossing of the Sahara — A Citroen half track expedition completed the first crossing of the Sahara Desert to be made entirely by motor vehicle. A boxy half-track car with rear tracks grinds up a wind-rippled sand dune, a second vehicle following in its trail. No text, no dates, no numbers, no labels, no borders, no watermarks.",,
first-flight-around-world,"Search the web for reference artworks and historical records of ""First Flight Around the World"" (1924). Study the 1920s US Army open-cockpit biplane formation flying and varied world landscapes of this period.","A dramatic chiaroscuro oil painting. 1:1 square composition optimized for small screen viewing. One dominant focal subject filling most of the frame. Strong silhouettes, high contrast. First Flight Around the World — US Army aviators completed the first aerial circumnavigation of the globe in a formation of open-cockpit biplanes. A formation of open-cockpit biplanes flying low in a line over a coastline, goggled pilots visible in each seat. No text, no dates, no numbers, no labels, no borders, no watermarks.",,
show-boat-premieres,"Search the web for reference artworks and historical records of ""Show Boat Opens on Broadway"" (1927). Study the 1920s Broadway costume and painted Mississippi riverboat stage sets of this period.","A dramatic chiaroscuro oil painting. 1:1 square composition optimized for small screen viewing. One dominant focal subject filling most of the frame. Strong silhouettes, high contrast. Show Boat Opens on Broadway — A Broadway show about performers on a Mississippi riverboat fused songs with a serious plot, reshaping the American stage musical. Performers in period riverboat costumes standing on a painted Mississippi steamboat deck set, a paddle wheel backdrop behind them. No text, no dates, no numbers, no labels, no borders, no watermarks.",,
byrd-flies-over-south-pole,"Search the web for reference artworks and historical records of ""Byrd Flies Over the South Pole"" (1929). Study the 1920s polar aviation, the Ford Trimotor aircraft, and the flat white expanse near the South Pole of this period.","A dramatic chiaroscuro oil painting. 1:1 square composition optimized for small screen viewing. One dominant focal subject filling most of the frame. Strong silhouettes, high contrast. Byrd Flies Over the South Pole — Richard Byrd and his crew completed the first flight over the South Pole, a new way of reaching the bottom of the world. A trimotor propeller plane casts a small shadow as it flies low over an endless white snow plain under a pale sky. No text, no dates, no numbers, no labels, no borders, no watermarks.",,
graf-zeppelin-world-circle,"Search the web for reference artworks and historical records of ""Graf Zeppelin Circles the Globe"" (1929). Study the 1920s rigid airship interiors and passenger promenades of this period.","A dramatic chiaroscuro oil painting. 1:1 square composition optimized for small screen viewing. One dominant focal subject filling most of the frame. Strong silhouettes, high contrast. Graf Zeppelin Circles the Globe — The airship Graf Zeppelin carried passengers on a circumnavigation of the world, stopping in Germany, Japan and the US. Passengers in travel coats looking out through the windows of an airship's gondola as clouds pass below. No text, no dates, no numbers, no labels, no borders, no watermarks.",,
bank-of-manhattan-trust-tops-out,"Search the web for reference artworks and historical records of ""40 Wall Street Tops Out"" (1929). Study the 1920s Manhattan skyscraper construction, riveted steel frames and the 40 Wall Street race of this period.","A dramatic chiaroscuro oil painting. 1:1 square composition optimized for small screen viewing. One dominant focal subject filling most of the frame. Strong silhouettes, high contrast. 40 Wall Street Tops Out — The Bank of Manhattan Trust tower at 40 Wall Street topped out in New York, briefly becoming the tallest building in the world. Construction workers on an open steel girder high above Manhattan, guiding the final beam into place with the city spread below. No text, no dates, no numbers, no labels, no borders, no watermarks.",,
seeing-eye-guide-dog-school,"Search the web for reference artworks and historical records of ""The Seeing Eye School Opens"" (1929). Study the late 1920s American dress and early guide-dog training harnesses of this period.","A dramatic chiaroscuro oil painting. 1:1 square composition optimized for small screen viewing. One dominant focal subject filling most of the frame. Strong silhouettes, high contrast. The Seeing Eye School Opens — A New Jersey town became home to the first American school training dogs to guide blind handlers. A trainer's hands fitting a leather guide harness on an attentive dog beside a tree-lined New Jersey street. No text, no dates, no numbers, no labels, no borders, no watermarks.",,
france-builds-maginot-line,"Search the web for reference artworks and historical records of ""France Builds the Maginot Line"" (1930). Study the 1930s French military engineering, concrete bunker construction and interwar dress of this period.","A dramatic chiaroscuro oil painting. 1:1 square composition optimized for small screen viewing. One dominant focal subject filling most of the frame. Strong silhouettes, high contrast. France Builds the Maginot Line — France began constructing a chain of concrete fortifications along its German border to deter another invasion. Engineers pouring concrete into formwork for a fortified bunker, steel reinforcement bars exposed nearby. No text, no dates, no numbers, no labels, no borders, no watermarks.",,
kreuger-empire-collapse,"Search the web for reference artworks and historical records of ""Ivar Kreuger's Empire Collapses"" (1932). Study the 1930s Stockholm financial district offices and interwar business dress of this period.","A dramatic chiaroscuro oil painting. 1:1 square composition optimized for small screen viewing. One dominant focal subject filling most of the frame. Strong silhouettes, high contrast. Ivar Kreuger's Empire Collapses — Swedish financier Ivar Kreuger, known as the Match King, died as investigators found his global empire built on forged bonds. A hand laying a stack of engraved bond certificates beside a ledger on a mahogany desk under a green banker's lamp. No text, no dates, no numbers, no labels, no borders, no watermarks.",,
afsluitdijk-completed,"Search the web for reference artworks and historical records of ""Afsluitdijk Seals the Zuiderzee"" (1932). Study the 1930s Dutch dyke construction dress and heavy earthworks machinery of this period.","A dramatic chiaroscuro oil painting. 1:1 square composition optimized for small screen viewing. One dominant focal subject filling most of the frame. Strong silhouettes, high contrast. Afsluitdijk Seals the Zuiderzee — The Netherlands completed a long dyke closing off a shallow sea inlet, turning it into a large freshwater lake. Workers guiding a dump cart of boulders onto the last narrow gap in a long dyke, choppy sea water closing in on both sides. No text, no dates, no numbers, no labels, no borders, no watermarks.",,
wiley-post-solo-world-flight,"Search the web for reference artworks and historical records of ""Post Flies Solo Around the World"" (1933). Study the 1930s Lockheed Vega cockpit design and a lone pilot's flight gear of this period.","A dramatic chiaroscuro oil painting. 1:1 square composition optimized for small screen viewing. One dominant focal subject filling most of the frame. Strong silhouettes, high contrast. Post Flies Solo Around the World — Wiley Post became the first pilot to fly solo around the world, circling the globe in his Lockheed Vega Winnie Mae. A pilot in a leather flying suit and eye patch checking instruments alone in a cramped Lockheed Vega cockpit. No text, no dates, no numbers, no labels, no borders, no watermarks.",,
just-judges-panel-theft,"Search the web for reference artworks and historical records of ""Theft of the Just Judges Panel"" (1934). Study the Ghent Saint Bavo Cathedral interior and the painted panels of the Ghent Altarpiece of this period.","A dramatic chiaroscuro oil painting. 1:1 square composition optimized for small screen viewing. One dominant focal subject filling most of the frame. Strong silhouettes, high contrast. Theft of the Just Judges Panel — A panel of the Ghent Altarpiece was stolen from a Belgian cathedral overnight and, despite a ransom note, has never been found. An empty carved wooden panel frame hanging askew on a cathedral wall beside the intact painted panels around it. No text, no dates, no numbers, no labels, no borders, no watermarks.",,
warsaw-ghetto-wall-built,"Search the web for reference artworks and historical records of ""Warsaw Ghetto Wall Built"" (1940). Study the 1940 Warsaw street architecture, period dress, brick wall construction under occupation of this period.","A dramatic chiaroscuro oil painting. 1:1 square composition optimized for small screen viewing. One dominant focal subject filling most of the frame. Strong silhouettes, high contrast. Warsaw Ghetto Wall Built — German occupiers walled off a district of Warsaw to seal in the city's Jewish population. Workers laying a brick wall topped with broken glass across a city street, apartment buildings looming behind. No text, no dates, no numbers, no labels, no borders, no watermarks.",,
amber-room-looted,"Search the web for reference artworks and historical records of ""Looting of the Amber Room"" (1941). Study the the amber-paneled Catherine Palace interior and 1940s military crates of this period.","A dramatic chiaroscuro oil painting. 1:1 square composition optimized for small screen viewing. One dominant focal subject filling most of the frame. Strong silhouettes, high contrast. Looting of the Amber Room — Occupying forces dismantled the ornate Amber Room from a Russian imperial palace near Leningrad and shipped it away for good. Soldiers' hands carefully lifting a glowing amber wall panel from its frame into a straw-lined wooden crate. No text, no dates, no numbers, no labels, no borders, no watermarks.",,
cocoanut-grove-fire,"Search the web for reference artworks and historical records of ""Cocoanut Grove Fire"" (1942). Study the 1940s American nightclub interior design, revolving doors and art deco decor of this period.","A dramatic chiaroscuro oil painting. 1:1 square composition optimized for small screen viewing. One dominant focal subject filling most of the frame. Strong silhouettes, high contrast. Cocoanut Grove Fire — A Boston nightclub fire killed hundreds of people trapped behind blocked exits, prompting nationwide fire code and occupancy reforms. Smoke curling along a nightclub's low ceiling of artificial palm fronds, a crowd pressed toward a narrow exit doorway. No text, no dates, no numbers, no labels, no borders, no watermarks.",,
izbushensky-cavalry-charge,"Search the web for reference artworks and historical records of ""Cavalry Charges at Izbushensky"" (1942). Study the Italian Savoia Cavalleria uniforms, sabers and the open steppe terrain near the Don River in 1942 of this period.","A dramatic chiaroscuro oil painting. 1:1 square composition optimized for small screen viewing. One dominant focal subject filling most of the frame. Strong silhouettes, high contrast. Cavalry Charges at Izbushensky — Italian cavalry made a mounted saber charge against Soviet lines, remembered as one of the last true cavalry charges. Saber-wielding cavalry troopers charging on horseback across open snow-dusted steppe toward distant gun positions. No text, no dates, no numbers, no labels, no borders, no watermarks.",,
germany-builds-atlantic-wall,"Search the web for reference artworks and historical records of ""Germany Builds the Atlantic Wall"" (1942). Study the WWII German coastal fortification, concrete bunker construction and period dress of this period.","A dramatic chiaroscuro oil painting. 1:1 square composition optimized for small screen viewing. One dominant focal subject filling most of the frame. Strong silhouettes, high contrast. Germany Builds the Atlantic Wall — Germany constructed thousands of bunkers and fortifications along the European coast to repel an Allied invasion. Soldiers and laborers pouring concrete over a steel-framed bunker on a windswept dune overlooking the sea. No text, no dates, no numbers, no labels, no borders, no watermarks.",,
hamburg-firestorm,"Search the web for reference artworks and historical records of ""Hamburg Firestorm"" (1943). Study the 1940s German urban rowhouse architecture and wartime civilian dress of this period.","A dramatic chiaroscuro oil painting. 1:1 square composition optimized for small screen viewing. One dominant focal subject filling most of the frame. Strong silhouettes, high contrast. Hamburg Firestorm — Allied bombing raids on Hamburg created a self sustaining firestorm that killed tens of thousands of people within days. A firestorm's superheated wind bending trees sideways between burning rowhouses, embers streaming through the dark sky. No text, no dates, no numbers, no labels, no borders, no watermarks.",,
van-meegeren-fake-vermeer-sale,"Search the web for reference artworks and historical records of ""Van Meegeren's Fake Vermeer Sale"" (1943). Study the 1940s artist's studio interiors, oil paint materials, and Dutch Golden Age painting style of this period.","A dramatic chiaroscuro oil painting. 1:1 square composition optimized for small screen viewing. One dominant focal subject filling most of the frame. Strong silhouettes, high contrast. Van Meegeren's Fake Vermeer Sale — Dutch forger Han van Meegeren sold a fabricated Vermeer painting through an intermediary to a senior Nazi official for a vast sum. A painter's hand applying aged varnish to a freshly finished canvas styled after 17th-century Dutch portraiture. No text, no dates, no numbers, no labels, no borders, no watermarks.",,
oklahoma-premieres,"Search the web for reference artworks and historical records of ""Oklahoma Opens on Broadway"" (1943). Study the 1940s Broadway musical costume, gingham prairie dress and painted farmland backdrops of this period.","A dramatic chiaroscuro oil painting. 1:1 square composition optimized for small screen viewing. One dominant focal subject filling most of the frame. Strong silhouettes, high contrast. Oklahoma Opens on Broadway — A Broadway musical set on the American frontier fully integrated song, dance and story, defining the modern book musical. Dancers in gingham dresses and cowboy hats leaping across a painted prairie backdrop under warm stage lighting. No text, no dates, no numbers, no labels, no borders, no watermarks.",,
nazis-raze-warsaw,"Search the web for reference artworks and historical records of ""Nazis Raze Warsaw"" (1944). Study the 1940s Warsaw streetscape architecture and German demolition squad equipment of this period.","A dramatic chiaroscuro oil painting. 1:1 square composition optimized for small screen viewing. One dominant focal subject filling most of the frame. Strong silhouettes, high contrast. Nazis Raze Warsaw — After crushing an uprising, German demolition squads systematically burned Warsaw street by street, destroying most of its buildings. Soldiers with flamethrowers moving building to building along a rubble-strewn street, smoke pouring from rows of gutted apartment blocks. No text, no dates, no numbers, no labels, no borders, no watermarks.",,
siege-of-bastogne,"Search the web for reference artworks and historical records of ""Siege of Bastogne"" (1944). Study the World War Two US paratrooper gear and snow covered Ardennes forest terrain of this period.","A dramatic chiaroscuro oil painting. 1:1 square composition optimized for small screen viewing. One dominant focal subject filling most of the frame. Strong silhouettes, high contrast. Siege of Bastogne — German forces surrounded American paratroopers holding a snowbound Belgian town, who famously refused a demand to surrender. Paratroopers hunkered in a snowy foxhole ringing a small Belgian town, breath visible in the freezing air. No text, no dates, no numbers, no labels, no borders, no watermarks.",,
first-blue-baby-operation,"Search the web for reference artworks and historical records of ""First Blue Baby Operation"" (1944). Study the 1940s American operating room fittings, instruments and surgical dress of this period.","A dramatic chiaroscuro oil painting. 1:1 square composition optimized for small screen viewing. One dominant focal subject filling most of the frame. Strong silhouettes, high contrast. First Blue Baby Operation — Surgeons rerouted an infant's blood vessels to relieve a heart defect that was starving her body of oxygen, founding pediatric heart surgery. Gloved hands positioning small steel clamps beside a draped operating table under a bright overhead surgical lamp. No text, no dates, no numbers, no labels, no borders, no watermarks.",,
yeager-sound-barrier,"Search the web for reference artworks and historical records of ""Yeager Breaks the Sound Barrier"" (1947). Study the 1940s rocket plane cockpit design and the Mojave Desert of this period.","A dramatic chiaroscuro oil painting. 1:1 square composition optimized for small screen viewing. One dominant focal subject filling most of the frame. Strong silhouettes, high contrast. Yeager Breaks the Sound Barrier — Chuck Yeager piloted the Bell X-1 past the speed of sound over the Mojave Desert, the first confirmed supersonic flight. A pilot strapped into the narrow cockpit of an orange rocket plane, desert mountains visible through the canopy. No text, no dates, no numbers, no labels, no borders, no watermarks.",,
dehavilland-comet-first-flight,"Search the web for reference artworks and historical records of ""First Jet Airliner Takes Off"" (1949). Study the late 1940s jet airliner design and English test airfields of this period.","A dramatic chiaroscuro oil painting. 1:1 square composition optimized for small screen viewing. One dominant focal subject filling most of the frame. Strong silhouettes, high contrast. First Jet Airliner Takes Off — The de Havilland Comet made its maiden flight in England, the prototype for the world's first commercial jet airliner. A sleek early jet airliner with swept engine intakes lifting off a runway, ground crew watching from beside a hangar. No text, no dates, no numbers, no labels, no borders, no watermarks.",,
first-ascent-annapurna,"Search the web for reference artworks and historical records of ""First Ascent of Annapurna"" (1950). Study the 1950s Himalayan expedition dress and the steep ice slopes of Annapurna of this period.","A dramatic chiaroscuro oil painting. 1:1 square composition optimized for small screen viewing. One dominant focal subject filling most of the frame. Strong silhouettes, high contrast. First Ascent of Annapurna — Maurice Herzog and Louis Lachenal reached the summit of Annapurna, the first mountain over eight thousand meters ever climbed. Two exhausted climbers in bulky down suits stand on a wind-blasted snow summit, oxygen-thin haze blurring the peaks beyond. No text, no dates, no numbers, no labels, no borders, no watermarks.",,
hopper-builds-first-compiler,"Search the web for reference artworks and historical records of ""Hopper Builds First Compiler"" (1952). Study the 1950s room sized computers, punch cards and early programming notebooks of this period.","A dramatic chiaroscuro oil painting. 1:1 square composition optimized for small screen viewing. One dominant focal subject filling most of the frame. Strong silhouettes, high contrast. Hopper Builds First Compiler — Computer scientist Grace Hopper completed the A-0 System, a program that translated symbolic code, the first working compiler. A hand feeding a stack of punch cards into a large cabinet computer, wiring and vacuum tubes visible behind panels. No text, no dates, no numbers, no labels, no borders, no watermarks.",,
cochran-sound-barrier,"Search the web for reference artworks and historical records of ""Cochran Breaks the Sound Barrier"" (1953). Study the 1950s jet fighter cockpits and Mojave Desert test flights of this period.","A dramatic chiaroscuro oil painting. 1:1 square composition optimized for small screen viewing. One dominant focal subject filling most of the frame. Strong silhouettes, high contrast. Cochran Breaks the Sound Barrier — Jacqueline Cochran became the first woman to fly faster than sound, piloting an F-86 Sabre over the Mojave Desert. A woman pilot in a flight suit and helmet seated in a jet fighter cockpit, desert runway stretching ahead. No text, no dates, no numbers, no labels, no borders, no watermarks.",,
heart-lung-machine-first-use,"Search the web for reference artworks and historical records of ""Heart-Lung Machine Debuts"" (1953). Study the early 1950s cardiac surgery suite and heart-lung machine apparatus of this period.","A dramatic chiaroscuro oil painting. 1:1 square composition optimized for small screen viewing. One dominant focal subject filling most of the frame. Strong silhouettes, high contrast. Heart-Lung Machine Debuts — A surgeon used his own heart-lung machine to keep a patient alive while he repaired a hole in her heart, opening the era of open-heart surgery. A surgeon's hands adjusting dials on a large boxy machine, clear coiled tubing running from it toward a draped table. No text, no dates, no numbers, no labels, no borders, no watermarks.",,
korean-dmz-fortified,"Search the web for reference artworks and historical records of ""Korean DMZ Fortified"" (1953). Study the 1950s Korean border installations, period military dress and fencing of this period.","A dramatic chiaroscuro oil painting. 1:1 square composition optimized for small screen viewing. One dominant focal subject filling most of the frame. Strong silhouettes, high contrast. Korean DMZ Fortified — After an armistice, both Koreas fortified the buffer zone between them with fences, walls and guard posts. Soldiers stringing barbed wire fencing along a guarded frontier line, a watchtower rising in the mist. No text, no dates, no numbers, no labels, no borders, no watermarks.",,
first-ascent-k2,"Search the web for reference artworks and historical records of ""First Ascent of K2"" (1954). Study the 1950s Karakoram expedition gear and K2's steep, pyramidal summit pitch of this period.","A dramatic chiaroscuro oil painting. 1:1 square composition optimized for small screen viewing. One dominant focal subject filling most of the frame. Strong silhouettes, high contrast. First Ascent of K2 — Lino Lacedelli and Achille Compagnoni reached the summit of K2, the second highest and among the most dangerous peaks on Earth. Two roped climbers in heavy down suits struggle up a final steep snow slope toward a sharp rocky summit point. No text, no dates, no numbers, no labels, no borders, no watermarks.",,
geneva-accords-indochina,"Search the web for reference artworks and historical records of ""Geneva Accords on Indochina"" (1954). Study the 1950s French colonial and Viet Minh delegation dress, mid-century Geneva conference hall interiors of this period.","A dramatic chiaroscuro oil painting. 1:1 square composition optimized for small screen viewing. One dominant focal subject filling most of the frame. Strong silhouettes, high contrast. Geneva Accords on Indochina — France and the Viet Minh signed terms closing their colonial war, splitting Vietnam into a northern and southern zone. French and Viet Minh delegates seated at opposite ends of a long conference table beneath a wall map split by a marked line through Vietnam. No text, no dates, no numbers, no labels, no borders, no watermarks.",,
siege-of-dien-bien-phu,"Search the web for reference artworks and historical records of ""Siege of Dien Bien Phu"" (1954). Study the First Indochina War trench fortifications and jungle highland terrain of this period.","A dramatic chiaroscuro oil painting. 1:1 square composition optimized for small screen viewing. One dominant focal subject filling most of the frame. Strong silhouettes, high contrast. Siege of Dien Bien Phu — Viet Minh forces besieged a French fortress in the highlands for weeks, a defeat that ended French colonial rule in the region. Soldiers moving through a maze of trenches and sandbagged bunkers on a hillside above a fog filled valley. No text, no dates, no numbers, no labels, no borders, no watermarks.",,
ss-ideal-x-sails,"Search the web for reference artworks and historical records of ""SS Ideal X Sails"" (1956). Study the 1950s converted tanker container shipping, dockside crane loading of this period.","A dramatic chiaroscuro oil painting. 1:1 square composition optimized for small screen viewing. One dominant focal subject filling most of the frame. Strong silhouettes, high contrast. SS Ideal X Sails — The converted tanker Ideal X carried dozens of truck trailers from Newark to Houston on the first commercial voyage of a container ship. A dockside crane lowering a rectangular steel container onto the deck of a converted tanker, more stacked on the pier. No text, no dates, no numbers, no labels, no borders, no watermarks.",,
first-land-crossing-antarctica,"Search the web for reference artworks and historical records of ""First Land Crossing of Antarctica"" (1958). Study the 1950s Antarctic overland expedition vehicles, Sno-Cats and Weasels crossing crevassed ice of this period.","A dramatic chiaroscuro oil painting. 1:1 square composition optimized for small screen viewing. One dominant focal subject filling most of the frame. Strong silhouettes, high contrast. First Land Crossing of Antarctica — The Commonwealth Trans-Antarctic Expedition, led by Vivian Fuchs, completed the first overland crossing of Antarctica. A boxy tracked Sno-Cat vehicle crosses a wind-sculpted snow field, a line of flagged crevasse markers trailing behind it. No text, no dates, no numbers, no labels, no borders, no watermarks.",,
ns-lenin-enters-service,"Search the web for reference artworks and historical records of ""NS Lenin Enters Service"" (1959). Study the Soviet nuclear icebreaker construction and Arctic shipping of this period.","A dramatic chiaroscuro oil painting. 1:1 square composition optimized for small screen viewing. One dominant focal subject filling most of the frame. Strong silhouettes, high contrast. NS Lenin Enters Service — The Soviet Union commissioned Lenin, the first nuclear powered surface ship, an icebreaker built to keep Arctic shipping lanes open year round. A massive red hulled icebreaker crushing through thick pack ice, its bow riding up onto the broken floes. No text, no dates, no numbers, no labels, no borders, no watermarks.",,
bandaranaike-becomes-worlds-first-pm,"Search the web for reference artworks and historical records of ""Bandaranaike Sworn In as PM"" (1960). Study the 1960 Ceylonese parliamentary swearing in dress and government hall interiors of this period.","A dramatic chiaroscuro oil painting. 1:1 square composition optimized for small screen viewing. One dominant focal subject filling most of the frame. Strong silhouettes, high contrast. Bandaranaike Sworn In as PM — Sirimavo Bandaranaike was sworn in as Prime Minister of Ceylon, becoming the world's first woman to lead a national government. A hand placed on a ceremonial book during a swearing in beside officials in formal dress in a columned hall. No text, no dates, no numbers, no labels, no borders, no watermarks.",,
world-food-programme-founded,"Search the web for reference artworks and historical records of ""World Food Programme Founded"" (1961). Study the early 1960s United Nations offices, dress and food-aid shipping crates of this period.","A dramatic chiaroscuro oil painting. 1:1 square composition optimized for small screen viewing. One dominant focal subject filling most of the frame. Strong silhouettes, high contrast. World Food Programme Founded — The United Nations created a dedicated agency to deliver emergency food aid, now the world's largest hunger relief operation. Warehouse workers stacking crates stenciled with a wheat-sheaf emblem onto a truck bound for a waiting cargo plane. No text, no dates, no numbers, no labels, no borders, no watermarks.",,
great-train-robbery-buckinghamshire,"Search the web for reference artworks and historical records of ""The Great Train Robbery"" (1963). Study the 1960s British Royal Mail train carriages and countryside signal gantries of this period.","A dramatic chiaroscuro oil painting. 1:1 square composition optimized for small screen viewing. One dominant focal subject filling most of the frame. Strong silhouettes, high contrast. The Great Train Robbery — A gang ambushed a Royal Mail train in Buckinghamshire and made off with more than two and a half million pounds in banknotes. Men in balaclavas passing mail sacks stuffed with banknote bundles down from a halted train onto an embankment. No text, no dates, no numbers, no labels, no borders, no watermarks.",,
kvly-tv-mast-erected,"Search the web for reference artworks and historical records of ""KVLY-TV Mast Erected"" (1963). Study the 1960s guyed television transmission masts and rural North Dakota construction crews of this period.","A dramatic chiaroscuro oil painting. 1:1 square composition optimized for small screen viewing. One dominant focal subject filling most of the frame. Strong silhouettes, high contrast. KVLY-TV Mast Erected — A guyed television transmission mast rose in rural North Dakota, becoming the tallest human made structure anywhere on Earth. A crew winching a thin steel mast section skyward against an open prairie sky, guy wires fanning out to the ground. No text, no dates, no numbers, no labels, no borders, no watermarks.",,
first-ascent-vinson-massif,"Search the web for reference artworks and historical records of ""First Ascent of Vinson Massif"" (1966). Study the 1960s Antarctic mountaineering dress and the isolated, glacier-ringed summit of Vinson Massif of this period.","A dramatic chiaroscuro oil painting. 1:1 square composition optimized for small screen viewing. One dominant focal subject filling most of the frame. Strong silhouettes, high contrast. First Ascent of Vinson Massif — An American expedition made the first ascent of Vinson Massif, the highest peak on the Antarctic continent. A small roped team in bright down suits stands on a windswept rock and ice summit, an endless white glacier basin below. No text, no dates, no numbers, no labels, no borders, no watermarks.",,
gandhi-becomes-indias-pm,"Search the web for reference artworks and historical records of ""Indira Gandhi Becomes India's PM"" (1966). Study the 1960s Indian government swearing in ceremonies and formal dress of this period.","A dramatic chiaroscuro oil painting. 1:1 square composition optimized for small screen viewing. One dominant focal subject filling most of the frame. Strong silhouettes, high contrast. Indira Gandhi Becomes India's PM — Indira Gandhi was sworn in as Prime Minister of India, becoming the first woman to hold the office in the country. A hand taking an oath from a printed card in a marble hall, officials in formal dress standing in a row nearby. No text, no dates, no numbers, no labels, no borders, no watermarks.",,
caspian-sea-monster-flies,"Search the web for reference artworks and historical records of ""The Caspian Sea Monster Flies"" (1966). Study the the Soviet KM ekranoplan, ground effect flight over water of this period.","A dramatic chiaroscuro oil painting. 1:1 square composition optimized for small screen viewing. One dominant focal subject filling most of the frame. Strong silhouettes, high contrast. The Caspian Sea Monster Flies — A huge Soviet craft made its first flight skimming just above the water on a cushion of trapped air, neither floating nor truly flying. An enormous winged craft skimming low over open water, its hull barely clearing the waves as spray trails behind. No text, no dates, no numbers, no labels, no borders, no watermarks.",,
switzer-runs-boston-marathon,"Search the web for reference artworks and historical records of ""Switzer Runs Boston Marathon"" (1967). Study the 1967 marathon running dress, numbered bibs and cold weather road racing scenes of this period.","A dramatic chiaroscuro oil painting. 1:1 square composition optimized for small screen viewing. One dominant focal subject filling most of the frame. Strong silhouettes, high contrast. Switzer Runs Boston Marathon — Kathrine Switzer became the first woman to run the Boston Marathon with an official race number, despite an official trying to grab her. A runner's hands gripping a numbered bib pinned to a tracksuit on a crowded road lined with bare trees. No text, no dates, no numbers, no labels, no borders, no watermarks.",,
ostankino-tower-completed,"Search the web for reference artworks and historical records of ""Ostankino Tower Completed"" (1967). Study the 1960s Soviet concrete tower construction and Moscow's Ostankino Tower of this period.","A dramatic chiaroscuro oil painting. 1:1 square composition optimized for small screen viewing. One dominant focal subject filling most of the frame. Strong silhouettes, high contrast. Ostankino Tower Completed — The Ostankino Tower opened in Moscow, becoming the tallest freestanding structure that had ever been built. Workers on a construction platform partway up a tapering concrete tower, the Moscow skyline spreading out beneath them. No text, no dates, no numbers, no labels, no borders, no watermarks.",,
plaisted-reaches-north-pole,"Search the web for reference artworks and historical records of ""Plaisted Reaches the North Pole"" (1968). Study the 1960s snowmobile polar expedition gear and the broken sea ice of the Arctic Ocean of this period.","A dramatic chiaroscuro oil painting. 1:1 square composition optimized for small screen viewing. One dominant focal subject filling most of the frame. Strong silhouettes, high contrast. Plaisted Reaches the North Pole — Ralph Plaisted's snowmobile expedition became the first confirmed surface party to reach the North Pole. A fur-hooded rider on a boxy snowmobile crosses a jumbled field of pressure ridges, sledges of fuel drums lashed behind. No text, no dates, no numbers, no labels, no borders, no watermarks.",,
chisholm-elected-to-congress,"Search the web for reference artworks and historical records of ""Chisholm Elected to Congress"" (1968). Study the late 1960s US House chamber interiors and period formal dress of this period.","A dramatic chiaroscuro oil painting. 1:1 square composition optimized for small screen viewing. One dominant focal subject filling most of the frame. Strong silhouettes, high contrast. Chisholm Elected to Congress — Shirley Chisholm won election to the House of Representatives, becoming the first Black woman elected to Congress. A hand raised while being sworn into office in a wood paneled chamber, seated lawmakers filling the rows behind. No text, no dates, no numbers, no labels, no borders, no watermarks.",,
hair-opens-broadway,"Search the web for reference artworks and historical records of ""Hair Opens on Broadway"" (1968). Study the late 1960s countercultural fashion, tie-dye and flower crowns as worn in the rock musical's cast of this period.","A dramatic chiaroscuro oil painting. 1:1 square composition optimized for small screen viewing. One dominant focal subject filling most of the frame. Strong silhouettes, high contrast. Hair Opens on Broadway — A rock musical celebrating countercultural youth and protest against war transferred to Broadway, bringing rock music to the stage musical. A group of performers in tie-dye and flower crowns dancing barefoot together under colorful psychedelic stage lighting. No text, no dates, no numbers, no labels, no borders, no watermarks.",,
first-women-reach-south-pole,"Search the web for reference artworks and historical records of ""First Women Reach South Pole"" (1969). Study the late 1960s polar research station dress and the flat ice plain at the South Pole of this period.","A dramatic chiaroscuro oil painting. 1:1 square composition optimized for small screen viewing. One dominant focal subject filling most of the frame. Strong silhouettes, high contrast. First Women Reach South Pole — Six American women scientists stepped off a supply plane together, becoming the first women to reach the South Pole. A group of women in red parkas step down from a ski-equipped cargo plane onto a flat white ice plain, a research dome nearby. No text, no dates, no numbers, no labels, no borders, no watermarks.",,
meir-becomes-israels-pm,"Search the web for reference artworks and historical records of ""Golda Meir Becomes Israel's PM"" (1969). Study the 1969 Israeli government swearing in ceremonies and cabinet room interiors of this period.","A dramatic chiaroscuro oil painting. 1:1 square composition optimized for small screen viewing. One dominant focal subject filling most of the frame. Strong silhouettes, high contrast. Golda Meir Becomes Israel's PM — Golda Meir was sworn in as Prime Minister of Israel, becoming the first woman to hold the post in the country. A hand signing a document at a long cabinet table, officials in dark suits seated along both sides. No text, no dates, no numbers, no labels, no borders, no watermarks.",,
caravaggio-nativity-theft,"Search the web for reference artworks and historical records of ""Theft of Caravaggio's Nativity"" (1969). Study the Palermo oratory interior and the composition of Caravaggio's Nativity altarpiece of this period.","A dramatic chiaroscuro oil painting. 1:1 square composition optimized for small screen viewing. One dominant focal subject filling most of the frame. Strong silhouettes, high contrast. Theft of Caravaggio's Nativity — Caravaggio's altarpiece was cut from its frame and stolen from an oratory in Palermo, reportedly taken to order by the Sicilian Mafia. A knife blade cutting a large painted canvas away from its ornate frame inside a dim chapel. No text, no dates, no numbers, no labels, no borders, no watermarks.",,
baker-street-robbery,"Search the web for reference artworks and historical records of ""The Baker Street Robbery"" (1971). Study the 1970s London bank vault interiors and safe deposit boxes of this period.","A dramatic chiaroscuro oil painting. 1:1 square composition optimized for small screen viewing. One dominant focal subject filling most of the frame. Strong silhouettes, high contrast. The Baker Street Robbery — Burglars tunneled from a rented leather shop into the vault of a London bank and emptied dozens of safe deposit boxes overnight. Gloved hands prying open rows of small metal safe deposit boxes inside a bank vault, jewelry and papers spilling out. No text, no dates, no numbers, no labels, no borders, no watermarks.",,
world-trade-center-tops-out,"Search the web for reference artworks and historical records of ""WTC North Tower Tops Out"" (1972). Study the early 1970s Lower Manhattan construction, the World Trade Center's steel facade panels of this period.","A dramatic chiaroscuro oil painting. 1:1 square composition optimized for small screen viewing. One dominant focal subject filling most of the frame. Strong silhouettes, high contrast. WTC North Tower Tops Out — The North Tower of New York's World Trade Center topped out, surpassing the Empire State Building as the tallest building on Earth. Ironworkers securing the topmost steel facade panel on a towering rectangular skyscraper, New York harbor visible far below. No text, no dates, no numbers, no labels, no borders, no watermarks.",,
peron-becomes-worlds-first-president,"Search the web for reference artworks and historical records of ""Peron Becomes a President"" (1974). Study the 1970s Argentine presidential sash, formal dress and government palace interiors of this period.","A dramatic chiaroscuro oil painting. 1:1 square composition optimized for small screen viewing. One dominant focal subject filling most of the frame. Strong silhouettes, high contrast. Peron Becomes a President — Isabel Peron was sworn in as President of Argentina after her husband's death, becoming the first woman anywhere to hold that office. A hand fastening a wide presidential sash across a shoulder in a grand palace hall lined with columns. No text, no dates, no numbers, no labels, no borders, no watermarks.",,
russborough-house-art-heist,"Search the web for reference artworks and historical records of ""Russborough House Art Heist"" (1974). Study the an 18th-century Irish country house interior and its hung old master paintings of this period.","A dramatic chiaroscuro oil painting. 1:1 square composition optimized for small screen viewing. One dominant focal subject filling most of the frame. Strong silhouettes, high contrast. Russborough House Art Heist — An armed raid on an Irish country house saw the owners tied up while nineteen paintings, including a Vermeer, were cut from their frames. A gloved hand slicing a framed painting from its stretcher on a grand drawing room wall lined with gilt-framed art. No text, no dates, no numbers, no labels, no borders, no watermarks.",,
warsaw-radio-mast-erected,"Search the web for reference artworks and historical records of ""Warsaw Radio Mast Erected"" (1974). Study the 1970s Polish guyed radio mast construction near Konstantynow of this period.","A dramatic chiaroscuro oil painting. 1:1 square composition optimized for small screen viewing. One dominant focal subject filling most of the frame. Strong silhouettes, high contrast. Warsaw Radio Mast Erected — A guyed radio mast near Konstantynow in Poland was completed, becoming the tallest human made structure ever built. A crew hoisting a slender steel mast section by crane over open Polish farmland, guy cables stretching toward the horizon. No text, no dates, no numbers, no labels, no borders, no watermarks.",,
tabei-summits-everest,"Search the web for reference artworks and historical records of ""Tabei Summits Mount Everest"" (1975). Study the 1970s mountaineering gear, oxygen equipment and Himalayan summit conditions of this period.","A dramatic chiaroscuro oil painting. 1:1 square composition optimized for small screen viewing. One dominant focal subject filling most of the frame. Strong silhouettes, high contrast. Tabei Summits Mount Everest — Japanese climber Junko Tabei reached the summit of Mount Everest, becoming the first woman known to stand on top of it. A climber's gloved hand planting an ice axe into a snow ridge beneath a bright sky, jagged peaks stretching below. No text, no dates, no numbers, no labels, no borders, no watermarks.",,
chorus-line-premieres,"Search the web for reference artworks and historical records of ""A Chorus Line Premieres"" (1975). Study the 1970s Broadway rehearsal-room dancewear, leotards and a bare stage under work lights of this period.","A dramatic chiaroscuro oil painting. 1:1 square composition optimized for small screen viewing. One dominant focal subject filling most of the frame. Strong silhouettes, high contrast. A Chorus Line Premieres — A Broadway musical built from real dancers auditioning for a chorus line told their own stories, later winning the Pulitzer Prize. A line of dancers in leotards and legwarmers standing under a single bare rehearsal light on an empty Broadway stage. No text, no dates, no numbers, no labels, no borders, no watermarks.",,
china-ends-collective-farming,"Search the web for reference artworks and historical records of ""China Ends Collective Farming"" (1978). Study the late 1970s rural Chinese village dress, farming tools and household plots of this period.","A dramatic chiaroscuro oil painting. 1:1 square composition optimized for small screen viewing. One dominant focal subject filling most of the frame. Strong silhouettes, high contrast. China Ends Collective Farming — Reformers dismantled the famine prone commune system and let farming households keep what they grew, lifting grain output. A farming family's hands dividing a communal field with wooden stakes and rope, their own small plot marked out beside a shared barn. No text, no dates, no numbers, no labels, no borders, no watermarks.",,
lufthansa-heist,"Search the web for reference artworks and historical records of ""The Lufthansa Heist"" (1978). Study the 1970s JFK Airport cargo terminal interiors and period cargo handling equipment of this period.","A dramatic chiaroscuro oil painting. 1:1 square composition optimized for small screen viewing. One dominant focal subject filling most of the frame. Strong silhouettes, high contrast. The Lufthansa Heist — A crew of robbers raided a Lufthansa cargo terminal at JFK Airport and stole millions in cash and jewelry, still largely unsolved. Men loading canvas sacks of cash and small jewelry boxes from a cargo terminal shelf into a waiting van. No text, no dates, no numbers, no labels, no borders, no watermarks.",,
messner-solo-ascent-everest,"Search the web for reference artworks and historical records of ""Messner's Solo Ascent of Everest"" (1980). Study the 1980s minimalist high-altitude climbing gear used without supplemental oxygen of this period.","A dramatic chiaroscuro oil painting. 1:1 square composition optimized for small screen viewing. One dominant focal subject filling most of the frame. Strong silhouettes, high contrast. Messner's Solo Ascent of Everest — Reinhold Messner became the first person to climb Everest completely alone and without supplemental oxygen. A single climber in a lightweight down suit and no oxygen mask kneels on a narrow snow summit ridge, prayer flags absent, only sky beyond. No text, no dates, no numbers, no labels, no borders, no watermarks.",,
oconnor-joins-supreme-court,"Search the web for reference artworks and historical records of ""O'Connor Joins Supreme Court"" (1981). Study the 1980s US Supreme Court chamber interiors and judicial robes of this period.","A dramatic chiaroscuro oil painting. 1:1 square composition optimized for small screen viewing. One dominant focal subject filling most of the frame. Strong silhouettes, high contrast. O'Connor Joins Supreme Court — Sandra Day O'Connor was sworn in as a justice, becoming the first woman to serve on the United States Supreme Court. A hand resting on an open law book while being sworn in beneath tall marble columns, robed justices seated nearby. No text, no dates, no numbers, no labels, no borders, no watermarks.",,
cats-opens-west-end,"Search the web for reference artworks and historical records of ""Cats Opens in the West End"" (1981). Study the the original West End production's whiskered cat costumes and oversized junkyard set pieces of this period.","A dramatic chiaroscuro oil painting. 1:1 square composition optimized for small screen viewing. One dominant focal subject filling most of the frame. Strong silhouettes, high contrast. Cats Opens in the West End — A musical built from poems about a tribe of cats opened in London, becoming one of the longest running musicals in stage history. Performers in whiskered cat costumes and fur bodysuits crouched among a junkyard set of oversized tires and discarded tins. No text, no dates, no numbers, no labels, no borders, no watermarks.",,
thames-barrier-completed,"Search the web for reference artworks and historical records of ""Thames Barrier Completed"" (1982). Study the early 1980s British civil engineering dress and the Thames Barrier's steel gates of this period.","A dramatic chiaroscuro oil painting. 1:1 square composition optimized for small screen viewing. One dominant focal subject filling most of the frame. Strong silhouettes, high contrast. Thames Barrier Completed — London finished a row of rotating steel gates across its river that can seal the waterway against storm surges. An engineer in a hard hat standing beside a massive curved steel gate housing, the river channel open on either side. No text, no dates, no numbers, no labels, no borders, no watermarks.",,
ride-flies-into-space,"Search the web for reference artworks and historical records of ""Sally Ride Flies Into Space"" (1983). Study the 1980s Space Shuttle flight deck interiors and astronaut flight suits of this period.","A dramatic chiaroscuro oil painting. 1:1 square composition optimized for small screen viewing. One dominant focal subject filling most of the frame. Strong silhouettes, high contrast. Sally Ride Flies Into Space — Sally Ride launched aboard the Space Shuttle Challenger, becoming the first woman from the country to fly in space. A gloved hand gripping a shuttle flight deck control panel, a curved window showing the blue curve of Earth beyond. No text, no dates, no numbers, no labels, no borders, no watermarks.",,
brinks-mat-robbery,"Search the web for reference artworks and historical records of ""The Brink's-Mat Robbery"" (1983). Study the 1980s warehouse interiors near Heathrow and stacked gold bullion bars of this period.","A dramatic chiaroscuro oil painting. 1:1 square composition optimized for small screen viewing. One dominant focal subject filling most of the frame. Strong silhouettes, high contrast. The Brink's-Mat Robbery — Robbers who broke into a warehouse near Heathrow Airport expecting cash instead found and stole roughly three tonnes of gold bullion. Warehouse workers' hands prying open a wooden crate to reveal rows of stacked gold bullion bars inside. No text, no dates, no numbers, no labels, no borders, no watermarks.",,
famine-early-warning-launched,"Search the web for reference artworks and historical records of ""Famine Early Warning Launches"" (1985). Study the 1980s aid-agency field offices, satellite imagery desks and East African drought monitoring of this period.","A dramatic chiaroscuro oil painting. 1:1 square composition optimized for small screen viewing. One dominant focal subject filling most of the frame. Strong silhouettes, high contrast. Famine Early Warning Launches — Aid agencies launched a network tracking drought and crop data worldwide, pioneering data driven famine forecasting. An analyst's hands pinning rainfall and crop-yield maps to a wall beside a bank of satellite weather photographs. No text, no dates, no numbers, no labels, no borders, no watermarks.",,
voyager-nonstop-world-flight,"Search the web for reference artworks and historical records of ""Voyager Circles the World Nonstop"" (1986). Study the 1980s lightweight composite aircraft design and Edwards Air Force Base of this period.","A dramatic chiaroscuro oil painting. 1:1 square composition optimized for small screen viewing. One dominant focal subject filling most of the frame. Strong silhouettes, high contrast. Voyager Circles the World Nonstop — Dick Rutan and Jeana Yeager flew the featherweight Voyager nonstop around the world without refuelling. A spindly, long-winged composite aircraft banking low over a dry lakebed runway at dusk. No text, no dates, no numbers, no labels, no borders, no watermarks.",,
phantom-of-opera-premieres,"Search the web for reference artworks and historical records of ""Phantom of the Opera Opens"" (1986). Study the the West End production's Belle Epoque opera-house set, half mask and chandelier centerpiece of this period.","A dramatic chiaroscuro oil painting. 1:1 square composition optimized for small screen viewing. One dominant focal subject filling most of the frame. Strong silhouettes, high contrast. Phantom of the Opera Opens — A musical about a disfigured composer haunting a Paris opera house opened in London's West End and became a global stage phenomenon. A caped figure in a white half mask standing in an opera box beneath a massive crystal chandelier, red velvet curtains framing the stage. No text, no dates, no numbers, no labels, no borders, no watermarks.",,
unsupported-trek-to-north-pole,"Search the web for reference artworks and historical records of ""Unsupported Trek to North Pole"" (1990). Study the 1990s unsupported polar skiing gear and heavy pulk sledges hauled across drifting ice of this period.","A dramatic chiaroscuro oil painting. 1:1 square composition optimized for small screen viewing. One dominant focal subject filling most of the frame. Strong silhouettes, high contrast. Unsupported Trek to North Pole — Erling Kagge and Borge Ousland skied to the North Pole without resupply, the first unsupported trek to reach it. Two skiers in wind gear haul loaded pulk sledges across rippled blue-white sea ice under a low Arctic sun. No text, no dates, no numbers, no labels, no borders, no watermarks.",,
gardner-museum-art-heist,"Search the web for reference artworks and historical records of ""Gardner Museum Art Heist"" (1990). Study the the Isabella Stewart Gardner Museum's period rooms and their empty frames of this period.","A dramatic chiaroscuro oil painting. 1:1 square composition optimized for small screen viewing. One dominant focal subject filling most of the frame. Strong silhouettes, high contrast. Gardner Museum Art Heist — Two men disguised as police officers talked their way into a Boston museum overnight and stole thirteen artworks that remain missing. Two men in police-style uniforms standing before an ornate museum gallery wall, an empty gilt frame hanging bare between full ones. No text, no dates, no numbers, no labels, no borders, no watermarks.",,
abuja-becomes-nigeria-capital,"Search the web for reference artworks and historical records of ""Abuja Becomes the Capital"" (1991). Study the 1990s Nigerian government dress and modern administrative buildings in Abuja of this period.","A dramatic chiaroscuro oil painting. 1:1 square composition optimized for small screen viewing. One dominant focal subject filling most of the frame. Strong silhouettes, high contrast. Abuja Becomes the Capital — Nigeria formally transferred its seat of government from Lagos to the newly built city of Abuja. Government officials exchanging a ceremonial folder of documents in front of a newly completed government building. No text, no dates, no numbers, no labels, no borders, no watermarks.",,
warsaw-mast-collapses,"Search the web for reference artworks and historical records of ""Warsaw Radio Mast Collapses"" (1991). Study the the 1991 Warsaw radio mast collapse during maintenance work of this period.","A dramatic chiaroscuro oil painting. 1:1 square composition optimized for small screen viewing. One dominant focal subject filling most of the frame. Strong silhouettes, high contrast. Warsaw Radio Mast Collapses — The record setting Warsaw radio mast collapsed during maintenance work, handing the title of tallest structure back to an American tower. A fallen steel lattice mast stretched across a rural field, workers and vehicles gathered near the twisted wreckage. No text, no dates, no numbers, no labels, no borders, no watermarks.",,
jemison-flies-into-space,"Search the web for reference artworks and historical records of ""Jemison Flies Into Space"" (1992). Study the 1990s Space Shuttle flight deck interiors and astronaut flight suits of this period.","A dramatic chiaroscuro oil painting. 1:1 square composition optimized for small screen viewing. One dominant focal subject filling most of the frame. Strong silhouettes, high contrast. Jemison Flies Into Space — Mae Jemison launched aboard the Space Shuttle Endeavour, becoming the first Black woman to fly in space. A gloved hand adjusting a switch on a shuttle instrument panel, a small mission patch stitched onto the suit sleeve. No text, no dates, no numbers, no labels, no borders, no watermarks.",,
sarajevo-library-destroyed,"Search the web for reference artworks and historical records of ""Sarajevo Library Destroyed"" (1992). Study the 1990s Sarajevo National and University Library architecture and siege conditions of this period.","A dramatic chiaroscuro oil painting. 1:1 square composition optimized for small screen viewing. One dominant focal subject filling most of the frame. Strong silhouettes, high contrast. Sarajevo Library Destroyed — Shelling during the siege of a Bosnian capital set fire to its national library, destroying most of its collection of books. Firefighters' hands passing buckets along a chain as a grand domed library burns against a night sky. No text, no dates, no numbers, no labels, no borders, no watermarks.",,
przewalski-horses-rewilded,"Search the web for reference artworks and historical records of ""Wild Horses Return to Mongolia"" (1992). Study the early 1990s Mongolian steppe conservation releases and Przewalski's horse anatomy of this period.","A dramatic chiaroscuro oil painting. 1:1 square composition optimized for small screen viewing. One dominant focal subject filling most of the frame. Strong silhouettes, high contrast. Wild Horses Return to Mongolia — Captive bred Przewalski's horses were released onto the Mongolian steppe, restoring the last truly wild horse. A wildlife handler opening a transport crate as a stocky, dun-colored wild horse steps out onto open steppe grassland. No text, no dates, no numbers, no labels, no borders, no watermarks.",,
morrison-wins-nobel-prize,"Search the web for reference artworks and historical records of ""Morrison Wins a Nobel Prize"" (1993). Study the 1990s writer's study and Stockholm award ceremony dress of this period.","A dramatic chiaroscuro oil painting. 1:1 square composition optimized for small screen viewing. One dominant focal subject filling most of the frame. Strong silhouettes, high contrast. Morrison Wins a Nobel Prize — Novelist Toni Morrison won the Nobel Prize in Literature, becoming the first Black woman to receive that honor. A hand resting on a stack of bound manuscript pages beside a fountain pen on a wooden writing desk. No text, no dates, no numbers, no labels, no borders, no watermarks.",,
theft-of-the-scream,"Search the web for reference artworks and historical records of ""Theft of The Scream"" (1994). Study the an Oslo gallery exterior at night and the composition of Munch's The Scream of this period.","A dramatic chiaroscuro oil painting. 1:1 square composition optimized for small screen viewing. One dominant focal subject filling most of the frame. Strong silhouettes, high contrast. Theft of The Scream — Burglars used a ladder to break into an Oslo gallery and steal Edvard Munch's painting on the opening day of the Winter Olympics. A ladder propped against a gallery window at night, a swirling painted canvas being passed down through the broken glass. No text, no dates, no numbers, no labels, no borders, no watermarks.",,
ousland-solo-crossing-antarctica,"Search the web for reference artworks and historical records of ""Ousland Solos Across Antarctica"" (1997). Study the 1990s solo polar skiing gear, kite sails, and the vast white interior of Antarctica of this period.","A dramatic chiaroscuro oil painting. 1:1 square composition optimized for small screen viewing. One dominant focal subject filling most of the frame. Strong silhouettes, high contrast. Ousland Solos Across Antarctica — Borge Ousland completed the first solo, unsupported crossing of Antarctica, hauling his own supplies the entire way. A lone skier hauling a heavy sledge is pulled forward by a large parafoil kite across a featureless white icecap. No text, no dates, no numbers, no labels, no borders, no watermarks.",,
first-hand-transplant,"Search the web for reference artworks and historical records of ""First Hand Transplant"" (1998). Study the late 1990s French operating theatre and microsurgical instruments of this period.","A dramatic chiaroscuro oil painting. 1:1 square composition optimized for small screen viewing. One dominant focal subject filling most of the frame. Strong silhouettes, high contrast. First Hand Transplant — Surgeons in Lyon grafted a donor hand onto a recipient's arm, the first hand transplant, though it was later removed at the patient's own request. Gloved hands guiding a surgical microscope into position over a draped table, fine instruments arranged on a steel tray. No text, no dates, no numbers, no labels, no borders, no watermarks.",,
piccard-balloon-circumnavigation,"Search the web for reference artworks and historical records of ""Balloon Circles the Globe Nonstop"" (1999). Study the 1990s high-altitude balloon capsule design and desert landing sites of this period.","A dramatic chiaroscuro oil painting. 1:1 square composition optimized for small screen viewing. One dominant focal subject filling most of the frame. Strong silhouettes, high contrast. Balloon Circles the Globe Nonstop — Bertrand Piccard and Brian Jones landed their balloon in Egypt, completing the first nonstop flight around the world. A silver capsule slung beneath a huge balloon envelope descending toward a sandy desert landing strip. No text, no dates, no numbers, no labels, no borders, no watermarks.",,
da-vinci-surgical-robot,"Search the web for reference artworks and historical records of ""Da Vinci Surgical Robot Approved"" (2000). Study the early 2000s robotic surgery console and articulated mechanical arms of this period.","A dramatic chiaroscuro oil painting. 1:1 square composition optimized for small screen viewing. One dominant focal subject filling most of the frame. Strong silhouettes, high contrast. Da Vinci Surgical Robot Approved — Regulators cleared a robotic surgical system that lets a surgeon operate through mechanical arms guided from a console across the room. A surgeon's hands gripping controls at a console while jointed robotic arms hover poised over a draped operating table. No text, no dates, no numbers, no labels, no borders, no watermarks.",,
van-gogh-museum-theft,"Search the web for reference artworks and historical records of ""Van Gogh Museum Theft"" (2002). Study the the Van Gogh Museum's rooftop and exterior architecture at night of this period.","A dramatic chiaroscuro oil painting. 1:1 square composition optimized for small screen viewing. One dominant focal subject filling most of the frame. Strong silhouettes, high contrast. Van Gogh Museum Theft — Two thieves climbed to the roof of Amsterdam's Van Gogh Museum and stole two paintings, later recovered from an Italian crime clan. A figure climbing a ladder propped against a museum roof at night, a rolled canvas tucked under one arm. No text, no dates, no numbers, no labels, no borders, no watermarks.",,
israel-builds-west-bank-barrier,"Search the web for reference artworks and historical records of ""Israel Builds West Bank Barrier"" (2002). Study the early 2000s Israeli concrete barrier construction, period dress and equipment of this period.","A dramatic chiaroscuro oil painting. 1:1 square composition optimized for small screen viewing. One dominant focal subject filling most of the frame. Strong silhouettes, high contrast. Israel Builds West Bank Barrier — Israel began building a wall and fence system through and around the West Bank during a period of conflict. A crane lowering a tall concrete slab into place along a barrier wall winding across hilly terrain. No text, no dates, no numbers, no labels, no borders, no watermarks.",,
antwerp-diamond-heist,"Search the web for reference artworks and historical records of ""Antwerp Diamond Heist"" (2003). Study the the Antwerp Diamond Center's underground vault and safe deposit boxes of this period.","A dramatic chiaroscuro oil painting. 1:1 square composition optimized for small screen viewing. One dominant focal subject filling most of the frame. Strong silhouettes, high contrast. Antwerp Diamond Heist — A gang cracked a supposedly impregnable vault beneath Antwerp's diamond district and emptied it of gems, gold and cash. Gloved hands opening a heavy round vault door to reveal rows of open safe deposit boxes scattered with loose diamonds. No text, no dates, no numbers, no labels, no borders, no watermarks.",,
wicked-premieres-broadway,"Search the web for reference artworks and historical records of ""Wicked Premieres on Broadway"" (2003). Study the the Broadway production's green-witch makeup and Emerald City-tinted castle set design of this period.","A dramatic chiaroscuro oil painting. 1:1 square composition optimized for small screen viewing. One dominant focal subject filling most of the frame. Strong silhouettes, high contrast. Wicked Premieres on Broadway — A Broadway musical retold the story of Oz from the perspective of its witches, becoming one of the stage's biggest modern hits. A performer in green face paint and a pointed black hat standing before an emerald-tinted castle backdrop, smoke curling at her feet. No text, no dates, no numbers, no labels, no borders, no watermarks.",,
northern-bank-robbery,"Search the web for reference artworks and historical records of ""Northern Bank Robbery"" (2004). Study the a Belfast bank's cash handling room and night-deposit vault of this period.","A dramatic chiaroscuro oil painting. 1:1 square composition optimized for small screen viewing. One dominant focal subject filling most of the frame. Strong silhouettes, high contrast. Northern Bank Robbery — Armed robbers held bank employees' families hostage overnight to force staff to hand over a record cash haul from a Belfast vault. A bank employee's hands loading holdalls stuffed with banknote bundles from a vault trolley under dim fluorescent light. No text, no dates, no numbers, no labels, no borders, no watermarks.",,
recaap-piracy-pact-signed,"Search the web for reference artworks and historical records of ""Asia Signs the ReCAAP Pact"" (2004). Study the Early 2000s Tokyo diplomatic conference settings and formal East and Southeast Asian delegation dress of this period.","A dramatic chiaroscuro oil painting. 1:1 square composition optimized for small screen viewing. One dominant focal subject filling most of the frame. Strong silhouettes, high contrast. Asia Signs the ReCAAP Pact — Sixteen Asian nations concluded the ReCAAP agreement in Tokyo, the first government to government treaty for sharing intelligence against piracy. Rows of diplomats in formal suits signing documents at a long conference table beneath national flags. No text, no dates, no numbers, no labels, no borders, no watermarks.",,
sirleaf-elected-liberias-president,"Search the web for reference artworks and historical records of ""Sirleaf Elected Liberia's Leader"" (2006). Study the 2006 Liberian presidential inauguration dress and government hall interiors of this period.","A dramatic chiaroscuro oil painting. 1:1 square composition optimized for small screen viewing. One dominant focal subject filling most of the frame. Strong silhouettes, high contrast. Sirleaf Elected Liberia's Leader — Ellen Johnson Sirleaf was inaugurated President of Liberia, becoming the first woman elected head of state anywhere on the continent. A hand taking an oath of office beneath a large flag in a crowded inauguration hall. No text, no dates, no numbers, no labels, no borders, no watermarks.",,
us-secure-fence-act-signed,"Search the web for reference artworks and historical records of ""US Secure Fence Act Signed"" (2006). Study the 2006 US border fencing construction, period dress and heavy equipment of this period.","A dramatic chiaroscuro oil painting. 1:1 square composition optimized for small screen viewing. One dominant focal subject filling most of the frame. Strong silhouettes, high contrast. US Secure Fence Act Signed — The US president signed a law authorizing hundreds of miles of new fencing along the border with Mexico. Workers bolting steel border fencing panels into place across a dry desert landscape. No text, no dates, no numbers, no labels, no borders, no watermarks.",,
madoff-ponzi-scheme-unravels,"Search the web for reference artworks and historical records of ""Madoff's Ponzi Scheme Unravels"" (2008). Study the a Manhattan investment office interior and early 2000s office dress of this period.","A dramatic chiaroscuro oil painting. 1:1 square composition optimized for small screen viewing. One dominant focal subject filling most of the frame. Strong silhouettes, high contrast. Madoff's Ponzi Scheme Unravels — Financier Bernie Madoff confessed to his sons that his investment advisory business was a Ponzi scheme worth an estimated fifty billion dollars. A hand closing a leather folio over a desk covered in falsified account statements beneath a skyline window. No text, no dates, no numbers, no labels, no borders, no watermarks.",,
eu-operation-atalanta-launched,"Search the web for reference artworks and historical records of ""EU Launches Operation Atalanta"" (2008). Study the Modern European naval frigates and the Horn of Africa shipping lanes of this period.","A dramatic chiaroscuro oil painting. 1:1 square composition optimized for small screen viewing. One dominant focal subject filling most of the frame. Strong silhouettes, high contrast. EU Launches Operation Atalanta — The European Union deployed its first joint naval mission to protect merchant shipping from Somali pirates off the Horn of Africa. A grey naval frigate escorting a line of merchant ships across open water under a wide horizon. No text, no dates, no numbers, no labels, no borders, no watermarks.",,
maersk-alabama-hijacked,"Search the web for reference artworks and historical records of ""Pirates Seize the Maersk Alabama"" (2009). Study the Modern container ship architecture and small skiff piracy tactics off the Somali coast of this period.","A dramatic chiaroscuro oil painting. 1:1 square composition optimized for small screen viewing. One dominant focal subject filling most of the frame. Strong silhouettes, high contrast. Pirates Seize the Maersk Alabama — Somali pirates hijacked the American flagged container ship Maersk Alabama, and Navy SEAL snipers later killed three pirates to free the captain. A small open skiff with armed men closing fast alongside the towering hull of a container ship at sea. No text, no dates, no numbers, no labels, no borders, no watermarks.",,
paris-modern-art-museum-heist,"Search the web for reference artworks and historical records of ""Paris Modern Art Museum Heist"" (2010). Study the the Musee d'Art Moderne de la Ville de Paris gallery interior at night of this period.","A dramatic chiaroscuro oil painting. 1:1 square composition optimized for small screen viewing. One dominant focal subject filling most of the frame. Strong silhouettes, high contrast. Paris Modern Art Museum Heist — A lone thief cut through a padlocked gate and a window at a Paris museum and stole five paintings, including works by Picasso and Matisse. A gloved hand lifting a framed modern painting off a gallery wall by torchlight, a cut padlock and chain lying on the floor. No text, no dates, no numbers, no labels, no borders, no watermarks.",,
horn-of-africa-famine,"Search the web for reference artworks and historical records of ""Horn of Africa Famine"" (2011). Study the early 2010s Somali refugee camps, dress and relief-aid distribution scenes of this period.","A dramatic chiaroscuro oil painting. 1:1 square composition optimized for small screen viewing. One dominant focal subject filling most of the frame. Strong silhouettes, high contrast. Horn of Africa Famine — Drought and conflict combined to kill a quarter million people across Somalia and the surrounding Horn of Africa region. A mother and child waiting in a line of families at a food-aid distribution point, sacks of grain stacked under a canvas awning. No text, no dates, no numbers, no labels, no borders, no watermarks.",,
lagarde-leads-the-imf,"Search the web for reference artworks and historical records of ""Lagarde Takes Over the IMF"" (2011). Study the International Monetary Fund headquarters interiors and formal business dress of this period.","A dramatic chiaroscuro oil painting. 1:1 square composition optimized for small screen viewing. One dominant focal subject filling most of the frame. Strong silhouettes, high contrast. Lagarde Takes Over the IMF — Christine Lagarde became Managing Director of the International Monetary Fund, the first woman chosen to lead the institution. A hand signing a document at a glass topped desk in a modern office, a world map mounted on the wall behind. No text, no dates, no numbers, no labels, no borders, no watermarks.",,
kunsthal-rotterdam-art-heist,"Search the web for reference artworks and historical records of ""Kunsthal Rotterdam Art Heist"" (2012). Study the a contemporary Dutch gallery's rear emergency exit and hung modern paintings of this period.","A dramatic chiaroscuro oil painting. 1:1 square composition optimized for small screen viewing. One dominant focal subject filling most of the frame. Strong silhouettes, high contrast. Kunsthal Rotterdam Art Heist — Thieves broke into a Dutch gallery overnight and stole seven paintings by artists including Picasso, Monet and Matisse in minutes. A figure pulling a framed painting from a white gallery wall beside a propped-open rear exit door at night. No text, no dates, no numbers, no labels, no borders, no watermarks.",,
solar-impulse-2-circles-globe,"Search the web for reference artworks and historical records of ""Solar Impulse Circles the Globe"" (2015). Study the 2010s solar-powered aircraft design with wide, thin wings covered in solar cells of this period.","A dramatic chiaroscuro oil painting. 1:1 square composition optimized for small screen viewing. One dominant focal subject filling most of the frame. Strong silhouettes, high contrast. Solar Impulse Circles the Globe — Bertrand Piccard and Andre Borschberg flew a solar-powered plane around the world on sunlight alone, finishing in Abu Dhabi. An enormous thin-winged aircraft covered in solar cells gliding low over a runway at sunset. No text, no dates, no numbers, no labels, no borders, no watermarks.",,
hatton-garden-vault-burglary,"Search the web for reference artworks and historical records of ""Hatton Garden Vault Burglary"" (2015). Study the the Hatton Garden Safe Deposit vault interior and industrial drilling equipment of this period.","A dramatic chiaroscuro oil painting. 1:1 square composition optimized for small screen viewing. One dominant focal subject filling most of the frame. Strong silhouettes, high contrast. Hatton Garden Vault Burglary — A crew of elderly burglars drilled through a wall into a London safe deposit vault over a holiday weekend and cleared out dozens of boxes. Work-gloved hands guiding a heavy power drill through a thick concrete vault wall, dust and debris scattered below. No text, no dates, no numbers, no labels, no borders, no watermarks.",,
hamilton-opens-broadway,"Search the web for reference artworks and historical records of ""Hamilton Opens on Broadway"" (2015). Study the the Broadway production's Revolutionary-era costume against its bare wooden turntable set of this period.","A dramatic chiaroscuro oil painting. 1:1 square composition optimized for small screen viewing. One dominant focal subject filling most of the frame. Strong silhouettes, high contrast. Hamilton Opens on Broadway — A hip hop musical about an American founding father transferred to Broadway after an earlier off-Broadway run, becoming a cultural phenomenon. Performers in Revolutionary-era coats and breeches standing on a bare wooden turntable stage, quill pens and ledger books scattered at its edge. No text, no dates, no numbers, no labels, no borders, no watermarks.",,
mosul-libraries-destroyed,"Search the web for reference artworks and historical records of ""Mosul Libraries Destroyed"" (2015). Study the 2010s Mosul university library interiors and the aftermath of deliberate book burning of this period.","A dramatic chiaroscuro oil painting. 1:1 square composition optimized for small screen viewing. One dominant focal subject filling most of the frame. Strong silhouettes, high contrast. Mosul Libraries Destroyed — Fighters occupying an Iraqi city burned its libraries, including a university's collection, as part of a wider campaign of destruction. Charred books scattered across a library floor beneath a blackened, smoke-stained ceiling. No text, no dates, no numbers, no labels, no borders, no watermarks.",,
bangladesh-bank-cyber-heist,"Search the web for reference artworks and historical records of ""Bangladesh Bank Cyber Heist"" (2016). Study the a central bank's computer server room and banking terminal interiors of this period.","A dramatic chiaroscuro oil painting. 1:1 square composition optimized for small screen viewing. One dominant focal subject filling most of the frame. Strong silhouettes, high contrast. Bangladesh Bank Cyber Heist — Hackers used fraudulent messages on a global banking network to try to steal nearly a billion dollars from a central bank's reserves. Hands typing at a bank terminal keyboard in a dim server room, rows of blinking network equipment lining the walls. No text, no dates, no numbers, no labels, no borders, no watermarks.",,
battle-to-retake-mosul,"Search the web for reference artworks and historical records of ""Battle to Retake Mosul"" (2016). Study the 2016 era urban combat gear and the narrow streets of old Mosul of this period.","A dramatic chiaroscuro oil painting. 1:1 square composition optimized for small screen viewing. One dominant focal subject filling most of the frame. Strong silhouettes, high contrast. Battle to Retake Mosul — Iraqi and coalition forces surrounded an Islamic State stronghold and fought street by street for months to retake the city. Soldiers advancing cautiously along a rubble strewn narrow street between damaged buildings, smoke drifting overhead. No text, no dates, no numbers, no labels, no borders, no watermarks.",,
south-sudan-famine-declared,"Search the web for reference artworks and historical records of ""Famine Declared in South Sudan"" (2017). Study the 2017 South Sudanese wetland villages, dress and UN relief operations of this period.","A dramatic chiaroscuro oil painting. 1:1 square composition optimized for small screen viewing. One dominant focal subject filling most of the frame. Strong silhouettes, high contrast. Famine Declared in South Sudan — The United Nations declared its first famine in six years amid civil war, striking parts of Unity state in South Sudan. Aid workers unloading sacks of grain from a small boat onto a reed-lined riverbank in a flooded village. No text, no dates, no numbers, no labels, no borders, no watermarks.",,
somali-hijackings-fall-to-zero,"Search the web for reference artworks and historical records of ""Somali Hijackings Fall to Zero"" (2017). Study the Modern naval patrol vessels and calm Indian Ocean shipping lanes off Somalia of this period.","A dramatic chiaroscuro oil painting. 1:1 square composition optimized for small screen viewing. One dominant focal subject filling most of the frame. Strong silhouettes, high contrast. Somali Hijackings Fall to Zero — For the first time since the surge began, a full year passed with no successful pirate hijacking of a large merchant vessel off the Somali coast. A naval patrol boat crew scanning calm open water at sunrise, merchant ships passing safely in the distance. No text, no dates, no numbers, no labels, no borders, no watermarks.",,
yemen-famine-crisis,"Search the web for reference artworks and historical records of ""Yemen's Famine Crisis"" (2018). Study the late 2010s Yemeni port cities, dress and blockade-era shipping of this period.","A dramatic chiaroscuro oil painting. 1:1 square composition optimized for small screen viewing. One dominant focal subject filling most of the frame. Strong silhouettes, high contrast. Yemen's Famine Crisis — Blockade and civil war pushed parts of Yemen toward famine, in what the United Nations called the worst humanitarian crisis. Dockworkers standing beside empty pallets on a quiet, blockaded harbor, a lone cargo ship anchored far offshore. No text, no dates, no numbers, no labels, no borders, no watermarks.",,
dresden-green-vault-heist,"Search the web for reference artworks and historical records of ""Dresden Green Vault Heist"" (2019). Study the the Dresden Green Vault's jewel displays and 18th-century treasury cases of this period.","A dramatic chiaroscuro oil painting. 1:1 square composition optimized for small screen viewing. One dominant focal subject filling most of the frame. Strong silhouettes, high contrast. Dresden Green Vault Heist — Thieves broke into a Dresden museum's historic jewel collection overnight and stole eighteenth century treasures worth tens of millions of euros. A gloved hand reaching into a shattered glass display case to lift a diamond-studded jeweled ornament from its stand. No text, no dates, no numbers, no labels, no borders, no watermarks.",,
harris-becomes-vice-president,"Search the web for reference artworks and historical records of ""Harris Becomes Vice President"" (2021). Study the 2021 US inauguration ceremony dress and Capitol steps setting of this period.","A dramatic chiaroscuro oil painting. 1:1 square composition optimized for small screen viewing. One dominant focal subject filling most of the frame. Strong silhouettes, high contrast. Harris Becomes Vice President — Kamala Harris was inaugurated Vice President of the United States, becoming the first woman elected to hold that office. A hand resting on a stack of bibles during a swearing in on an outdoor stage, a crowd seated on either side. No text, no dates, no numbers, no labels, no borders, no watermarks.",,
yara-birkeland-launches,"Search the web for reference artworks and historical records of ""Yara Birkeland Launches"" (2021). Study the modern Norwegian autonomous electric container ship design of this period.","A dramatic chiaroscuro oil painting. 1:1 square composition optimized for small screen viewing. One dominant focal subject filling most of the frame. Strong silhouettes, high contrast. Yara Birkeland Launches — Norway launched Yara Birkeland, the first fully electric, autonomous container ship, designed to sail without fuel or a crew aboard. A crewless container ship's bridge showing banks of screens and sensors, containers stacked on deck beyond the windows. No text, no dates, no numbers, no labels, no borders, no watermarks.",,
